Timestamp,WKA,Pe
2015-01-05 00:00:00,4.5,22.34
2015-01-05 01:00:00,3.5,17.93
2015-01-05 02:00:00,4.9,15.17
2015-01-05 03:00:00,6.2,16.38
2015-01-05 04:00:00,6.6,17.38
2015-01-05 05:00:00,7.1,16.38
2015-01-05 06:00:00,6.9,26.61
2015-01-05 07:00:00,7.6,37.63
2015-01-05 08:00:00,7.9,39.09
2015-01-05 09:00:00,8.0,41.51
2015-01-05 10:00:00,8.1,40.46
2015-01-05 11:00:00,7.2,40.97
2015-01-05 12:00:00,8.5,40.72
2015-01-05 13:00:00,8.7,41.92
2015-01-05 14:00:00,8.3,42.0
2015-01-05 15:00:00,7.9,43.1
2015-01-05 16:00:00,7.2,46.7
2015-01-05 17:00:00,6.0,56.78
2015-01-05 18:00:00,5.3,58.84
2015-01-05 19:00:00,5.2,49.23
2015-01-05 20:00:00,3.8,44.32
2015-01-05 21:00:00,3.5,40.0
2015-01-05 22:00:00,2.8,35.08
2015-01-05 23:00:00,3.2,30.03
2015-01-06 00:00:00,2.9,30.02
2015-01-06 01:00:00,2.7,30.57
2015-01-06 02:00:00,1.8,30.25
2015-01-06 03:00:00,1.8,30.29
2015-01-06 04:00:00,1.8,30.63
2015-01-06 05:00:00,1.0,29.64
2015-01-06 06:00:00,1.2,29.67
2015-01-06 07:00:00,1.5,38.82
2015-01-06 08:00:00,1.4,40.76
2015-01-06 09:00:00,1.5,40.02
2015-01-06 10:00:00,2.6,33.99
2015-01-06 11:00:00,2.2,31.22
2015-01-06 12:00:00,3.3,30.06
2015-01-06 13:00:00,3.1,29.99
2015-01-06 14:00:00,3.7,30.73
2015-01-06 15:00:00,3.3,37.38
2015-01-06 16:00:00,3.2,40.32
2015-01-06 17:00:00,3.5,45.96
2015-01-06 18:00:00,3.9,45.71
2015-01-06 19:00:00,3.7,39.57
2015-01-06 20:00:00,4.2,32.92
2015-01-06 21:00:00,4.0,29.15
2015-01-06 22:00:00,3.8,28.46
2015-01-06 23:00:00,3.8,26.97
2015-01-07 00:00:00,3.2,24.97
2015-01-07 01:00:00,3.0,24.65
2015-01-07 02:00:00,3.4,24.68
2015-01-07 03:00:00,3.4,25.06
2015-01-07 04:00:00,3.5,26.1
2015-01-07 05:00:00,3.3,26.95
2015-01-07 06:00:00,3.3,31.43
2015-01-07 07:00:00,2.9,45.98
2015-01-07 08:00:00,2.1,47.91
2015-01-07 09:00:00,2.1,48.91
2015-01-07 10:00:00,3.1,50.0
2015-01-07 11:00:00,3.4,51.22
2015-01-07 12:00:00,3.7,50.15
2015-01-07 13:00:00,4.3,51.46
2015-01-07 14:00:00,4.5,50.88
2015-01-07 15:00:00,4.4,48.0
2015-01-07 16:00:00,3.8,47.14
2015-01-07 17:00:00,3.8,51.07
2015-01-07 18:00:00,3.1,47.42
2015-01-07 19:00:00,4.1,44.83
2015-01-07 20:00:00,4.0,33.86
2015-01-07 21:00:00,4.1,27.42
2015-01-07 22:00:00,4.1,27.02
2015-01-07 23:00:00,3.5,22.11
2015-01-08 00:00:00,4.1,21.92
2015-01-08 01:00:00,4.5,19.35
2015-01-08 02:00:00,3.3,16.11
2015-01-08 03:00:00,2.5,14.93
2015-01-08 04:00:00,2.5,15.0
2015-01-08 05:00:00,2.5,19.04
2015-01-08 06:00:00,2.4,26.17
2015-01-08 07:00:00,2.2,38.34
2015-01-08 08:00:00,2.0,37.7
2015-01-08 09:00:00,2.2,32.99
2015-01-08 10:00:00,3.9,31.95
2015-01-08 11:00:00,3.0,33.59
2015-01-08 12:00:00,4.3,34.37
2015-01-08 13:00:00,4.1,35.08
2015-01-08 14:00:00,3.1,34.45
2015-01-08 15:00:00,3.3,38.12
2015-01-08 16:00:00,2.7,32.47
2015-01-08 17:00:00,3.4,36.49
2015-01-08 18:00:00,3.4,31.82
2015-01-08 19:00:00,3.0,32.93
2015-01-08 20:00:00,4.4,29.44
2015-01-08 21:00:00,7.5,28.62
2015-01-08 22:00:00,8.0,26.71
2015-01-08 23:00:00,10.1,15.93
2015-01-09 00:00:00,10.2,11.55
2015-01-09 01:00:00,8.1,13.47
2015-01-09 02:00:00,8.7,11.23
2015-01-09 03:00:00,7.9,9.37
2015-01-09 04:00:00,7.1,10.33
2015-01-09 05:00:00,6.0,10.57
2015-01-09 06:00:00,7.2,20.08
2015-01-09 07:00:00,7.9,34.24
2015-01-09 08:00:00,7.3,29.99
2015-01-09 09:00:00,8.4,28.33
2015-01-09 10:00:00,7.9,28.51
2015-01-09 11:00:00,10.4,31.69
2015-01-09 12:00:00,12.1,31.11
2015-01-09 13:00:00,13.0,29.95
2015-01-09 14:00:00,12.7,29.17
2015-01-09 15:00:00,13.0,29.47
2015-01-09 16:00:00,14.0,30.09
2015-01-09 17:00:00,11.8,33.47
2015-01-09 18:00:00,12.9,32.78
2015-01-09 19:00:00,11.2,33.47
2015-01-09 20:00:00,8.6,30.11
2015-01-09 21:00:00,9.5,26.69
2015-01-09 22:00:00,7.8,21.64
2015-01-09 23:00:00,8.2,14.72
2015-01-10 00:00:00,7.3,17.1
2015-01-10 01:00:00,7.3,12.93
2015-01-10 02:00:00,5.9,13.7
2015-01-10 03:00:00,5.3,11.01
2015-01-10 04:00:00,5.3,9.08
2015-01-10 05:00:00,4.7,9.28
2015-01-10 06:00:00,8.0,7.19
2015-01-10 07:00:00,9.1,9.31
2015-01-10 08:00:00,9.6,11.35
2015-01-10 09:00:00,9.5,15.87
2015-01-10 10:00:00,8.6,15.84
2015-01-10 11:00:00,9.2,14.83
2015-01-10 12:00:00,12.2,15.83
2015-01-10 13:00:00,12.7,14.85
2015-01-10 14:00:00,13.9,11.42
2015-01-10 15:00:00,12.7,11.34
2015-01-10 16:00:00,12.8,14.15
2015-01-10 17:00:00,12.3,17.09
2015-01-10 18:00:00,12.9,18.87
2015-01-10 19:00:00,10.2,13.44
2015-01-10 20:00:00,10.0,15.82
2015-01-10 21:00:00,11.1,11.51
2015-01-10 22:00:00,9.7,11.81
2015-01-10 23:00:00,10.5,5.08
2015-01-11 00:00:00,9.9,0.05
2015-01-11 01:00:00,9.7,-2.06
2015-01-11 02:00:00,8.6,-4.11
2015-01-11 03:00:00,9.2,-5.06
2015-01-11 04:00:00,8.1,-4.12
2015-01-11 05:00:00,8.4,-0.74
2015-01-11 06:00:00,7.7,-25.02
2015-01-11 07:00:00,7.8,-16.94
2015-01-11 08:00:00,8.1,-6.86
2015-01-11 09:00:00,9.0,1.53
2015-01-11 10:00:00,9.9,5.61
2015-01-11 11:00:00,11.3,9.91
2015-01-11 12:00:00,11.5,8.71
2015-01-11 13:00:00,12.0,-0.09
2015-01-11 14:00:00,10.0,-0.07
2015-01-11 15:00:00,9.6,-1.8
2015-01-11 16:00:00,9.8,0.61
2015-01-11 17:00:00,8.1,13.51
2015-01-11 18:00:00,10.5,11.44
2015-01-11 19:00:00,10.1,14.88
2015-01-11 20:00:00,9.9,9.63
2015-01-11 21:00:00,9.3,9.29
2015-01-11 22:00:00,9.2,10.18
2015-01-11 23:00:00,6.4,-2.0
2015-01-12 00:00:00,6.7,9.3
2015-01-12 01:00:00,7.2,2.87
2015-01-12 02:00:00,5.6,0.09
2015-01-12 03:00:00,7.1,0.26
2015-01-12 04:00:00,7.1,2.83
2015-01-12 05:00:00,6.9,10.4
2015-01-12 06:00:00,8.1,20.03
2015-01-12 07:00:00,6.8,44.95
2015-01-12 08:00:00,7.5,44.92
2015-01-12 09:00:00,7.6,36.33
2015-01-12 10:00:00,7.0,30.41
2015-01-12 11:00:00,7.7,30.07
2015-01-12 12:00:00,8.3,29.33
2015-01-12 13:00:00,8.2,29.39
2015-01-12 14:00:00,8.9,28.98
2015-01-12 15:00:00,9.3,29.49
2015-01-12 16:00:00,9.0,28.99
2015-01-12 17:00:00,9.3,34.41
2015-01-12 18:00:00,9.2,31.69
2015-01-12 19:00:00,9.3,29.59
2015-01-12 20:00:00,9.1,27.61
2015-01-12 21:00:00,8.2,15.55
2015-01-12 22:00:00,8.6,14.91
2015-01-12 23:00:00,8.8,9.1
2015-01-13 00:00:00,8.4,9.27
2015-01-13 01:00:00,7.2,10.42
2015-01-13 02:00:00,7.7,11.16
2015-01-13 03:00:00,7.5,10.71
2015-01-13 04:00:00,6.6,11.26
2015-01-13 05:00:00,6.3,11.69
2015-01-13 06:00:00,6.1,21.05
2015-01-13 07:00:00,5.8,32.37
2015-01-13 08:00:00,6.9,34.21
2015-01-13 09:00:00,5.2,28.47
2015-01-13 10:00:00,6.9,26.07
2015-01-13 11:00:00,7.6,23.74
2015-01-13 12:00:00,7.9,23.73
2015-01-13 13:00:00,8.8,23.76
2015-01-13 14:00:00,9.8,25.62
2015-01-13 15:00:00,7.5,28.91
2015-01-13 16:00:00,4.6,34.13
2015-01-13 17:00:00,4.2,42.16
2015-01-13 18:00:00,4.0,41.99
2015-01-13 19:00:00,5.7,37.91
2015-01-13 20:00:00,6.4,31.41
2015-01-13 21:00:00,6.4,29.91
2015-01-13 22:00:00,7.1,27.02
2015-01-13 23:00:00,7.1,18.36
2015-01-14 00:00:00,7.1,13.25
2015-01-14 01:00:00,7.5,15.02
2015-01-14 02:00:00,5.2,11.99
2015-01-14 03:00:00,5.0,13.68
2015-01-14 04:00:00,2.7,13.91
2015-01-14 05:00:00,2.3,16.26
2015-01-14 06:00:00,4.1,27.32
2015-01-14 07:00:00,4.9,31.62
2015-01-14 08:00:00,5.1,34.74
2015-01-14 09:00:00,7.4,32.41
2015-01-14 10:00:00,9.5,29.71
2015-01-14 11:00:00,7.1,30.32
2015-01-14 12:00:00,6.5,29.7
2015-01-14 13:00:00,6.9,29.28
2015-01-14 14:00:00,5.9,30.63
2015-01-14 15:00:00,6.0,35.61
2015-01-14 16:00:00,4.9,37.8
2015-01-14 17:00:00,4.7,44.69
2015-01-14 18:00:00,3.6,43.23
2015-01-14 19:00:00,3.7,34.51
2015-01-14 20:00:00,4.9,29.44
2015-01-14 21:00:00,5.1,27.96
2015-01-14 22:00:00,5.2,23.73
2015-01-14 23:00:00,6.6,16.29
2015-01-15 00:00:00,6.7,24.36
2015-01-15 01:00:00,5.5,21.59
2015-01-15 02:00:00,4.4,15.46
2015-01-15 03:00:00,2.8,15.44
2015-01-15 04:00:00,2.4,15.43
2015-01-15 05:00:00,2.7,15.47
2015-01-15 06:00:00,3.2,27.69
2015-01-15 07:00:00,3.3,33.89
2015-01-15 08:00:00,4.8,34.79
2015-01-15 09:00:00,4.8,30.9
2015-01-15 10:00:00,5.1,29.97
2015-01-15 11:00:00,5.0,29.42
2015-01-15 12:00:00,5.0,27.02
2015-01-15 13:00:00,5.6,26.18
2015-01-15 14:00:00,6.1,26.53
2015-01-15 15:00:00,6.4,28.21
2015-01-15 16:00:00,5.0,29.37
2015-01-15 17:00:00,5.2,32.54
2015-01-15 18:00:00,5.2,32.67
2015-01-15 19:00:00,5.1,30.49
2015-01-15 20:00:00,5.6,28.32
2015-01-15 21:00:00,5.4,22.05
2015-01-15 22:00:00,4.7,19.01
2015-01-15 23:00:00,5.1,12.01
2015-01-16 00:00:00,5.4,9.78
2015-01-16 01:00:00,4.8,11.64
2015-01-16 02:00:00,5.3,9.72
2015-01-16 03:00:00,5.0,10.56
2015-01-16 04:00:00,4.1,14.11
2015-01-16 05:00:00,4.3,16.02
2015-01-16 06:00:00,3.6,24.71
2015-01-16 07:00:00,3.1,34.04
2015-01-16 08:00:00,3.1,37.71
2015-01-16 09:00:00,3.7,36.92
2015-01-16 10:00:00,4.3,37.99
2015-01-16 11:00:00,4.3,39.97
2015-01-16 12:00:00,4.1,39.95
2015-01-16 13:00:00,3.9,40.02
2015-01-16 14:00:00,4.2,41.83
2015-01-16 15:00:00,3.8,44.05
2015-01-16 16:00:00,3.3,47.1
2015-01-16 17:00:00,2.0,52.49
2015-01-16 18:00:00,1.1,53.54
2015-01-16 19:00:00,0.8,48.02
2015-01-16 20:00:00,0.9,41.51
2015-01-16 21:00:00,1.2,37.92
2015-01-16 22:00:00,0.6,35.64
2015-01-16 23:00:00,1.0,28.79
2015-01-17 00:00:00,1.1,29.03
2015-01-17 01:00:00,0.5,27.47
2015-01-17 02:00:00,0.7,28.06
2015-01-17 03:00:00,1.1,27.92
2015-01-17 04:00:00,0.7,27.05
2015-01-17 05:00:00,2.8,27.24
2015-01-17 06:00:00,4.4,27.34
2015-01-17 07:00:00,4.7,27.74
2015-01-17 08:00:00,3.3,29.73
2015-01-17 09:00:00,2.3,35.05
2015-01-17 10:00:00,2.1,38.81
2015-01-17 11:00:00,3.9,38.89
2015-01-17 12:00:00,4.3,34.99
2015-01-17 13:00:00,4.1,31.96
2015-01-17 14:00:00,3.9,30.07
2015-01-17 15:00:00,2.7,31.27
2015-01-17 16:00:00,1.4,33.84
2015-01-17 17:00:00,2.7,42.44
2015-01-17 18:00:00,1.8,44.9
2015-01-17 19:00:00,0.8,34.24
2015-01-17 20:00:00,0.8,28.95
2015-01-17 21:00:00,1.1,27.02
2015-01-17 22:00:00,1.1,27.46
2015-01-17 23:00:00,0.6,24.5
2015-01-18 00:00:00,0.9,23.35
2015-01-18 01:00:00,0.7,21.19
2015-01-18 02:00:00,1.1,22.24
2015-01-18 03:00:00,0.6,22.31
2015-01-18 04:00:00,0.8,22.32
2015-01-18 05:00:00,1.6,22.11
2015-01-18 06:00:00,1.3,14.12
2015-01-18 07:00:00,1.6,15.17
2015-01-18 08:00:00,1.3,19.07
2015-01-18 09:00:00,1.7,24.94
2015-01-18 10:00:00,1.8,27.2
2015-01-18 11:00:00,1.6,28.22
2015-01-18 12:00:00,2.6,28.15
2015-01-18 13:00:00,2.6,27.85
2015-01-18 14:00:00,2.7,28.17
2015-01-18 15:00:00,2.6,29.91
2015-01-18 16:00:00,2.5,30.44
2015-01-18 17:00:00,2.2,38.42
2015-01-18 18:00:00,2.1,42.46
2015-01-18 19:00:00,1.7,39.8
2015-01-18 20:00:00,0.6,30.54
2015-01-18 21:00:00,1.4,30.4
2015-01-18 22:00:00,1.6,31.0
2015-01-18 23:00:00,1.7,28.42
2015-01-19 00:00:00,2.1,27.92
2015-01-19 01:00:00,1.8,27.76
2015-01-19 02:00:00,1.6,28.25
2015-01-19 03:00:00,1.7,28.41
2015-01-19 04:00:00,1.4,28.07
2015-01-19 05:00:00,0.9,29.63
2015-01-19 06:00:00,1.7,42.87
2015-01-19 07:00:00,1.4,52.07
2015-01-19 08:00:00,1.3,56.49
2015-01-19 09:00:00,0.9,52.38
2015-01-19 10:00:00,2.5,48.84
2015-01-19 11:00:00,3.4,47.95
2015-01-19 12:00:00,3.2,44.97
2015-01-19 13:00:00,2.5,47.95
2015-01-19 14:00:00,2.4,47.72
2015-01-19 15:00:00,2.2,47.43
2015-01-19 16:00:00,1.9,48.19
2015-01-19 17:00:00,1.7,52.16
2015-01-19 18:00:00,1.9,56.26
2015-01-19 19:00:00,2.4,52.96
2015-01-19 20:00:00,3.0,45.0
2015-01-19 21:00:00,2.5,40.0
2015-01-19 22:00:00,2.4,37.53
2015-01-19 23:00:00,2.4,31.07
2015-01-20 00:00:00,2.5,31.93
2015-01-20 01:00:00,2.4,31.08
2015-01-20 02:00:00,2.2,29.92
2015-01-20 03:00:00,2.2,29.97
2015-01-20 04:00:00,2.1,31.02
2015-01-20 05:00:00,1.6,34.81
2015-01-20 06:00:00,1.6,39.4
2015-01-20 07:00:00,1.8,53.39
2015-01-20 08:00:00,2.0,58.88
2015-01-20 09:00:00,2.4,58.8
2015-01-20 10:00:00,2.1,57.34
2015-01-20 11:00:00,2.8,57.46
2015-01-20 12:00:00,2.3,53.53
2015-01-20 13:00:00,1.8,52.93
2015-01-20 14:00:00,0.8,52.38
2015-01-20 15:00:00,0.4,52.1
2015-01-20 16:00:00,0.6,51.04
2015-01-20 17:00:00,0.5,58.55
2015-01-20 18:00:00,1.2,66.65
2015-01-20 19:00:00,1.3,56.02
2015-01-20 20:00:00,1.2,50.01
2015-01-20 21:00:00,1.3,42.73
2015-01-20 22:00:00,1.2,42.02
2015-01-20 23:00:00,1.8,36.93
2015-01-21 00:00:00,3.0,31.08
2015-01-21 01:00:00,3.5,32.07
2015-01-21 02:00:00,3.5,31.53
2015-01-21 03:00:00,3.7,31.2
2015-01-21 04:00:00,2.7,33.27
2015-01-21 05:00:00,3.3,35.07
2015-01-21 06:00:00,3.2,43.71
2015-01-21 07:00:00,2.2,54.12
2015-01-21 08:00:00,2.0,58.39
2015-01-21 09:00:00,1.5,56.6
2015-01-21 10:00:00,0.9,54.96
2015-01-21 11:00:00,0.9,53.99
2015-01-21 12:00:00,0.8,48.49
2015-01-21 13:00:00,2.1,49.59
2015-01-21 14:00:00,2.0,48.0
2015-01-21 15:00:00,1.9,50.0
2015-01-21 16:00:00,3.2,51.02
2015-01-21 17:00:00,2.9,55.47
2015-01-21 18:00:00,2.4,57.1
2015-01-21 19:00:00,2.0,51.95
2015-01-21 20:00:00,2.5,43.22
2015-01-21 21:00:00,2.0,38.98
2015-01-21 22:00:00,2.3,38.38
2015-01-21 23:00:00,2.6,31.51
2015-01-22 00:00:00,2.9,29.67
2015-01-22 01:00:00,2.3,29.93
2015-01-22 02:00:00,2.5,29.0
2015-01-22 03:00:00,3.3,28.96
2015-01-22 04:00:00,2.9,29.38
2015-01-22 05:00:00,3.1,31.09
2015-01-22 06:00:00,2.5,36.92
2015-01-22 07:00:00,1.9,48.42
2015-01-22 08:00:00,1.9,53.79
2015-01-22 09:00:00,2.4,50.52
2015-01-22 10:00:00,2.8,50.53
2015-01-22 11:00:00,2.6,49.89
2015-01-22 12:00:00,2.5,52.44
2015-01-22 13:00:00,2.6,54.01
2015-01-22 14:00:00,3.1,51.54
2015-01-22 15:00:00,2.5,49.99
2015-01-22 16:00:00,2.3,51.99
2015-01-22 17:00:00,2.1,59.2
2015-01-22 18:00:00,2.2,56.99
2015-01-22 19:00:00,2.5,53.81
2015-01-22 20:00:00,2.7,45.57
2015-01-22 21:00:00,2.8,39.86
2015-01-22 22:00:00,1.8,37.26
2015-01-22 23:00:00,1.6,30.96
2015-01-23 00:00:00,1.7,31.18
2015-01-23 01:00:00,1.7,29.97
2015-01-23 02:00:00,2.0,28.86
2015-01-23 03:00:00,2.3,28.78
2015-01-23 04:00:00,2.5,29.39
2015-01-23 05:00:00,2.0,32.49
2015-01-23 06:00:00,2.0,37.52
2015-01-23 07:00:00,2.4,54.28
2015-01-23 08:00:00,2.9,53.56
2015-01-23 09:00:00,3.0,57.68
2015-01-23 10:00:00,2.5,56.97
2015-01-23 11:00:00,2.7,55.75
2015-01-23 12:00:00,2.1,49.94
2015-01-23 13:00:00,2.4,47.77
2015-01-23 14:00:00,2.4,46.58
2015-01-23 15:00:00,2.4,44.09
2015-01-23 16:00:00,2.1,45.18
2015-01-23 17:00:00,2.0,49.98
2015-01-23 18:00:00,1.5,47.99
2015-01-23 19:00:00,1.5,46.98
2015-01-23 20:00:00,1.6,41.48
2015-01-23 21:00:00,1.9,35.12
2015-01-23 22:00:00,1.9,34.21
2015-01-23 23:00:00,1.6,31.14
2015-01-24 00:00:00,1.5,28.5
2015-01-24 01:00:00,1.9,27.04
2015-01-24 02:00:00,0.7,24.44
2015-01-24 03:00:00,0.6,24.29
2015-01-24 04:00:00,0.7,25.93
2015-01-24 05:00:00,1.5,24.99
2015-01-24 06:00:00,1.7,23.94
2015-01-24 07:00:00,1.8,24.26
2015-01-24 08:00:00,1.7,27.6
2015-01-24 09:00:00,1.8,29.53
2015-01-24 10:00:00,1.9,30.26
2015-01-24 11:00:00,1.8,37.81
2015-01-24 12:00:00,1.9,37.27
2015-01-24 13:00:00,2.0,34.37
2015-01-24 14:00:00,1.9,30.07
2015-01-24 15:00:00,1.5,30.25
2015-01-24 16:00:00,1.9,34.52
2015-01-24 17:00:00,1.5,36.09
2015-01-24 18:00:00,1.5,37.86
2015-01-24 19:00:00,1.3,34.56
2015-01-24 20:00:00,2.0,30.04
2015-01-24 21:00:00,2.5,27.97
2015-01-24 22:00:00,2.8,28.11
2015-01-24 23:00:00,3.5,24.99
2015-01-25 00:00:00,3.2,23.26
2015-01-25 01:00:00,2.9,22.13
2015-01-25 02:00:00,3.0,19.04
2015-01-25 03:00:00,3.6,19.91
2015-01-25 04:00:00,3.7,21.49
2015-01-25 05:00:00,4.2,21.75
2015-01-25 06:00:00,4.4,19.82
2015-01-25 07:00:00,4.4,22.35
2015-01-25 08:00:00,4.3,24.64
2015-01-25 09:00:00,4.1,28.03
2015-01-25 10:00:00,3.7,29.94
2015-01-25 11:00:00,4.3,36.65
2015-01-25 12:00:00,4.5,31.99
2015-01-25 13:00:00,3.6,29.25
2015-01-25 14:00:00,3.9,29.13
2015-01-25 15:00:00,4.0,29.26
2015-01-25 16:00:00,3.2,30.29
2015-01-25 17:00:00,2.7,36.5
2015-01-25 18:00:00,2.8,40.96
2015-01-25 19:00:00,2.4,39.03
2015-01-25 20:00:00,1.6,34.92
2015-01-25 21:00:00,0.8,30.2
2015-01-25 22:00:00,0.4,29.99
2015-01-25 23:00:00,0.9,28.07
2015-01-26 00:00:00,1.0,26.93
2015-01-26 01:00:00,1.3,26.13
2015-01-26 02:00:00,0.8,25.54
2015-01-26 03:00:00,1.1,25.41
2015-01-26 04:00:00,0.9,25.8
2015-01-26 05:00:00,1.0,27.1
2015-01-26 06:00:00,1.5,41.94
2015-01-26 07:00:00,1.3,55.16
2015-01-26 08:00:00,1.6,53.22
2015-01-26 09:00:00,2.0,47.28
2015-01-26 10:00:00,2.4,45.28
2015-01-26 11:00:00,2.7,47.43
2015-01-26 12:00:00,2.7,46.22
2015-01-26 13:00:00,3.5,46.0
2015-01-26 14:00:00,3.8,42.47
2015-01-26 15:00:00,3.5,42.44
2015-01-26 16:00:00,3.2,39.76
2015-01-26 17:00:00,3.4,44.92
2015-01-26 18:00:00,3.6,44.03
2015-01-26 19:00:00,3.3,36.98
2015-01-26 20:00:00,3.2,30.34
2015-01-26 21:00:00,3.6,28.49
2015-01-26 22:00:00,3.1,27.15
2015-01-26 23:00:00,3.7,24.05
2015-01-27 00:00:00,5.2,20.36
2015-01-27 01:00:00,5.9,16.31
2015-01-27 02:00:00,5.9,16.95
2015-01-27 03:00:00,5.7,16.34
2015-01-27 04:00:00,6.7,19.92
2015-01-27 05:00:00,7.4,22.92
2015-01-27 06:00:00,5.6,27.57
2015-01-27 07:00:00,6.6,34.27
2015-01-27 08:00:00,6.4,35.92
2015-01-27 09:00:00,5.9,36.97
2015-01-27 10:00:00,6.3,36.94
2015-01-27 11:00:00,5.7,38.33
2015-01-27 12:00:00,6.3,37.93
2015-01-27 13:00:00,7.0,38.19
2015-01-27 14:00:00,5.7,39.14
2015-01-27 15:00:00,5.8,40.96
2015-01-27 16:00:00,5.2,38.93
2015-01-27 17:00:00,4.3,50.65
2015-01-27 18:00:00,4.4,46.31
2015-01-27 19:00:00,4.6,42.26
2015-01-27 20:00:00,4.0,40.0
2015-01-27 21:00:00,4.2,35.23
2015-01-27 22:00:00,4.3,30.28
2015-01-27 23:00:00,4.9,27.8
2015-01-28 00:00:00,4.6,26.97
2015-01-28 01:00:00,5.2,26.59
2015-01-28 02:00:00,5.5,25.93
2015-01-28 03:00:00,4.4,25.27
2015-01-28 04:00:00,4.7,25.75
2015-01-28 05:00:00,4.0,25.94
2015-01-28 06:00:00,3.3,34.25
2015-01-28 07:00:00,3.5,44.31
2015-01-28 08:00:00,4.1,42.86
2015-01-28 09:00:00,3.6,33.96
2015-01-28 10:00:00,4.2,33.11
2015-01-28 11:00:00,4.3,29.72
2015-01-28 12:00:00,6.1,27.85
2015-01-28 13:00:00,5.6,27.63
2015-01-28 14:00:00,5.1,27.03
2015-01-28 15:00:00,5.7,26.59
2015-01-28 16:00:00,4.6,27.0
2015-01-28 17:00:00,3.0,29.95
2015-01-28 18:00:00,4.1,28.62
2015-01-28 19:00:00,4.4,28.01
2015-01-28 20:00:00,4.8,25.47
2015-01-28 21:00:00,4.7,21.69
2015-01-28 22:00:00,5.9,16.96
2015-01-28 23:00:00,4.6,14.9
2015-01-29 00:00:00,3.7,9.98
2015-01-29 01:00:00,4.3,10.74
2015-01-29 02:00:00,6.8,9.21
2015-01-29 03:00:00,5.7,9.37
2015-01-29 04:00:00,6.3,11.84
2015-01-29 05:00:00,5.8,13.37
2015-01-29 06:00:00,5.7,26.2
2015-01-29 07:00:00,5.4,30.0
2015-01-29 08:00:00,5.5,32.12
2015-01-29 09:00:00,5.7,28.89
2015-01-29 10:00:00,6.0,28.81
2015-01-29 11:00:00,7.6,29.81
2015-01-29 12:00:00,8.1,28.63
2015-01-29 13:00:00,7.6,28.56
2015-01-29 14:00:00,5.1,29.18
2015-01-29 15:00:00,5.8,33.82
2015-01-29 16:00:00,3.9,32.45
2015-01-29 17:00:00,3.6,41.35
2015-01-29 18:00:00,3.1,39.73
2015-01-29 19:00:00,2.9,39.0
2015-01-29 20:00:00,3.5,33.41
2015-01-29 21:00:00,3.4,29.09
2015-01-29 22:00:00,4.3,28.74
2015-01-29 23:00:00,4.2,25.4
2015-01-30 00:00:00,3.6,26.6
2015-01-30 01:00:00,4.3,25.61
2015-01-30 02:00:00,3.8,26.42
2015-01-30 03:00:00,4.0,24.74
2015-01-30 04:00:00,5.3,23.89
2015-01-30 05:00:00,4.3,26.07
2015-01-30 06:00:00,4.2,36.41
2015-01-30 07:00:00,3.5,48.76
2015-01-30 08:00:00,3.2,49.19
2015-01-30 09:00:00,3.1,46.35
2015-01-30 10:00:00,3.0,49.51
2015-01-30 11:00:00,2.9,47.47
2015-01-30 12:00:00,3.5,46.0
2015-01-30 13:00:00,6.8,44.95
2015-01-30 14:00:00,7.4,43.24
2015-01-30 15:00:00,5.5,43.71
2015-01-30 16:00:00,3.1,44.0
2015-01-30 17:00:00,2.9,46.69
2015-01-30 18:00:00,3.5,48.26
2015-01-30 19:00:00,2.7,43.11
2015-01-30 20:00:00,3.7,40.04
2015-01-30 21:00:00,4.2,30.17
2015-01-30 22:00:00,4.1,29.5
2015-01-30 23:00:00,4.6,27.01
2015-01-31 00:00:00,4.3,27.92
2015-01-31 01:00:00,4.7,26.5
2015-01-31 02:00:00,6.1,26.4
2015-01-31 03:00:00,5.5,25.75
2015-01-31 04:00:00,5.6,24.95
2015-01-31 05:00:00,5.0,25.13
2015-01-31 06:00:00,4.3,24.98
2015-01-31 07:00:00,3.8,26.55
2015-01-31 08:00:00,3.3,28.36
2015-01-31 09:00:00,3.1,29.51
2015-01-31 10:00:00,4.2,29.91
2015-01-31 11:00:00,4.7,28.79
2015-01-31 12:00:00,4.1,28.41
2015-01-31 13:00:00,4.2,28.23
2015-01-31 14:00:00,3.7,28.19
2015-01-31 15:00:00,4.2,29.17
2015-01-31 16:00:00,3.9,32.12
2015-01-31 17:00:00,2.9,42.99
2015-01-31 18:00:00,4.3,44.31
2015-01-31 19:00:00,4.2,42.15
2015-01-31 20:00:00,4.6,32.83
2015-01-31 21:00:00,4.8,28.34
2015-01-31 22:00:00,5.1,28.5
2015-01-31 23:00:00,4.9,25.56
2015-02-01 00:00:00,4.2,27.04
2015-02-01 01:00:00,4.3,26.32
2015-02-01 02:00:00,4.3,25.98
2015-02-01 03:00:00,3.1,25.63
2015-02-01 04:00:00,2.8,25.78
2015-02-01 05:00:00,1.5,25.99
2015-02-01 06:00:00,1.2,24.26
2015-02-01 07:00:00,1.8,26.48
2015-02-01 08:00:00,1.4,27.84
2015-02-01 09:00:00,2.1,29.09
2015-02-01 10:00:00,4.0,34.15
2015-02-01 11:00:00,4.1,37.74
2015-02-01 12:00:00,5.3,34.95
2015-02-01 13:00:00,4.5,28.24
2015-02-01 14:00:00,5.1,28.21
2015-02-01 15:00:00,4.0,28.47
2015-02-01 16:00:00,2.7,29.89
2015-02-01 17:00:00,2.4,36.85
2015-02-01 18:00:00,2.2,36.55
2015-02-01 19:00:00,2.7,29.99
2015-02-01 20:00:00,2.9,28.59
2015-02-01 21:00:00,2.8,28.36
2015-02-01 22:00:00,3.0,28.18
2015-02-01 23:00:00,3.2,26.92
2015-02-02 00:00:00,3.8,27.23
2015-02-02 01:00:00,3.1,26.38
2015-02-02 02:00:00,3.2,26.19
2015-02-02 03:00:00,3.3,26.21
2015-02-02 04:00:00,3.5,26.24
2015-02-02 05:00:00,2.9,27.47
2015-02-02 06:00:00,2.6,37.85
2015-02-02 07:00:00,2.8,53.35
2015-02-02 08:00:00,2.7,53.13
2015-02-02 09:00:00,3.3,54.92
2015-02-02 10:00:00,4.8,51.35
2015-02-02 11:00:00,5.3,50.96
2015-02-02 12:00:00,5.8,45.0
2015-02-02 13:00:00,5.3,44.04
2015-02-02 14:00:00,5.0,44.98
2015-02-02 15:00:00,5.3,45.74
2015-02-02 16:00:00,4.5,47.99
2015-02-02 17:00:00,3.9,58.95
2015-02-02 18:00:00,3.7,54.92
2015-02-02 19:00:00,3.7,51.45
2015-02-02 20:00:00,3.8,45.0
2015-02-02 21:00:00,3.7,43.05
2015-02-02 22:00:00,3.6,40.0
2015-02-02 23:00:00,3.4,34.68
2015-02-03 00:00:00,3.6,29.46
2015-02-03 01:00:00,4.0,28.84
2015-02-03 02:00:00,2.9,28.05
2015-02-03 03:00:00,4.0,28.08
2015-02-03 04:00:00,3.6,28.21
2015-02-03 05:00:00,3.2,30.08
2015-02-03 06:00:00,3.6,40.0
2015-02-03 07:00:00,4.7,60.43
2015-02-03 08:00:00,5.2,60.08
2015-02-03 09:00:00,5.3,58.79
2015-02-03 10:00:00,6.2,55.77
2015-02-03 11:00:00,5.0,53.37
2015-02-03 12:00:00,3.9,46.2
2015-02-03 13:00:00,4.1,48.76
2015-02-03 14:00:00,4.3,47.85
2015-02-03 15:00:00,4.2,51.7
2015-02-03 16:00:00,4.2,51.54
2015-02-03 17:00:00,4.1,60.07
2015-02-03 18:00:00,4.4,65.52
2015-02-03 19:00:00,3.5,52.89
2015-02-03 20:00:00,2.3,47.99
2015-02-03 21:00:00,1.5,44.25
2015-02-03 22:00:00,2.9,43.93
2015-02-03 23:00:00,3.6,30.87
2015-02-04 00:00:00,3.6,34.9
2015-02-04 01:00:00,3.8,31.14
2015-02-04 02:00:00,2.8,30.08
2015-02-04 03:00:00,2.9,30.06
2015-02-04 04:00:00,2.1,30.49
2015-02-04 05:00:00,2.5,33.55
2015-02-04 06:00:00,3.1,42.64
2015-02-04 07:00:00,3.3,50.92
2015-02-04 08:00:00,3.2,61.76
2015-02-04 09:00:00,3.2,62.59
2015-02-04 10:00:00,3.3,61.1
2015-02-04 11:00:00,3.4,58.94
2015-02-04 12:00:00,4.3,54.87
2015-02-04 13:00:00,3.1,53.53
2015-02-04 14:00:00,3.1,51.45
2015-02-04 15:00:00,2.4,49.88
2015-02-04 16:00:00,2.4,49.92
2015-02-04 17:00:00,1.9,59.37
2015-02-04 18:00:00,2.8,75.87
2015-02-04 19:00:00,1.3,62.73
2015-02-04 20:00:00,0.3,49.89
2015-02-04 21:00:00,1.3,42.66
2015-02-04 22:00:00,1.9,44.04
2015-02-04 23:00:00,1.4,36.41
2015-02-05 00:00:00,1.1,39.96
2015-02-05 01:00:00,0.9,33.29
2015-02-05 02:00:00,1.1,32.24
2015-02-05 03:00:00,1.4,32.44
2015-02-05 04:00:00,0.8,32.92
2015-02-05 05:00:00,0.5,38.91
2015-02-05 06:00:00,0.6,45.96
2015-02-05 07:00:00,1.4,63.79
2015-02-05 08:00:00,1.6,62.06
2015-02-05 09:00:00,1.8,60.28
2015-02-05 10:00:00,2.0,52.03
2015-02-05 11:00:00,2.4,49.96
2015-02-05 12:00:00,3.4,50.52
2015-02-05 13:00:00,3.1,47.44
2015-02-05 14:00:00,3.5,44.5
2015-02-05 15:00:00,3.8,43.54
2015-02-05 16:00:00,3.5,44.04
2015-02-05 17:00:00,1.9,50.75
2015-02-05 18:00:00,3.3,48.13
2015-02-05 19:00:00,2.4,44.94
2015-02-05 20:00:00,2.8,41.89
2015-02-05 21:00:00,2.5,37.9
2015-02-05 22:00:00,2.5,30.45
2015-02-05 23:00:00,3.4,29.01
2015-02-06 00:00:00,3.3,28.73
2015-02-06 01:00:00,3.3,28.14
2015-02-06 02:00:00,3.5,27.75
2015-02-06 03:00:00,3.2,27.73
2015-02-06 04:00:00,4.4,28.23
2015-02-06 05:00:00,5.2,29.05
2015-02-06 06:00:00,4.4,36.0
2015-02-06 07:00:00,3.5,52.92
2015-02-06 08:00:00,3.7,46.9
2015-02-06 09:00:00,3.9,45.94
2015-02-06 10:00:00,3.9,45.93
2015-02-06 11:00:00,5.2,42.93
2015-02-06 12:00:00,4.8,39.65
2015-02-06 13:00:00,4.2,37.1
2015-02-06 14:00:00,3.9,35.54
2015-02-06 15:00:00,3.8,38.57
2015-02-06 16:00:00,3.5,42.95
2015-02-06 17:00:00,3.2,50.19
2015-02-06 18:00:00,3.1,54.95
2015-02-06 19:00:00,2.8,50.24
2015-02-06 20:00:00,2.7,45.0
2015-02-06 21:00:00,1.6,40.33
2015-02-06 22:00:00,1.8,39.37
2015-02-06 23:00:00,1.7,29.01
2015-02-07 00:00:00,1.0,28.46
2015-02-07 01:00:00,1.2,28.0
2015-02-07 02:00:00,0.7,27.29
2015-02-07 03:00:00,1.0,26.28
2015-02-07 04:00:00,1.4,26.08
2015-02-07 05:00:00,2.4,25.91
2015-02-07 06:00:00,4.2,25.53
2015-02-07 07:00:00,3.9,27.79
2015-02-07 08:00:00,4.5,32.03
2015-02-07 09:00:00,4.7,42.1
2015-02-07 10:00:00,4.5,37.96
2015-02-07 11:00:00,5.1,33.75
2015-02-07 12:00:00,5.7,29.99
2015-02-07 13:00:00,5.7,26.56
2015-02-07 14:00:00,6.6,25.36
2015-02-07 15:00:00,6.2,24.76
2015-02-07 16:00:00,6.4,25.16
2015-02-07 17:00:00,7.3,29.15
2015-02-07 18:00:00,7.9,35.81
2015-02-07 19:00:00,7.2,26.83
2015-02-07 20:00:00,8.4,22.31
2015-02-07 21:00:00,8.1,15.01
2015-02-07 22:00:00,7.5,14.25
2015-02-07 23:00:00,8.9,9.56
2015-02-08 00:00:00,9.4,-5.0
2015-02-08 01:00:00,9.1,-1.12
2015-02-08 02:00:00,8.9,-4.78
2015-02-08 03:00:00,9.1,-2.4
2015-02-08 04:00:00,9.3,-7.32
2015-02-08 05:00:00,8.6,-0.9
2015-02-08 06:00:00,8.3,-9.95
2015-02-08 07:00:00,8.0,-8.51
2015-02-08 08:00:00,8.5,4.86
2015-02-08 09:00:00,9.6,11.6
2015-02-08 10:00:00,9.7,15.01
2015-02-08 11:00:00,8.8,15.05
2015-02-08 12:00:00,8.7,12.21
2015-02-08 13:00:00,8.0,10.6
2015-02-08 14:00:00,9.4,15.1
2015-02-08 15:00:00,9.1,19.94
2015-02-08 16:00:00,8.3,26.66
2015-02-08 17:00:00,5.7,33.41
2015-02-08 18:00:00,5.5,39.55
2015-02-08 19:00:00,4.1,36.35
2015-02-08 20:00:00,4.6,28.12
2015-02-08 21:00:00,5.3,26.93
2015-02-08 22:00:00,5.0,26.35
2015-02-08 23:00:00,5.1,16.84
2015-02-09 00:00:00,6.1,16.42
2015-02-09 01:00:00,6.4,14.95
2015-02-09 02:00:00,5.5,11.5
2015-02-09 03:00:00,5.8,13.86
2015-02-09 04:00:00,5.9,9.81
2015-02-09 05:00:00,7.1,9.88
2015-02-09 06:00:00,7.5,22.28
2015-02-09 07:00:00,7.1,29.17
2015-02-09 08:00:00,7.2,29.96
2015-02-09 09:00:00,7.0,30.0
2015-02-09 10:00:00,6.5,30.0
2015-02-09 11:00:00,6.1,30.06
2015-02-09 12:00:00,7.1,31.21
2015-02-09 13:00:00,7.4,30.96
2015-02-09 14:00:00,6.4,30.69
2015-02-09 15:00:00,6.0,32.81
2015-02-09 16:00:00,5.5,32.3
2015-02-09 17:00:00,5.0,37.66
2015-02-09 18:00:00,5.3,43.93
2015-02-09 19:00:00,5.5,44.57
2015-02-09 20:00:00,5.2,39.91
2015-02-09 21:00:00,5.4,32.84
2015-02-09 22:00:00,5.5,29.43
2015-02-09 23:00:00,5.1,27.12
2015-02-10 00:00:00,5.3,25.36
2015-02-10 01:00:00,5.2,25.32
2015-02-10 02:00:00,4.4,25.19
2015-02-10 03:00:00,4.4,25.57
2015-02-10 04:00:00,4.6,26.02
2015-02-10 05:00:00,4.1,27.75
2015-02-10 06:00:00,3.7,38.22
2015-02-10 07:00:00,4.4,52.95
2015-02-10 08:00:00,5.1,49.0
2015-02-10 09:00:00,5.4,45.97
2015-02-10 10:00:00,5.2,47.97
2015-02-10 11:00:00,6.0,49.97
2015-02-10 12:00:00,5.7,47.27
2015-02-10 13:00:00,5.6,46.95
2015-02-10 14:00:00,5.2,46.0
2015-02-10 15:00:00,5.8,47.0
2015-02-10 16:00:00,5.5,50.38
2015-02-10 17:00:00,4.8,61.41
2015-02-10 18:00:00,4.1,84.94
2015-02-10 19:00:00,4.7,62.82
2015-02-10 20:00:00,3.8,51.66
2015-02-10 21:00:00,3.5,44.09
2015-02-10 22:00:00,3.6,44.54
2015-02-10 23:00:00,3.8,33.95
2015-02-11 00:00:00,3.2,30.57
2015-02-11 01:00:00,3.3,30.67
2015-02-11 02:00:00,2.4,30.52
2015-02-11 03:00:00,2.2,30.62
2015-02-11 04:00:00,2.4,31.39
2015-02-11 05:00:00,2.2,33.1
2015-02-11 06:00:00,2.0,45.97
2015-02-11 07:00:00,2.1,60.14
2015-02-11 08:00:00,1.6,64.91
2015-02-11 09:00:00,2.5,59.91
2015-02-11 10:00:00,2.8,54.22
2015-02-11 11:00:00,2.6,53.85
2015-02-11 12:00:00,2.2,49.06
2015-02-11 13:00:00,2.1,48.82
2015-02-11 14:00:00,1.7,47.93
2015-02-11 15:00:00,1.3,49.8
2015-02-11 16:00:00,1.2,50.86
2015-02-11 17:00:00,0.8,58.48
2015-02-11 18:00:00,1.4,81.37
2015-02-11 19:00:00,1.8,65.22
2015-02-11 20:00:00,2.0,55.62
2015-02-11 21:00:00,2.4,46.0
2015-02-11 22:00:00,2.6,47.94
2015-02-11 23:00:00,1.8,32.81
2015-02-12 00:00:00,1.1,36.63
2015-02-12 01:00:00,0.6,34.25
2015-02-12 02:00:00,0.3,31.67
2015-02-12 03:00:00,1.3,32.03
2015-02-12 04:00:00,1.8,32.35
2015-02-12 05:00:00,1.7,36.2
2015-02-12 06:00:00,1.4,49.95
2015-02-12 07:00:00,0.9,63.36
2015-02-12 08:00:00,1.8,70.6
2015-02-12 09:00:00,1.4,60.81
2015-02-12 10:00:00,3.0,53.81
2015-02-12 11:00:00,2.9,49.96
2015-02-12 12:00:00,2.6,44.91
2015-02-12 13:00:00,2.7,43.9
2015-02-12 14:00:00,2.8,43.94
2015-02-12 15:00:00,3.0,45.47
2015-02-12 16:00:00,2.8,49.96
2015-02-12 17:00:00,2.5,57.58
2015-02-12 18:00:00,2.5,72.0
2015-02-12 19:00:00,2.8,69.94
2015-02-12 20:00:00,2.5,54.98
2015-02-12 21:00:00,1.9,46.72
2015-02-12 22:00:00,2.0,43.29
2015-02-12 23:00:00,1.7,36.91
2015-02-13 00:00:00,1.0,31.03
2015-02-13 01:00:00,0.4,31.1
2015-02-13 02:00:00,0.8,31.04
2015-02-13 03:00:00,0.7,31.02
2015-02-13 04:00:00,0.7,31.88
2015-02-13 05:00:00,0.6,33.0
2015-02-13 06:00:00,0.7,45.42
2015-02-13 07:00:00,0.4,58.25
2015-02-13 08:00:00,0.4,57.84
2015-02-13 09:00:00,0.5,50.81
2015-02-13 10:00:00,1.8,45.49
2015-02-13 11:00:00,3.7,42.97
2015-02-13 12:00:00,4.4,38.05
2015-02-13 13:00:00,3.7,33.45
2015-02-13 14:00:00,4.0,32.06
2015-02-13 15:00:00,3.9,38.04
2015-02-13 16:00:00,3.2,43.2
2015-02-13 17:00:00,3.1,45.75
2015-02-13 18:00:00,3.2,46.31
2015-02-13 19:00:00,3.0,41.71
2015-02-13 20:00:00,1.9,31.81
2015-02-13 21:00:00,2.4,29.05
2015-02-13 22:00:00,3.8,30.43
2015-02-13 23:00:00,3.7,29.09
2015-02-14 00:00:00,3.0,28.81
2015-02-14 01:00:00,2.3,30.05
2015-02-14 02:00:00,2.5,28.02
2015-02-14 03:00:00,2.2,27.67
2015-02-14 04:00:00,1.7,27.68
2015-02-14 05:00:00,2.3,29.28
2015-02-14 06:00:00,2.9,27.55
2015-02-14 07:00:00,2.8,26.95
2015-02-14 08:00:00,2.3,31.17
2015-02-14 09:00:00,2.5,33.27
2015-02-14 10:00:00,4.1,34.11
2015-02-14 11:00:00,4.3,32.17
2015-02-14 12:00:00,3.6,31.06
2015-02-14 13:00:00,3.7,31.01
2015-02-14 14:00:00,3.9,31.59
2015-02-14 15:00:00,3.8,35.9
2015-02-14 16:00:00,3.3,36.35
2015-02-14 17:00:00,2.1,40.69
2015-02-14 18:00:00,1.7,44.98
2015-02-14 19:00:00,2.3,40.13
2015-02-14 20:00:00,2.1,37.64
2015-02-14 21:00:00,1.5,32.05
2015-02-14 22:00:00,1.7,34.96
2015-02-14 23:00:00,1.5,30.87
2015-02-15 00:00:00,2.7,30.59
2015-02-15 01:00:00,2.6,30.01
2015-02-15 02:00:00,3.0,30.59
2015-02-15 03:00:00,3.4,30.01
2015-02-15 04:00:00,2.4,29.28
2015-02-15 05:00:00,2.4,30.03
2015-02-15 06:00:00,2.0,27.67
2015-02-15 07:00:00,2.4,27.68
2015-02-15 08:00:00,2.3,30.52
2015-02-15 09:00:00,3.0,27.33
2015-02-15 10:00:00,3.3,26.38
2015-02-15 11:00:00,3.6,26.39
2015-02-15 12:00:00,4.1,25.93
2015-02-15 13:00:00,4.0,24.11
2015-02-15 14:00:00,4.1,23.69
2015-02-15 15:00:00,2.9,25.57
2015-02-15 16:00:00,3.3,26.64
2015-02-15 17:00:00,4.2,31.24
2015-02-15 18:00:00,4.1,40.04
2015-02-15 19:00:00,4.9,39.2
2015-02-15 20:00:00,5.0,31.83
2015-02-15 21:00:00,5.0,30.58
2015-02-15 22:00:00,4.9,32.5
2015-02-15 23:00:00,4.9,28.45
2015-02-16 00:00:00,4.9,26.72
2015-02-16 01:00:00,5.0,26.02
2015-02-16 02:00:00,5.5,25.35
2015-02-16 03:00:00,4.7,26.26
2015-02-16 04:00:00,4.3,25.89
2015-02-16 05:00:00,4.2,27.02
2015-02-16 06:00:00,4.2,39.97
2015-02-16 07:00:00,4.7,47.83
2015-02-16 08:00:00,5.2,44.91
2015-02-16 09:00:00,4.9,41.46
2015-02-16 10:00:00,5.6,35.07
2015-02-16 11:00:00,5.6,32.87
2015-02-16 12:00:00,5.5,30.59
2015-02-16 13:00:00,5.7,30.38
2015-02-16 14:00:00,5.6,30.57
2015-02-16 15:00:00,5.9,35.0
2015-02-16 16:00:00,5.0,40.68
2015-02-16 17:00:00,4.9,46.05
2015-02-16 18:00:00,3.6,54.15
2015-02-16 19:00:00,4.1,47.45
2015-02-16 20:00:00,5.9,42.99
2015-02-16 21:00:00,5.2,34.17
2015-02-16 22:00:00,4.9,31.34
2015-02-16 23:00:00,3.3,30.01
2015-02-17 00:00:00,2.8,29.09
2015-02-17 01:00:00,2.3,29.27
2015-02-17 02:00:00,4.8,29.79
2015-02-17 03:00:00,4.3,30.07
2015-02-17 04:00:00,4.7,30.03
2015-02-17 05:00:00,3.3,31.08
2015-02-17 06:00:00,3.1,44.0
2015-02-17 07:00:00,2.2,55.03
2015-02-17 08:00:00,2.0,55.55
2015-02-17 09:00:00,2.7,49.98
2015-02-17 10:00:00,4.1,47.91
2015-02-17 11:00:00,4.0,45.53
2015-02-17 12:00:00,3.9,43.31
2015-02-17 13:00:00,3.6,43.32
2015-02-17 14:00:00,3.6,43.51
2015-02-17 15:00:00,3.4,44.54
2015-02-17 16:00:00,3.0,44.92
2015-02-17 17:00:00,4.3,49.6
2015-02-17 18:00:00,5.6,62.51
2015-02-17 19:00:00,3.8,56.92
2015-02-17 20:00:00,2.8,49.94
2015-02-17 21:00:00,2.7,42.72
2015-02-17 22:00:00,2.6,40.08
2015-02-17 23:00:00,2.5,31.97
2015-02-18 00:00:00,2.9,30.3
2015-02-18 01:00:00,3.0,30.09
2015-02-18 02:00:00,2.6,30.03
2015-02-18 03:00:00,3.1,29.75
2015-02-18 04:00:00,2.5,31.03
2015-02-18 05:00:00,1.9,33.58
2015-02-18 06:00:00,1.8,47.91
2015-02-18 07:00:00,1.8,54.62
2015-02-18 08:00:00,1.3,57.8
2015-02-18 09:00:00,2.5,53.94
2015-02-18 10:00:00,3.4,54.02
2015-02-18 11:00:00,3.2,50.44
2015-02-18 12:00:00,3.0,47.0
2015-02-18 13:00:00,3.9,42.98
2015-02-18 14:00:00,3.9,42.92
2015-02-18 15:00:00,3.7,43.99
2015-02-18 16:00:00,3.8,44.71
2015-02-18 17:00:00,2.7,51.3
2015-02-18 18:00:00,2.2,58.85
2015-02-18 19:00:00,1.5,56.68
2015-02-18 20:00:00,2.0,44.94
2015-02-18 21:00:00,1.7,37.49
2015-02-18 22:00:00,1.8,32.27
2015-02-18 23:00:00,2.3,30.09
2015-02-19 00:00:00,1.9,30.9
2015-02-19 01:00:00,2.2,29.95
2015-02-19 02:00:00,1.6,28.07
2015-02-19 03:00:00,1.2,28.55
2015-02-19 04:00:00,1.6,29.93
2015-02-19 05:00:00,2.2,30.95
2015-02-19 06:00:00,1.8,36.93
2015-02-19 07:00:00,1.8,47.93
2015-02-19 08:00:00,1.7,50.45
2015-02-19 09:00:00,2.5,49.94
2015-02-19 10:00:00,3.7,47.07
2015-02-19 11:00:00,4.2,43.96
2015-02-19 12:00:00,4.2,37.61
2015-02-19 13:00:00,3.9,36.69
2015-02-19 14:00:00,4.2,36.28
2015-02-19 15:00:00,3.4,40.9
2015-02-19 16:00:00,2.7,44.87
2015-02-19 17:00:00,2.1,49.59
2015-02-19 18:00:00,2.5,48.99
2015-02-19 19:00:00,3.2,40.03
2015-02-19 20:00:00,3.3,37.39
2015-02-19 21:00:00,2.8,31.01
2015-02-19 22:00:00,1.7,30.03
2015-02-19 23:00:00,1.9,27.44
2015-02-20 00:00:00,2.4,25.5
2015-02-20 01:00:00,3.0,24.33
2015-02-20 02:00:00,2.5,22.85
2015-02-20 03:00:00,1.9,23.2
2015-02-20 04:00:00,2.1,23.48
2015-02-20 05:00:00,2.1,25.2
2015-02-20 06:00:00,1.8,29.14
2015-02-20 07:00:00,1.3,31.42
2015-02-20 08:00:00,2.3,32.8
2015-02-20 09:00:00,2.8,31.12
2015-02-20 10:00:00,4.6,30.06
2015-02-20 11:00:00,5.3,28.17
2015-02-20 12:00:00,4.4,26.66
2015-02-20 13:00:00,4.6,26.5
2015-02-20 14:00:00,4.3,27.17
2015-02-20 15:00:00,4.2,31.09
2015-02-20 16:00:00,3.8,32.17
2015-02-20 17:00:00,3.8,42.95
2015-02-20 18:00:00,2.9,49.1
2015-02-20 19:00:00,3.5,44.61
2015-02-20 20:00:00,4.1,39.34
2015-02-20 21:00:00,3.7,31.08
2015-02-20 22:00:00,3.8,31.02
2015-02-20 23:00:00,4.2,29.69
2015-02-21 00:00:00,4.0,28.57
2015-02-21 01:00:00,3.7,25.51
2015-02-21 02:00:00,2.9,25.58
2015-02-21 03:00:00,3.1,24.94
2015-02-21 04:00:00,3.8,24.96
2015-02-21 05:00:00,4.7,24.88
2015-02-21 06:00:00,4.4,25.08
2015-02-21 07:00:00,4.4,25.69
2015-02-21 08:00:00,4.7,26.08
2015-02-21 09:00:00,4.8,27.03
2015-02-21 10:00:00,4.2,28.26
2015-02-21 11:00:00,5.0,27.33
2015-02-21 12:00:00,4.8,26.17
2015-02-21 13:00:00,5.4,25.98
2015-02-21 14:00:00,4.3,25.97
2015-02-21 15:00:00,4.7,29.44
2015-02-21 16:00:00,4.0,31.0
2015-02-21 17:00:00,3.3,40.96
2015-02-21 18:00:00,3.6,49.15
2015-02-21 19:00:00,4.3,43.42
2015-02-21 20:00:00,4.1,38.62
2015-02-21 21:00:00,2.0,37.47
2015-02-21 22:00:00,1.8,34.2
2015-02-21 23:00:00,1.8,31.93
2015-02-22 00:00:00,1.3,36.86
2015-02-22 01:00:00,1.1,31.95
2015-02-22 02:00:00,0.9,31.08
2015-02-22 03:00:00,1.0,31.1
2015-02-22 04:00:00,0.8,32.21
2015-02-22 05:00:00,1.0,31.04
2015-02-22 06:00:00,1.4,28.03
2015-02-22 07:00:00,1.1,29.01
2015-02-22 08:00:00,0.9,35.01
2015-02-22 09:00:00,1.6,40.98
2015-02-22 10:00:00,1.6,41.9
2015-02-22 11:00:00,2.0,40.73
2015-02-22 12:00:00,2.2,36.33
2015-02-22 13:00:00,2.9,29.62
2015-02-22 14:00:00,3.2,26.9
2015-02-22 15:00:00,2.9,25.05
2015-02-22 16:00:00,1.9,28.03
2015-02-22 17:00:00,1.0,39.94
2015-02-22 18:00:00,0.4,49.85
2015-02-22 19:00:00,1.0,44.1
2015-02-22 20:00:00,1.4,31.09
2015-02-22 21:00:00,1.3,28.69
2015-02-22 22:00:00,1.6,30.01
2015-02-22 23:00:00,1.6,25.08
2015-02-23 00:00:00,2.6,18.62
2015-02-23 01:00:00,2.3,16.53
2015-02-23 02:00:00,2.8,14.09
2015-02-23 03:00:00,3.0,11.9
2015-02-23 04:00:00,2.6,12.25
2015-02-23 05:00:00,2.2,18.18
2015-02-23 06:00:00,2.7,29.06
2015-02-23 07:00:00,2.6,32.19
2015-02-23 08:00:00,2.9,30.65
2015-02-23 09:00:00,3.8,35.01
2015-02-23 10:00:00,4.1,35.79
2015-02-23 11:00:00,5.9,38.58
2015-02-23 12:00:00,5.2,39.94
2015-02-23 13:00:00,5.0,40.84
2015-02-23 14:00:00,3.9,39.99
2015-02-23 15:00:00,4.5,40.98
2015-02-23 16:00:00,4.0,40.66
2015-02-23 17:00:00,2.9,42.56
2015-02-23 18:00:00,2.5,53.0
2015-02-23 19:00:00,2.2,46.18
2015-02-23 20:00:00,3.0,37.32
2015-02-23 21:00:00,3.0,30.98
2015-02-23 22:00:00,2.6,30.08
2015-02-23 23:00:00,2.7,24.93
2015-02-24 00:00:00,2.5,25.77
2015-02-24 01:00:00,2.7,25.08
2015-02-24 02:00:00,2.4,23.9
2015-02-24 03:00:00,2.2,24.0
2015-02-24 04:00:00,2.0,24.91
2015-02-24 05:00:00,1.4,24.98
2015-02-24 06:00:00,1.7,30.09
2015-02-24 07:00:00,2.0,40.94
2015-02-24 08:00:00,1.6,42.92
2015-02-24 09:00:00,2.2,37.87
2015-02-24 10:00:00,4.1,30.86
2015-02-24 11:00:00,4.7,30.05
2015-02-24 12:00:00,4.7,29.0
2015-02-24 13:00:00,4.7,29.6
2015-02-24 14:00:00,5.2,31.08
2015-02-24 15:00:00,4.9,40.59
2015-02-24 16:00:00,3.7,42.31
2015-02-24 17:00:00,3.5,47.93
2015-02-24 18:00:00,3.3,54.95
2015-02-24 19:00:00,2.8,52.91
2015-02-24 20:00:00,2.6,44.4
2015-02-24 21:00:00,3.0,38.0
2015-02-24 22:00:00,1.8,31.05
2015-02-24 23:00:00,1.6,28.19
2015-02-25 00:00:00,1.9,29.62
2015-02-25 01:00:00,2.1,30.04
2015-02-25 02:00:00,2.0,28.68
2015-02-25 03:00:00,1.5,29.45
2015-02-25 04:00:00,1.6,30.02
2015-02-25 05:00:00,1.1,30.01
2015-02-25 06:00:00,1.2,42.97
2015-02-25 07:00:00,0.8,51.5
2015-02-25 08:00:00,1.6,49.9
2015-02-25 09:00:00,3.3,49.61
2015-02-25 10:00:00,3.7,50.0
2015-02-25 11:00:00,3.6,51.66
2015-02-25 12:00:00,3.9,44.23
2015-02-25 13:00:00,3.5,43.9
2015-02-25 14:00:00,3.1,46.87
2015-02-25 15:00:00,2.5,46.96
2015-02-25 16:00:00,3.1,49.93
2015-02-25 17:00:00,1.9,49.91
2015-02-25 18:00:00,1.2,68.34
2015-02-25 19:00:00,0.8,62.16
2015-02-25 20:00:00,0.6,52.25
2015-02-25 21:00:00,0.8,47.66
2015-02-25 22:00:00,0.8,42.4
2015-02-25 23:00:00,0.9,34.54
2015-02-26 00:00:00,0.9,30.9
2015-02-26 01:00:00,0.5,30.9
2015-02-26 02:00:00,0.6,29.85
2015-02-26 03:00:00,0.4,29.03
2015-02-26 04:00:00,0.8,29.43
2015-02-26 05:00:00,0.6,30.82
2015-02-26 06:00:00,0.7,47.38
2015-02-26 07:00:00,0.7,55.2
2015-02-26 08:00:00,0.7,55.64
2015-02-26 09:00:00,0.8,46.98
2015-02-26 10:00:00,1.1,39.95
2015-02-26 11:00:00,1.3,38.76
2015-02-26 12:00:00,2.0,30.94
2015-02-26 13:00:00,2.4,30.98
2015-02-26 14:00:00,2.4,31.12
2015-02-26 15:00:00,3.0,35.94
2015-02-26 16:00:00,2.0,39.92
2015-02-26 17:00:00,2.2,44.88
2015-02-26 18:00:00,2.0,45.74
2015-02-26 19:00:00,1.7,45.04
2015-02-26 20:00:00,1.5,37.79
2015-02-26 21:00:00,1.2,30.8
2015-02-26 22:00:00,1.4,30.1
2015-02-26 23:00:00,1.9,27.03
2015-02-27 00:00:00,2.1,26.72
2015-02-27 01:00:00,1.1,27.46
2015-02-27 02:00:00,1.5,27.19
2015-02-27 03:00:00,1.2,27.92
2015-02-27 04:00:00,1.9,28.02
2015-02-27 05:00:00,1.8,29.88
2015-02-27 06:00:00,1.9,41.91
2015-02-27 07:00:00,2.2,44.02
2015-02-27 08:00:00,1.9,43.07
2015-02-27 09:00:00,1.7,42.43
2015-02-27 10:00:00,2.8,39.92
2015-02-27 11:00:00,2.9,39.39
2015-02-27 12:00:00,3.0,35.59
2015-02-27 13:00:00,2.0,35.72
2015-02-27 14:00:00,1.3,34.93
2015-02-27 15:00:00,2.5,40.68
2015-02-27 16:00:00,2.5,41.62
2015-02-27 17:00:00,2.1,47.94
2015-02-27 18:00:00,1.1,64.06
2015-02-27 19:00:00,1.3,57.82
2015-02-27 20:00:00,1.8,47.19
2015-02-27 21:00:00,1.3,40.07
2015-02-27 22:00:00,0.8,37.3
2015-02-27 23:00:00,1.9,31.88
2015-02-28 00:00:00,2.2,28.48
2015-02-28 01:00:00,3.3,28.04
2015-02-28 02:00:00,2.7,27.07
2015-02-28 03:00:00,3.4,28.04
2015-02-28 04:00:00,3.8,27.3
2015-02-28 05:00:00,3.8,27.0
2015-02-28 06:00:00,4.0,25.81
2015-02-28 07:00:00,3.9,29.73
2015-02-28 08:00:00,4.2,38.95
2015-02-28 09:00:00,4.2,40.02
2015-02-28 10:00:00,3.8,35.92
2015-02-28 11:00:00,3.6,29.38
2015-02-28 12:00:00,4.4,25.89
2015-02-28 13:00:00,4.3,24.87
2015-02-28 14:00:00,4.0,24.83
2015-02-28 15:00:00,4.2,25.57
2015-02-28 16:00:00,2.8,30.08
2015-02-28 17:00:00,1.9,40.05
2015-02-28 18:00:00,1.3,44.77
2015-02-28 19:00:00,1.3,37.88
2015-02-28 20:00:00,1.5,27.01
2015-02-28 21:00:00,2.2,23.87
2015-02-28 22:00:00,2.1,22.49
2015-02-28 23:00:00,2.7,15.13
2015-03-01 00:00:00,2.8,11.76
2015-03-01 01:00:00,3.0,4.2
2015-03-01 02:00:00,3.2,-0.05
2015-03-01 03:00:00,3.3,-0.09
2015-03-01 04:00:00,3.0,-2.0
2015-03-01 05:00:00,2.9,-1.91
2015-03-01 06:00:00,3.2,-5.08
2015-03-01 07:00:00,3.5,-0.13
2015-03-01 08:00:00,4.3,3.91
2015-03-01 09:00:00,4.2,9.7
2015-03-01 10:00:00,4.3,12.65
2015-03-01 11:00:00,4.6,18.39
2015-03-01 12:00:00,5.0,14.36
2015-03-01 13:00:00,4.5,11.15
2015-03-01 14:00:00,4.1,10.52
2015-03-01 15:00:00,3.9,11.67
2015-03-01 16:00:00,4.7,11.6
2015-03-01 17:00:00,4.2,15.27
2015-03-01 18:00:00,3.2,25.69
2015-03-01 19:00:00,3.0,25.65
2015-03-01 20:00:00,2.3,24.8
2015-03-01 21:00:00,2.1,15.28
2015-03-01 22:00:00,2.8,23.94
2015-03-01 23:00:00,2.4,16.64
2015-03-02 00:00:00,1.8,18.0
2015-03-02 01:00:00,2.3,15.38
2015-03-02 02:00:00,2.9,15.1
2015-03-02 03:00:00,3.2,13.0
2015-03-02 04:00:00,3.4,12.0
2015-03-02 05:00:00,3.8,17.85
2015-03-02 06:00:00,4.7,31.49
2015-03-02 07:00:00,6.6,38.96
2015-03-02 08:00:00,6.2,35.99
2015-03-02 09:00:00,6.2,30.75
2015-03-02 10:00:00,8.7,28.46
2015-03-02 11:00:00,10.2,27.09
2015-03-02 12:00:00,8.5,25.89
2015-03-02 13:00:00,9.2,26.1
2015-03-02 14:00:00,10.2,25.85
2015-03-02 15:00:00,8.7,26.69
2015-03-02 16:00:00,8.0,28.5
2015-03-02 17:00:00,6.6,38.56
2015-03-02 18:00:00,4.1,47.44
2015-03-02 19:00:00,3.8,45.92
2015-03-02 20:00:00,2.9,29.83
2015-03-02 21:00:00,4.4,26.59
2015-03-02 22:00:00,4.3,24.23
2015-03-02 23:00:00,6.9,12.14
2015-03-03 00:00:00,9.3,13.76
2015-03-03 01:00:00,6.4,9.79
2015-03-03 02:00:00,6.7,8.4
2015-03-03 03:00:00,7.9,9.48
2015-03-03 04:00:00,8.0,13.77
2015-03-03 05:00:00,8.8,15.65
2015-03-03 06:00:00,9.3,27.01
2015-03-03 07:00:00,8.8,31.92
2015-03-03 08:00:00,9.4,30.16
2015-03-03 09:00:00,9.6,26.68
2015-03-03 10:00:00,9.1,24.55
2015-03-03 11:00:00,9.0,23.01
2015-03-03 12:00:00,9.4,21.9
2015-03-03 13:00:00,8.5,24.33
2015-03-03 14:00:00,7.8,26.08
2015-03-03 15:00:00,7.4,29.97
2015-03-03 16:00:00,6.2,34.8
2015-03-03 17:00:00,3.6,44.32
2015-03-03 18:00:00,2.7,55.9
2015-03-03 19:00:00,2.4,57.69
2015-03-03 20:00:00,3.4,40.09
2015-03-03 21:00:00,3.7,30.16
2015-03-03 22:00:00,4.8,28.72
2015-03-03 23:00:00,8.2,24.92
2015-03-04 00:00:00,8.4,23.31
2015-03-04 01:00:00,5.9,16.25
2015-03-04 02:00:00,5.5,15.37
2015-03-04 03:00:00,5.8,15.5
2015-03-04 04:00:00,5.3,18.04
2015-03-04 05:00:00,4.9,25.52
2015-03-04 06:00:00,5.4,29.64
2015-03-04 07:00:00,5.5,38.03
2015-03-04 08:00:00,6.5,34.07
2015-03-04 09:00:00,7.7,28.12
2015-03-04 10:00:00,7.6,25.73
2015-03-04 11:00:00,8.2,17.99
2015-03-04 12:00:00,8.5,15.57
2015-03-04 13:00:00,8.6,15.68
2015-03-04 14:00:00,7.9,21.64
2015-03-04 15:00:00,7.0,25.79
2015-03-04 16:00:00,6.2,26.67
2015-03-04 17:00:00,6.0,34.93
2015-03-04 18:00:00,4.4,47.48
2015-03-04 19:00:00,3.9,43.68
2015-03-04 20:00:00,3.5,31.36
2015-03-04 21:00:00,4.1,26.62
2015-03-04 22:00:00,4.1,26.51
2015-03-04 23:00:00,4.6,23.75
2015-03-05 00:00:00,4.5,25.02
2015-03-05 01:00:00,3.8,24.28
2015-03-05 02:00:00,4.7,24.02
2015-03-05 03:00:00,3.6,24.06
2015-03-05 04:00:00,3.4,24.49
2015-03-05 05:00:00,3.8,25.91
2015-03-05 06:00:00,3.6,33.92
2015-03-05 07:00:00,3.1,42.99
2015-03-05 08:00:00,4.3,42.61
2015-03-05 09:00:00,5.1,37.99
2015-03-05 10:00:00,6.5,33.07
2015-03-05 11:00:00,5.3,30.21
2015-03-05 12:00:00,5.3,28.69
2015-03-05 13:00:00,6.0,28.08
2015-03-05 14:00:00,6.7,29.3
2015-03-05 15:00:00,6.3,33.91
2015-03-05 16:00:00,4.7,37.92
2015-03-05 17:00:00,1.8,45.71
2015-03-05 18:00:00,1.8,66.24
2015-03-05 19:00:00,3.6,68.5
2015-03-05 20:00:00,1.5,53.99
2015-03-05 21:00:00,1.9,41.99
2015-03-05 22:00:00,2.2,39.44
2015-03-05 23:00:00,2.3,30.48
2015-03-06 00:00:00,0.8,30.48
2015-03-06 01:00:00,1.5,29.52
2015-03-06 02:00:00,1.2,27.1
2015-03-06 03:00:00,1.2,26.05
2015-03-06 04:00:00,1.2,27.47
2015-03-06 05:00:00,1.7,32.9
2015-03-06 06:00:00,1.4,42.05
2015-03-06 07:00:00,1.3,50.96
2015-03-06 08:00:00,1.6,49.22
2015-03-06 09:00:00,2.0,49.08
2015-03-06 10:00:00,3.4,48.34
2015-03-06 11:00:00,3.3,46.0
2015-03-06 12:00:00,3.3,39.44
2015-03-06 13:00:00,4.7,36.8
2015-03-06 14:00:00,5.0,33.72
2015-03-06 15:00:00,4.6,39.51
2015-03-06 16:00:00,4.6,41.26
2015-03-06 17:00:00,3.7,45.98
2015-03-06 18:00:00,2.8,59.61
2015-03-06 19:00:00,3.2,62.0
2015-03-06 20:00:00,4.3,42.98
2015-03-06 21:00:00,4.1,34.48
2015-03-06 22:00:00,3.1,34.05
2015-03-06 23:00:00,2.2,29.66
2015-03-07 00:00:00,1.2,34.09
2015-03-07 01:00:00,1.5,29.84
2015-03-07 02:00:00,1.9,26.02
2015-03-07 03:00:00,1.4,24.06
2015-03-07 04:00:00,0.9,24.65
2015-03-07 05:00:00,3.0,25.06
2015-03-07 06:00:00,2.1,25.47
2015-03-07 07:00:00,1.3,27.18
2015-03-07 08:00:00,1.9,28.84
2015-03-07 09:00:00,3.4,26.22
2015-03-07 10:00:00,4.7,24.53
2015-03-07 11:00:00,5.1,24.22
2015-03-07 12:00:00,4.7,22.5
2015-03-07 13:00:00,4.6,22.93
2015-03-07 14:00:00,4.9,24.49
2015-03-07 15:00:00,4.1,26.11
2015-03-07 16:00:00,3.9,29.34
2015-03-07 17:00:00,2.4,38.04
2015-03-07 18:00:00,1.4,45.78
2015-03-07 19:00:00,1.9,44.44
2015-03-07 20:00:00,2.1,34.92
2015-03-07 21:00:00,1.9,28.27
2015-03-07 22:00:00,2.0,28.08
2015-03-07 23:00:00,2.2,23.19
2015-03-08 00:00:00,2.4,17.73
2015-03-08 01:00:00,2.4,15.59
2015-03-08 02:00:00,2.3,15.92
2015-03-08 03:00:00,2.5,15.57
2015-03-08 04:00:00,2.4,16.24
2015-03-08 05:00:00,2.6,16.9
2015-03-08 06:00:00,2.8,15.53
2015-03-08 07:00:00,2.8,15.58
2015-03-08 08:00:00,2.4,15.57
2015-03-08 09:00:00,3.4,21.42
2015-03-08 10:00:00,4.6,20.05
2015-03-08 11:00:00,4.1,21.86
2015-03-08 12:00:00,4.3,20.03
2015-03-08 13:00:00,4.8,14.89
2015-03-08 14:00:00,4.4,14.87
2015-03-08 15:00:00,4.4,12.88
2015-03-08 16:00:00,3.5,15.53
2015-03-08 17:00:00,2.1,26.02
2015-03-08 18:00:00,3.0,36.13
2015-03-08 19:00:00,3.3,44.17
2015-03-08 20:00:00,2.8,38.94
2015-03-08 21:00:00,1.6,32.29
2015-03-08 22:00:00,2.5,39.53
2015-03-08 23:00:00,3.2,36.29
2015-03-09 00:00:00,3.1,25.96
2015-03-09 01:00:00,2.4,26.72
2015-03-09 02:00:00,3.5,26.78
2015-03-09 03:00:00,3.1,25.68
2015-03-09 04:00:00,2.7,26.65
2015-03-09 05:00:00,2.0,29.95
2015-03-09 06:00:00,1.6,42.97
2015-03-09 07:00:00,0.9,50.32
2015-03-09 08:00:00,1.6,56.65
2015-03-09 09:00:00,3.4,43.95
2015-03-09 10:00:00,2.2,39.98
2015-03-09 11:00:00,2.0,37.48
2015-03-09 12:00:00,2.2,31.56
2015-03-09 13:00:00,3.3,34.98
2015-03-09 14:00:00,2.6,35.2
2015-03-09 15:00:00,2.9,39.41
2015-03-09 16:00:00,2.7,40.0
2015-03-09 17:00:00,2.0,45.36
2015-03-09 18:00:00,1.1,59.01
2015-03-09 19:00:00,0.8,65.97
2015-03-09 20:00:00,0.5,50.01
2015-03-09 21:00:00,0.5,39.73
2015-03-09 22:00:00,0.6,33.92
2015-03-09 23:00:00,0.9,26.07
2015-03-10 00:00:00,1.0,29.92
2015-03-10 01:00:00,0.8,28.41
2015-03-10 02:00:00,1.4,27.75
2015-03-10 03:00:00,2.1,28.07
2015-03-10 04:00:00,2.5,30.38
2015-03-10 05:00:00,1.3,31.6
2015-03-10 06:00:00,0.9,44.27
2015-03-10 07:00:00,0.5,48.99
2015-03-10 08:00:00,0.7,42.91
2015-03-10 09:00:00,2.0,36.23
2015-03-10 10:00:00,2.5,32.85
2015-03-10 11:00:00,2.9,32.54
2015-03-10 12:00:00,3.5,30.91
2015-03-10 13:00:00,3.7,33.04
2015-03-10 14:00:00,5.1,32.66
2015-03-10 15:00:00,5.5,36.94
2015-03-10 16:00:00,5.3,40.06
2015-03-10 17:00:00,5.3,44.94
2015-03-10 18:00:00,4.5,57.37
2015-03-10 19:00:00,3.1,65.18
2015-03-10 20:00:00,3.2,50.98
2015-03-10 21:00:00,4.1,39.99
2015-03-10 22:00:00,2.8,33.95
2015-03-10 23:00:00,2.7,29.54
2015-03-11 00:00:00,4.5,27.02
2015-03-11 01:00:00,3.6,27.92
2015-03-11 02:00:00,3.9,26.94
2015-03-11 03:00:00,3.7,26.97
2015-03-11 04:00:00,3.5,27.3
2015-03-11 05:00:00,4.7,29.0
2015-03-11 06:00:00,4.2,39.93
2015-03-11 07:00:00,3.9,45.0
2015-03-11 08:00:00,4.2,39.94
2015-03-11 09:00:00,3.5,30.52
2015-03-11 10:00:00,4.8,28.19
2015-03-11 11:00:00,5.6,27.9
2015-03-11 12:00:00,4.5,26.03
2015-03-11 13:00:00,4.2,25.93
2015-03-11 14:00:00,4.2,26.02
2015-03-11 15:00:00,5.2,28.19
2015-03-11 16:00:00,2.9,32.0
2015-03-11 17:00:00,2.0,42.81
2015-03-11 18:00:00,2.0,52.86
2015-03-11 19:00:00,2.2,66.45
2015-03-11 20:00:00,2.0,47.72
2015-03-11 21:00:00,1.6,40.83
2015-03-11 22:00:00,0.7,40.04
2015-03-11 23:00:00,1.8,31.0
2015-03-12 00:00:00,0.7,29.44
2015-03-12 01:00:00,0.4,29.7
2015-03-12 02:00:00,0.8,29.63
2015-03-12 03:00:00,1.1,29.95
2015-03-12 04:00:00,1.1,30.94
2015-03-12 05:00:00,1.3,32.13
2015-03-12 06:00:00,2.0,46.55
2015-03-12 07:00:00,2.4,55.39
2015-03-12 08:00:00,2.7,58.13
2015-03-12 09:00:00,3.8,46.96
2015-03-12 10:00:00,4.2,43.93
2015-03-12 11:00:00,4.0,41.01
2015-03-12 12:00:00,4.0,33.36
2015-03-12 13:00:00,2.5,31.96
2015-03-12 14:00:00,3.4,32.37
2015-03-12 15:00:00,3.1,37.99
2015-03-12 16:00:00,3.1,37.9
2015-03-12 17:00:00,2.9,42.01
2015-03-12 18:00:00,2.3,52.02
2015-03-12 19:00:00,2.0,62.0
2015-03-12 20:00:00,2.2,44.41
2015-03-12 21:00:00,2.5,36.89
2015-03-12 22:00:00,2.0,32.5
2015-03-12 23:00:00,1.7,29.93
2015-03-13 00:00:00,1.4,27.16
2015-03-13 01:00:00,2.0,27.66
2015-03-13 02:00:00,2.4,27.02
2015-03-13 03:00:00,2.8,27.47
2015-03-13 04:00:00,2.2,28.71
2015-03-13 05:00:00,1.5,30.23
2015-03-13 06:00:00,1.6,42.2
2015-03-13 07:00:00,1.8,52.04
2015-03-13 08:00:00,2.0,49.9
2015-03-13 09:00:00,2.3,40.92
2015-03-13 10:00:00,2.9,37.39
2015-03-13 11:00:00,3.0,35.94
2015-03-13 12:00:00,2.3,33.22
2015-03-13 13:00:00,2.8,30.99
2015-03-13 14:00:00,2.8,32.75
2015-03-13 15:00:00,2.2,32.75
2015-03-13 16:00:00,1.9,37.92
2015-03-13 17:00:00,1.7,42.64
2015-03-13 18:00:00,1.6,48.02
2015-03-13 19:00:00,1.2,51.42
2015-03-13 20:00:00,1.2,42.71
2015-03-13 21:00:00,1.7,34.05
2015-03-13 22:00:00,1.7,35.79
2015-03-13 23:00:00,1.0,31.14
2015-03-14 00:00:00,0.9,30.37
2015-03-14 01:00:00,1.2,28.07
2015-03-14 02:00:00,1.5,28.01
2015-03-14 03:00:00,2.3,29.91
2015-03-14 04:00:00,2.3,30.26
2015-03-14 05:00:00,1.9,28.12
2015-03-14 06:00:00,2.2,27.92
2015-03-14 07:00:00,2.1,30.98
2015-03-14 08:00:00,2.4,35.55
2015-03-14 09:00:00,2.5,39.92
2015-03-14 10:00:00,2.3,35.96
2015-03-14 11:00:00,1.8,33.94
2015-03-14 12:00:00,2.3,31.32
2015-03-14 13:00:00,2.6,29.27
2015-03-14 14:00:00,2.5,27.99
2015-03-14 15:00:00,2.6,26.74
2015-03-14 16:00:00,2.1,28.66
2015-03-14 17:00:00,1.8,35.99
2015-03-14 18:00:00,1.9,43.4
2015-03-14 19:00:00,2.1,42.51
2015-03-14 20:00:00,2.4,37.59
2015-03-14 21:00:00,2.4,30.54
2015-03-14 22:00:00,2.8,29.33
2015-03-14 23:00:00,2.4,24.39
2015-03-15 00:00:00,2.8,31.27
2015-03-15 01:00:00,2.2,26.66
2015-03-15 02:00:00,2.0,25.55
2015-03-15 03:00:00,2.3,25.38
2015-03-15 04:00:00,2.5,25.37
2015-03-15 05:00:00,2.4,25.05
2015-03-15 06:00:00,2.7,23.74
2015-03-15 07:00:00,3.0,24.48
2015-03-15 08:00:00,3.6,26.01
2015-03-15 09:00:00,4.0,29.38
2015-03-15 10:00:00,4.2,26.01
2015-03-15 11:00:00,3.9,26.07
2015-03-15 12:00:00,4.4,24.04
2015-03-15 13:00:00,3.3,23.65
2015-03-15 14:00:00,3.1,22.43
2015-03-15 15:00:00,3.5,23.3
2015-03-15 16:00:00,4.0,24.51
2015-03-15 17:00:00,3.8,31.73
2015-03-15 18:00:00,3.5,42.48
2015-03-15 19:00:00,4.7,41.96
2015-03-15 20:00:00,5.1,34.54
2015-03-15 21:00:00,5.3,27.18
2015-03-15 22:00:00,4.7,27.04
2015-03-15 23:00:00,4.3,23.32
2015-03-16 00:00:00,5.2,22.6
2015-03-16 01:00:00,4.5,22.52
2015-03-16 02:00:00,4.4,21.45
2015-03-16 03:00:00,4.8,21.64
2015-03-16 04:00:00,4.6,22.95
2015-03-16 05:00:00,5.0,25.12
2015-03-16 06:00:00,4.5,40.06
2015-03-16 07:00:00,4.9,43.93
2015-03-16 08:00:00,5.1,40.44
2015-03-16 09:00:00,6.4,31.37
2015-03-16 10:00:00,6.4,26.02
2015-03-16 11:00:00,6.5,25.42
2015-03-16 12:00:00,5.9,24.02
2015-03-16 13:00:00,5.8,23.76
2015-03-16 14:00:00,6.1,23.94
2015-03-16 15:00:00,6.1,25.24
2015-03-16 16:00:00,5.4,27.29
2015-03-16 17:00:00,4.0,38.45
2015-03-16 18:00:00,3.8,49.0
2015-03-16 19:00:00,4.2,56.51
2015-03-16 20:00:00,4.3,40.6
2015-03-16 21:00:00,4.5,33.99
2015-03-16 22:00:00,5.1,30.01
2015-03-16 23:00:00,4.2,23.93
2015-03-17 00:00:00,4.1,22.89
2015-03-17 01:00:00,4.5,22.68
2015-03-17 02:00:00,5.0,22.17
2015-03-17 03:00:00,4.5,23.02
2015-03-17 04:00:00,4.0,23.46
2015-03-17 05:00:00,3.5,25.42
2015-03-17 06:00:00,3.0,33.43
2015-03-17 07:00:00,4.3,43.51
2015-03-17 08:00:00,4.3,40.23
2015-03-17 09:00:00,5.6,29.9
2015-03-17 10:00:00,6.1,27.06
2015-03-17 11:00:00,6.2,26.57
2015-03-17 12:00:00,6.4,25.32
2015-03-17 13:00:00,6.0,25.12
2015-03-17 14:00:00,6.2,26.42
2015-03-17 15:00:00,5.3,29.37
2015-03-17 16:00:00,4.4,32.99
2015-03-17 17:00:00,4.1,43.52
2015-03-17 18:00:00,2.7,47.92
2015-03-17 19:00:00,3.5,55.64
2015-03-17 20:00:00,2.7,44.21
2015-03-17 21:00:00,3.1,33.86
2015-03-17 22:00:00,3.5,33.56
2015-03-17 23:00:00,2.9,28.11
2015-03-18 00:00:00,3.1,27.42
2015-03-18 01:00:00,3.5,28.51
2015-03-18 02:00:00,3.0,27.81
2015-03-18 03:00:00,2.4,27.84
2015-03-18 04:00:00,2.7,27.51
2015-03-18 05:00:00,3.1,29.46
2015-03-18 06:00:00,3.6,38.91
2015-03-18 07:00:00,4.0,47.44
2015-03-18 08:00:00,3.9,43.95
2015-03-18 09:00:00,4.8,33.92
2015-03-18 10:00:00,5.0,30.12
2015-03-18 11:00:00,6.0,32.39
2015-03-18 12:00:00,5.6,30.91
2015-03-18 13:00:00,5.3,30.57
2015-03-18 14:00:00,5.0,31.08
2015-03-18 15:00:00,4.9,35.18
2015-03-18 16:00:00,4.6,39.26
2015-03-18 17:00:00,4.2,43.45
2015-03-18 18:00:00,2.9,52.07
2015-03-18 19:00:00,2.5,60.04
2015-03-18 20:00:00,2.1,50.63
2015-03-18 21:00:00,3.0,41.56
2015-03-18 22:00:00,2.3,35.1
2015-03-18 23:00:00,2.2,29.31
2015-03-19 00:00:00,2.8,29.29
2015-03-19 01:00:00,1.9,29.53
2015-03-19 02:00:00,0.8,28.95
2015-03-19 03:00:00,1.4,28.3
2015-03-19 04:00:00,1.5,28.16
2015-03-19 05:00:00,1.3,31.08
2015-03-19 06:00:00,1.2,41.96
2015-03-19 07:00:00,2.0,50.93
2015-03-19 08:00:00,2.3,46.01
2015-03-19 09:00:00,3.0,33.61
2015-03-19 10:00:00,5.5,30.33
2015-03-19 11:00:00,4.8,29.97
2015-03-19 12:00:00,4.1,29.51
2015-03-19 13:00:00,4.0,29.64
2015-03-19 14:00:00,3.1,30.26
2015-03-19 15:00:00,2.7,31.97
2015-03-19 16:00:00,3.0,35.83
2015-03-19 17:00:00,2.4,43.91
2015-03-19 18:00:00,1.7,54.8
2015-03-19 19:00:00,1.8,65.67
2015-03-19 20:00:00,1.6,48.51
2015-03-19 21:00:00,0.8,42.91
2015-03-19 22:00:00,0.7,41.94
2015-03-19 23:00:00,0.6,30.48
2015-03-20 00:00:00,0.4,32.21
2015-03-20 01:00:00,0.2,32.39
2015-03-20 02:00:00,0.5,30.99
2015-03-20 03:00:00,0.4,29.46
2015-03-20 04:00:00,0.4,28.66
2015-03-20 05:00:00,0.6,29.61
2015-03-20 06:00:00,0.4,39.22
2015-03-20 07:00:00,0.4,45.42
2015-03-20 08:00:00,1.0,42.95
2015-03-20 09:00:00,1.0,31.04
2015-03-20 10:00:00,0.9,49.41
2015-03-20 11:00:00,1.6,30.42
2015-03-20 12:00:00,1.9,25.75
2015-03-20 13:00:00,2.1,25.73
2015-03-20 14:00:00,2.7,25.92
2015-03-20 15:00:00,1.9,28.49
2015-03-20 16:00:00,2.8,30.56
2015-03-20 17:00:00,2.7,38.45
2015-03-20 18:00:00,1.0,46.09
2015-03-20 19:00:00,0.9,55.0
2015-03-20 20:00:00,0.9,49.84
2015-03-20 21:00:00,1.1,37.55
2015-03-20 22:00:00,1.4,32.69
2015-03-20 23:00:00,1.3,29.41
2015-03-21 00:00:00,0.5,32.24
2015-03-21 01:00:00,0.8,29.05
2015-03-21 02:00:00,1.1,27.71
2015-03-21 03:00:00,0.7,28.73
2015-03-21 04:00:00,0.9,28.36
2015-03-21 05:00:00,0.9,27.11
2015-03-21 06:00:00,0.9,29.02
2015-03-21 07:00:00,0.8,29.59
2015-03-21 08:00:00,1.4,35.92
2015-03-21 09:00:00,1.8,33.08
2015-03-21 10:00:00,2.0,34.03
2015-03-21 11:00:00,1.9,39.94
2015-03-21 12:00:00,3.7,37.44
2015-03-21 13:00:00,4.0,30.24
2015-03-21 14:00:00,4.4,29.91
2015-03-21 15:00:00,4.7,29.94
2015-03-21 16:00:00,4.9,29.9
2015-03-21 17:00:00,5.3,30.63
2015-03-21 18:00:00,4.7,36.69
2015-03-21 19:00:00,3.9,33.99
2015-03-21 20:00:00,2.6,32.26
2015-03-21 21:00:00,2.7,26.43
2015-03-21 22:00:00,3.2,27.6
2015-03-21 23:00:00,2.6,23.42
2015-03-22 00:00:00,3.3,20.33
2015-03-22 01:00:00,3.2,15.15
2015-03-22 02:00:00,5.8,21.97
2015-03-22 03:00:00,5.6,23.73
2015-03-22 04:00:00,5.1,23.82
2015-03-22 05:00:00,4.6,23.74
2015-03-22 06:00:00,4.2,16.34
2015-03-22 07:00:00,5.0,20.51
2015-03-22 08:00:00,4.4,23.56
2015-03-22 09:00:00,4.2,24.44
2015-03-22 10:00:00,3.7,23.78
2015-03-22 11:00:00,3.5,24.75
2015-03-22 12:00:00,3.3,24.34
2015-03-22 13:00:00,2.8,21.98
2015-03-22 14:00:00,2.7,16.01
2015-03-22 15:00:00,2.9,17.65
2015-03-22 16:00:00,2.3,22.33
2015-03-22 17:00:00,2.6,26.09
2015-03-22 18:00:00,2.0,39.91
2015-03-22 19:00:00,1.9,46.01
2015-03-22 20:00:00,2.1,41.9
2015-03-22 21:00:00,2.7,36.82
2015-03-22 22:00:00,2.4,38.96
2015-03-22 23:00:00,1.4,29.49
2015-03-23 00:00:00,1.3,28.68
2015-03-23 01:00:00,0.9,29.01
2015-03-23 02:00:00,1.3,28.6
2015-03-23 03:00:00,0.8,28.07
2015-03-23 04:00:00,0.7,28.12
2015-03-23 05:00:00,0.6,31.64
2015-03-23 06:00:00,1.2,46.99
2015-03-23 07:00:00,1.3,57.59
2015-03-23 08:00:00,2.3,55.68
2015-03-23 09:00:00,2.5,44.2
2015-03-23 10:00:00,2.6,36.98
2015-03-23 11:00:00,2.4,34.01
2015-03-23 12:00:00,2.5,30.4
2015-03-23 13:00:00,2.7,29.97
2015-03-23 14:00:00,3.1,30.39
2015-03-23 15:00:00,2.5,36.92
2015-03-23 16:00:00,2.1,41.66
2015-03-23 17:00:00,1.8,51.34
2015-03-23 18:00:00,1.1,55.93
2015-03-23 19:00:00,0.5,75.61
2015-03-23 20:00:00,1.2,58.59
2015-03-23 21:00:00,1.4,49.36
2015-03-23 22:00:00,0.9,44.94
2015-03-23 23:00:00,1.2,34.0
2015-03-24 00:00:00,0.8,32.95
2015-03-24 01:00:00,1.5,31.82
2015-03-24 02:00:00,0.9,31.95
2015-03-24 03:00:00,0.4,32.68
2015-03-24 04:00:00,0.7,34.2
2015-03-24 05:00:00,0.8,36.13
2015-03-24 06:00:00,0.7,48.01
2015-03-24 07:00:00,1.6,57.96
2015-03-24 08:00:00,2.4,58.97
2015-03-24 09:00:00,2.9,50.64
2015-03-24 10:00:00,2.8,44.95
2015-03-24 11:00:00,2.8,44.23
2015-03-24 12:00:00,2.4,44.39
2015-03-24 13:00:00,3.0,46.01
2015-03-24 14:00:00,2.4,47.87
2015-03-24 15:00:00,2.6,50.57
2015-03-24 16:00:00,2.6,54.95
2015-03-24 17:00:00,4.4,58.05
2015-03-24 18:00:00,4.0,66.99
2015-03-24 19:00:00,2.4,98.05
2015-03-24 20:00:00,1.9,62.96
2015-03-24 21:00:00,1.8,52.4
2015-03-24 22:00:00,1.3,40.85
2015-03-24 23:00:00,0.7,31.09
2015-03-25 00:00:00,1.2,31.08
2015-03-25 01:00:00,0.4,30.21
2015-03-25 02:00:00,0.8,30.29
2015-03-25 03:00:00,0.3,29.62
2015-03-25 04:00:00,0.5,30.91
2015-03-25 05:00:00,0.8,32.54
2015-03-25 06:00:00,1.0,43.06
2015-03-25 07:00:00,1.1,48.28
2015-03-25 08:00:00,1.6,49.97
2015-03-25 09:00:00,2.4,43.93
2015-03-25 10:00:00,3.8,38.09
2015-03-25 11:00:00,3.9,37.89
2015-03-25 12:00:00,4.6,30.88
2015-03-25 13:00:00,4.3,33.08
2015-03-25 14:00:00,4.1,36.02
2015-03-25 15:00:00,4.1,42.44
2015-03-25 16:00:00,3.9,44.93
2015-03-25 17:00:00,4.2,48.64
2015-03-25 18:00:00,3.8,55.81
2015-03-25 19:00:00,3.7,65.96
2015-03-25 20:00:00,3.5,46.55
2015-03-25 21:00:00,3.1,39.79
2015-03-25 22:00:00,3.2,31.04
2015-03-25 23:00:00,4.3,27.98
2015-03-26 00:00:00,3.7,25.4
2015-03-26 01:00:00,3.4,26.81
2015-03-26 02:00:00,3.5,26.34
2015-03-26 03:00:00,1.7,27.28
2015-03-26 04:00:00,1.9,28.37
2015-03-26 05:00:00,2.7,30.27
2015-03-26 06:00:00,2.9,40.98
2015-03-26 07:00:00,2.7,46.95
2015-03-26 08:00:00,1.8,49.98
2015-03-26 09:00:00,4.7,52.9
2015-03-26 10:00:00,5.9,53.0
2015-03-26 11:00:00,5.2,53.87
2015-03-26 12:00:00,5.3,50.4
2015-03-26 13:00:00,5.0,48.3
2015-03-26 14:00:00,4.3,46.68
2015-03-26 15:00:00,4.3,46.9
2015-03-26 16:00:00,4.2,43.96
2015-03-26 17:00:00,2.9,43.34
2015-03-26 18:00:00,2.0,46.17
2015-03-26 19:00:00,0.9,52.02
2015-03-26 20:00:00,0.8,42.83
2015-03-26 21:00:00,0.9,37.26
2015-03-26 22:00:00,1.3,31.46
2015-03-26 23:00:00,0.9,26.11
2015-03-27 00:00:00,0.6,27.69
2015-03-27 01:00:00,1.2,27.64
2015-03-27 02:00:00,1.6,26.94
2015-03-27 03:00:00,2.6,26.5
2015-03-27 04:00:00,2.9,27.19
2015-03-27 05:00:00,2.3,29.34
2015-03-27 06:00:00,2.8,32.67
2015-03-27 07:00:00,3.0,36.25
2015-03-27 08:00:00,3.5,43.02
2015-03-27 09:00:00,3.9,39.98
2015-03-27 10:00:00,4.3,40.02
2015-03-27 11:00:00,3.5,38.94
2015-03-27 12:00:00,5.1,32.28
2015-03-27 13:00:00,4.9,29.85
2015-03-27 14:00:00,7.0,29.45
2015-03-27 15:00:00,6.3,29.52
2015-03-27 16:00:00,6.7,30.61
2015-03-27 17:00:00,6.8,40.03
2015-03-27 18:00:00,5.4,45.44
2015-03-27 19:00:00,5.0,46.49
2015-03-27 20:00:00,5.8,38.2
2015-03-27 21:00:00,5.7,32.31
2015-03-27 22:00:00,4.0,30.82
2015-03-27 23:00:00,5.5,27.33
2015-03-28 00:00:00,5.0,25.68
2015-03-28 01:00:00,5.2,24.97
2015-03-28 02:00:00,5.1,24.94
2015-03-28 03:00:00,5.1,27.06
2015-03-28 04:00:00,5.5,28.08
2015-03-28 05:00:00,5.1,30.95
2015-03-28 06:00:00,4.6,32.31
2015-03-28 07:00:00,3.9,32.55
2015-03-28 08:00:00,4.9,38.39
2015-03-28 09:00:00,4.6,30.96
2015-03-28 10:00:00,4.3,32.47
2015-03-28 11:00:00,3.0,28.22
2015-03-28 12:00:00,2.5,25.86
2015-03-28 13:00:00,2.4,23.29
2015-03-28 14:00:00,4.9,23.11
2015-03-28 15:00:00,3.5,23.57
2015-03-28 16:00:00,3.5,23.7
2015-03-28 17:00:00,2.8,26.87
2015-03-28 18:00:00,1.4,32.96
2015-03-28 19:00:00,1.9,34.96
2015-03-28 20:00:00,2.9,25.19
2015-03-28 21:00:00,3.4,22.18
2015-03-28 22:00:00,3.2,19.51
2015-03-28 23:00:00,3.2,11.71
2015-03-29 00:00:00,2.5,9.9
2015-03-29 01:00:00,2.7,8.93
2015-03-29 03:00:00,3.7,5.08
2015-03-29 04:00:00,2.6,6.98
2015-03-29 05:00:00,2.8,5.99
2015-03-29 06:00:00,3.0,-0.08
2015-03-29 07:00:00,2.9,-0.01
2015-03-29 08:00:00,4.5,10.69
2015-03-29 09:00:00,4.3,14.9
2015-03-29 10:00:00,3.5,14.92
2015-03-29 11:00:00,4.0,14.96
2015-03-29 12:00:00,5.7,14.95
2015-03-29 13:00:00,7.2,12.14
2015-03-29 14:00:00,5.7,14.27
2015-03-29 15:00:00,5.2,11.48
2015-03-29 16:00:00,5.2,10.55
2015-03-29 17:00:00,4.4,12.4
2015-03-29 18:00:00,3.9,18.59
2015-03-29 19:00:00,3.5,24.37
2015-03-29 20:00:00,3.8,24.43
2015-03-29 21:00:00,4.1,19.65
2015-03-29 22:00:00,6.4,15.0
2015-03-29 23:00:00,7.9,8.98
2015-03-30 00:00:00,8.8,-19.2
2015-03-30 01:00:00,8.1,-13.87
2015-03-30 02:00:00,9.9,-20.07
2015-03-30 03:00:00,10.2,-12.27
2015-03-30 04:00:00,8.5,-2.49
2015-03-30 05:00:00,7.4,9.37
2015-03-30 06:00:00,7.5,23.76
2015-03-30 07:00:00,9.0,32.39
2015-03-30 08:00:00,10.6,30.25
2015-03-30 09:00:00,8.8,28.45
2015-03-30 10:00:00,8.8,26.7
2015-03-30 11:00:00,9.8,25.27
2015-03-30 12:00:00,11.1,16.06
2015-03-30 13:00:00,11.4,14.92
2015-03-30 14:00:00,11.2,13.01
2015-03-30 15:00:00,10.8,12.7
2015-03-30 16:00:00,9.6,11.41
2015-03-30 17:00:00,10.0,15.19
2015-03-30 18:00:00,8.0,23.99
2015-03-30 19:00:00,7.9,36.34
2015-03-30 20:00:00,8.0,43.54
2015-03-30 21:00:00,8.1,34.94
2015-03-30 22:00:00,7.1,32.36
2015-03-30 23:00:00,6.3,22.51
2015-03-31 00:00:00,5.7,17.96
2015-03-31 01:00:00,4.6,12.48
2015-03-31 02:00:00,4.0,11.79
2015-03-31 03:00:00,3.2,10.22
2015-03-31 04:00:00,3.3,8.88
2015-03-31 05:00:00,6.1,15.23
2015-03-31 06:00:00,4.6,24.95
2015-03-31 07:00:00,5.4,25.99
2015-03-31 08:00:00,5.6,27.05
2015-03-31 09:00:00,5.3,27.29
2015-03-31 10:00:00,7.1,27.07
2015-03-31 11:00:00,10.5,27.05
2015-03-31 12:00:00,9.6,23.23
2015-03-31 13:00:00,10.8,22.39
2015-03-31 14:00:00,10.5,18.01
2015-03-31 15:00:00,12.7,14.96
2015-03-31 16:00:00,12.0,13.87
2015-03-31 17:00:00,14.3,14.57
2015-03-31 18:00:00,14.0,21.94
2015-03-31 19:00:00,14.9,22.09
2015-03-31 20:00:00,13.4,19.23
2015-03-31 21:00:00,11.7,16.99
2015-03-31 22:00:00,12.8,12.59
2015-03-31 23:00:00,13.0,-7.5
2015-04-01 00:00:00,9.9,9.34
2015-04-01 01:00:00,10.6,0.05
2015-04-01 02:00:00,10.8,-8.1
2015-04-01 03:00:00,10.4,-1.07
2015-04-01 04:00:00,9.9,5.06
2015-04-01 05:00:00,9.5,16.99
2015-04-01 06:00:00,8.6,23.77
2015-04-01 07:00:00,8.4,29.55
2015-04-01 08:00:00,9.2,31.0
2015-04-01 09:00:00,10.4,29.0
2015-04-01 10:00:00,9.2,25.21
2015-04-01 11:00:00,9.2,20.66
2015-04-01 12:00:00,10.5,13.55
2015-04-01 13:00:00,9.8,15.3
2015-04-01 14:00:00,9.1,15.18
2015-04-01 15:00:00,10.5,20.07
2015-04-01 16:00:00,9.4,16.97
2015-04-01 17:00:00,7.7,24.27
2015-04-01 18:00:00,7.8,27.09
2015-04-01 19:00:00,8.3,33.99
2015-04-01 20:00:00,8.3,32.76
2015-04-01 21:00:00,8.3,28.36
2015-04-01 22:00:00,7.9,27.19
2015-04-01 23:00:00,7.4,22.25
2015-04-02 00:00:00,6.7,24.34
2015-04-02 01:00:00,5.8,22.95
2015-04-02 02:00:00,5.9,19.9
2015-04-02 03:00:00,6.6,24.0
2015-04-02 04:00:00,4.6,24.31
2015-04-02 05:00:00,7.1,24.93
2015-04-02 06:00:00,6.9,35.14
2015-04-02 07:00:00,6.4,43.98
2015-04-02 08:00:00,5.5,48.3
2015-04-02 09:00:00,6.3,48.24
2015-04-02 10:00:00,7.0,47.65
2015-04-02 11:00:00,7.2,42.92
2015-04-02 12:00:00,7.8,39.13
2015-04-02 13:00:00,6.8,31.92
2015-04-02 14:00:00,8.7,26.31
2015-04-02 15:00:00,7.7,24.64
2015-04-02 16:00:00,7.9,24.03
2015-04-02 17:00:00,4.7,24.65
2015-04-02 18:00:00,4.5,27.4
2015-04-02 19:00:00,6.8,34.62
2015-04-02 20:00:00,5.1,39.06
2015-04-02 21:00:00,5.5,39.03
2015-04-02 22:00:00,6.5,31.99
2015-04-02 23:00:00,6.1,24.47
2015-04-03 00:00:00,5.8,19.46
2015-04-03 01:00:00,5.4,23.19
2015-04-03 02:00:00,5.2,22.78
2015-04-03 03:00:00,5.8,22.98
2015-04-03 04:00:00,7.1,22.01
2015-04-03 05:00:00,5.5,22.6
2015-04-03 06:00:00,5.0,23.55
2015-04-03 07:00:00,5.7,24.33
2015-04-03 08:00:00,5.4,22.58
2015-04-03 09:00:00,5.8,19.46
2015-04-03 10:00:00,4.9,11.95
2015-04-03 11:00:00,5.3,15.39
2015-04-03 12:00:00,7.2,15.35
2015-04-03 13:00:00,6.0,12.91
2015-04-03 14:00:00,5.6,13.08
2015-04-03 15:00:00,5.1,15.31
2015-04-03 16:00:00,5.7,16.95
2015-04-03 17:00:00,6.2,25.07
2015-04-03 18:00:00,5.0,33.97
2015-04-03 19:00:00,1.3,40.49
2015-04-03 20:00:00,2.3,39.97
2015-04-03 21:00:00,2.5,38.95
2015-04-03 22:00:00,2.7,36.96
2015-04-03 23:00:00,1.6,29.7
2015-04-04 00:00:00,0.9,27.58
2015-04-04 01:00:00,1.1,25.47
2015-04-04 02:00:00,1.0,25.51
2015-04-04 03:00:00,1.5,25.38
2015-04-04 04:00:00,1.2,25.1
2015-04-04 05:00:00,1.1,25.29
2015-04-04 06:00:00,1.3,25.4
2015-04-04 07:00:00,2.0,27.32
2015-04-04 08:00:00,2.3,31.1
2015-04-04 09:00:00,3.1,32.84
2015-04-04 10:00:00,4.5,30.94
2015-04-04 11:00:00,4.1,29.03
2015-04-04 12:00:00,3.6,26.07
2015-04-04 13:00:00,4.7,25.12
2015-04-04 14:00:00,3.8,24.91
2015-04-04 15:00:00,2.5,24.81
2015-04-04 16:00:00,2.5,24.45
2015-04-04 17:00:00,2.5,26.01
2015-04-04 18:00:00,3.6,31.29
2015-04-04 19:00:00,2.4,31.09
2015-04-04 20:00:00,1.7,33.18
2015-04-04 21:00:00,2.1,33.21
2015-04-04 22:00:00,2.0,33.15
2015-04-04 23:00:00,1.5,27.32
2015-04-05 00:00:00,1.5,29.62
2015-04-05 01:00:00,1.2,26.08
2015-04-05 02:00:00,1.5,25.42
2015-04-05 03:00:00,1.4,25.08
2015-04-05 04:00:00,1.2,24.6
2015-04-05 05:00:00,1.0,24.72
2015-04-05 06:00:00,0.9,24.18
2015-04-05 07:00:00,1.4,24.72
2015-04-05 08:00:00,1.6,25.41
2015-04-05 09:00:00,2.8,25.33
2015-04-05 10:00:00,3.8,24.33
2015-04-05 11:00:00,4.3,25.34
2015-04-05 12:00:00,4.9,23.1
2015-04-05 13:00:00,3.6,16.39
2015-04-05 14:00:00,4.5,15.23
2015-04-05 15:00:00,4.9,12.0
2015-04-05 16:00:00,5.3,12.2
2015-04-05 17:00:00,3.5,18.45
2015-04-05 18:00:00,2.1,26.22
2015-04-05 19:00:00,1.0,30.57
2015-04-05 20:00:00,1.0,39.0
2015-04-05 21:00:00,0.8,37.63
2015-04-05 22:00:00,1.1,39.06
2015-04-05 23:00:00,1.0,34.97
2015-04-06 00:00:00,1.5,27.01
2015-04-06 01:00:00,1.3,25.17
2015-04-06 02:00:00,1.0,24.09
2015-04-06 03:00:00,2.2,24.07
2015-04-06 04:00:00,2.3,24.62
2015-04-06 05:00:00,1.6,24.79
2015-04-06 06:00:00,1.4,23.07
2015-04-06 07:00:00,1.6,25.05
2015-04-06 08:00:00,2.3,24.03
2015-04-06 09:00:00,3.6,25.13
2015-04-06 10:00:00,4.7,25.93
2015-04-06 11:00:00,5.0,26.14
2015-04-06 12:00:00,4.6,25.98
2015-04-06 13:00:00,5.7,24.03
2015-04-06 14:00:00,5.6,18.06
2015-04-06 15:00:00,5.2,15.35
2015-04-06 16:00:00,3.4,16.68
2015-04-06 17:00:00,4.3,22.82
2015-04-06 18:00:00,3.1,28.27
2015-04-06 19:00:00,2.1,30.41
2015-04-06 20:00:00,1.9,37.99
2015-04-06 21:00:00,1.2,35.18
2015-04-06 22:00:00,0.9,34.44
2015-04-06 23:00:00,1.1,31.93
2015-04-07 00:00:00,0.8,34.67
2015-04-07 01:00:00,0.8,31.64
2015-04-07 02:00:00,1.3,30.68
2015-04-07 03:00:00,1.2,28.01
2015-04-07 04:00:00,0.9,29.28
2015-04-07 05:00:00,0.9,31.88
2015-04-07 06:00:00,1.4,47.58
2015-04-07 07:00:00,2.5,55.26
2015-04-07 08:00:00,4.8,46.62
2015-04-07 09:00:00,5.0,40.08
2015-04-07 10:00:00,6.3,31.12
2015-04-07 11:00:00,5.6,29.7
2015-04-07 12:00:00,5.5,26.8
2015-04-07 13:00:00,6.2,26.41
2015-04-07 14:00:00,6.5,25.9
2015-04-07 15:00:00,6.5,27.58
2015-04-07 16:00:00,6.8,28.91
2015-04-07 17:00:00,6.7,35.07
2015-04-07 18:00:00,6.1,45.0
2015-04-07 19:00:00,5.9,49.94
2015-04-07 20:00:00,4.7,52.23
2015-04-07 21:00:00,4.5,45.16
2015-04-07 22:00:00,4.1,40.9
2015-04-07 23:00:00,4.2,32.36
2015-04-08 00:00:00,4.6,29.45
2015-04-08 01:00:00,3.9,28.74
2015-04-08 02:00:00,3.9,28.23
2015-04-08 03:00:00,5.1,28.28
2015-04-08 04:00:00,4.5,28.92
2015-04-08 05:00:00,4.5,30.86
2015-04-08 06:00:00,5.0,41.96
2015-04-08 07:00:00,4.2,51.0
2015-04-08 08:00:00,4.2,54.8
2015-04-08 09:00:00,4.4,54.09
2015-04-08 10:00:00,4.5,47.42
2015-04-08 11:00:00,5.0,44.43
2015-04-08 12:00:00,5.1,40.39
2015-04-08 13:00:00,4.4,39.91
2015-04-08 14:00:00,3.3,38.62
2015-04-08 15:00:00,3.5,40.45
2015-04-08 16:00:00,3.9,41.11
2015-04-08 17:00:00,2.9,42.94
2015-04-08 18:00:00,2.1,46.01
2015-04-08 19:00:00,1.1,52.92
2015-04-08 20:00:00,0.9,58.24
2015-04-08 21:00:00,1.4,54.64
2015-04-08 22:00:00,1.2,47.0
2015-04-08 23:00:00,0.7,37.17
2015-04-09 00:00:00,0.7,31.77
2015-04-09 01:00:00,0.8,31.06
2015-04-09 02:00:00,0.6,30.97
2015-04-09 03:00:00,0.7,30.47
2015-04-09 04:00:00,0.6,31.24
2015-04-09 05:00:00,0.7,31.74
2015-04-09 06:00:00,1.3,45.0
2015-04-09 07:00:00,1.3,64.99
2015-04-09 08:00:00,2.6,69.03
2015-04-09 09:00:00,3.5,51.92
2015-04-09 10:00:00,3.5,43.11
2015-04-09 11:00:00,3.4,40.98
2015-04-09 12:00:00,2.8,32.22
2015-04-09 13:00:00,2.7,30.89
2015-04-09 14:00:00,2.7,31.01
2015-04-09 15:00:00,2.3,31.23
2015-04-09 16:00:00,2.4,36.05
2015-04-09 17:00:00,1.5,42.09
2015-04-09 18:00:00,1.3,52.11
2015-04-09 19:00:00,0.9,56.18
2015-04-09 20:00:00,0.7,59.98
2015-04-09 21:00:00,1.1,57.85
2015-04-09 22:00:00,2.1,49.38
2015-04-09 23:00:00,1.0,35.6
2015-04-10 00:00:00,0.7,29.99
2015-04-10 01:00:00,0.6,29.92
2015-04-10 02:00:00,0.5,29.36
2015-04-10 03:00:00,0.5,29.44
2015-04-10 04:00:00,0.6,29.47
2015-04-10 05:00:00,1.3,30.1
2015-04-10 06:00:00,1.0,43.95
2015-04-10 07:00:00,0.8,52.44
2015-04-10 08:00:00,1.1,54.25
2015-04-10 09:00:00,1.0,42.6
2015-04-10 10:00:00,1.8,35.13
2015-04-10 11:00:00,2.4,29.77
2015-04-10 12:00:00,2.1,28.21
2015-04-10 13:00:00,1.7,27.51
2015-04-10 14:00:00,1.9,26.43
2015-04-10 15:00:00,1.6,27.22
2015-04-10 16:00:00,1.5,28.23
2015-04-10 17:00:00,2.1,33.84
2015-04-10 18:00:00,1.2,42.96
2015-04-10 19:00:00,0.9,47.08
2015-04-10 20:00:00,0.9,48.56
2015-04-10 21:00:00,1.0,41.92
2015-04-10 22:00:00,1.4,35.97
2015-04-10 23:00:00,1.8,28.25
2015-04-11 00:00:00,2.0,34.02
2015-04-11 01:00:00,2.3,29.22
2015-04-11 02:00:00,2.1,25.91
2015-04-11 03:00:00,2.3,25.16
2015-04-11 04:00:00,1.8,25.14
2015-04-11 05:00:00,1.6,25.22
2015-04-11 06:00:00,1.0,25.43
2015-04-11 07:00:00,1.7,29.32
2015-04-11 08:00:00,2.4,29.0
2015-04-11 09:00:00,3.1,26.94
2015-04-11 10:00:00,4.9,26.26
2015-04-11 11:00:00,6.0,25.09
2015-04-11 12:00:00,5.7,15.58
2015-04-11 13:00:00,7.6,15.08
2015-04-11 14:00:00,7.4,15.05
2015-04-11 15:00:00,6.6,15.35
2015-04-11 16:00:00,6.1,15.74
2015-04-11 17:00:00,6.4,18.97
2015-04-11 18:00:00,6.3,23.94
2015-04-11 19:00:00,4.9,24.02
2015-04-11 20:00:00,5.0,24.5
2015-04-11 21:00:00,5.2,24.33
2015-04-11 22:00:00,4.7,23.93
2015-04-11 23:00:00,4.4,22.11
2015-04-12 00:00:00,5.2,-14.47
2015-04-12 01:00:00,6.2,-16.78
2015-04-12 02:00:00,8.5,-12.2
2015-04-12 03:00:00,6.7,0.1
2015-04-12 04:00:00,5.8,11.37
2015-04-12 05:00:00,2.7,14.3
2015-04-12 06:00:00,3.4,12.99
2015-04-12 07:00:00,4.0,14.27
2015-04-12 08:00:00,4.3,14.87
2015-04-12 09:00:00,3.7,14.25
2015-04-12 10:00:00,2.6,9.27
2015-04-12 11:00:00,3.0,0.08
2015-04-12 12:00:00,3.2,-4.96
2015-04-12 13:00:00,3.7,-65.06
2015-04-12 14:00:00,4.8,-79.94
2015-04-12 15:00:00,5.2,-65.02
2015-04-12 16:00:00,5.0,-19.11
2015-04-12 17:00:00,3.5,10.16
2015-04-12 18:00:00,2.1,20.98
2015-04-12 19:00:00,1.3,27.92
2015-04-12 20:00:00,1.5,31.93
2015-04-12 21:00:00,1.7,29.54
2015-04-12 22:00:00,2.7,26.05
2015-04-12 23:00:00,2.4,20.3
2015-04-13 00:00:00,2.9,0.03
2015-04-13 01:00:00,4.1,-10.1
2015-04-13 02:00:00,5.8,-41.74
2015-04-13 03:00:00,6.2,-19.92
2015-04-13 04:00:00,6.9,-7.72
2015-04-13 05:00:00,7.6,0.44
2015-04-13 06:00:00,9.7,25.85
2015-04-13 07:00:00,9.8,39.97
2015-04-13 08:00:00,9.4,41.81
2015-04-13 09:00:00,9.1,29.67
2015-04-13 10:00:00,8.5,26.01
2015-04-13 11:00:00,8.3,25.67
2015-04-13 12:00:00,8.3,23.24
2015-04-13 13:00:00,8.1,22.73
2015-04-13 14:00:00,8.0,22.12
2015-04-13 15:00:00,8.3,23.08
2015-04-13 16:00:00,7.9,24.32
2015-04-13 17:00:00,7.1,26.54
2015-04-13 18:00:00,6.6,34.06
2015-04-13 19:00:00,4.7,43.58
2015-04-13 20:00:00,3.3,52.32
2015-04-13 21:00:00,3.4,48.19
2015-04-13 22:00:00,3.6,42.97
2015-04-13 23:00:00,3.5,35.05
2015-04-14 00:00:00,2.8,30.06
2015-04-14 01:00:00,2.5,29.49
2015-04-14 02:00:00,2.5,28.74
2015-04-14 03:00:00,2.2,27.58
2015-04-14 04:00:00,2.1,27.08
2015-04-14 05:00:00,1.7,29.47
2015-04-14 06:00:00,2.2,42.23
2015-04-14 07:00:00,3.1,51.41
2015-04-14 08:00:00,3.9,53.84
2015-04-14 09:00:00,4.8,41.54
2015-04-14 10:00:00,5.5,37.9
2015-04-14 11:00:00,6.8,32.57
2015-04-14 12:00:00,6.7,28.2
2015-04-14 13:00:00,7.1,26.01
2015-04-14 14:00:00,6.3,25.13
2015-04-14 15:00:00,6.3,25.08
2015-04-14 16:00:00,4.3,23.5
2015-04-14 17:00:00,4.1,26.32
2015-04-14 18:00:00,4.1,30.05
2015-04-14 19:00:00,3.0,39.18
2015-04-14 20:00:00,2.3,40.95
2015-04-14 21:00:00,2.5,33.42
2015-04-14 22:00:00,3.0,27.59
2015-04-14 23:00:00,4.1,24.26
2015-04-15 00:00:00,3.3,23.05
2015-04-15 01:00:00,3.7,24.07
2015-04-15 02:00:00,3.2,23.63
2015-04-15 03:00:00,3.1,24.06
2015-04-15 04:00:00,3.1,24.7
2015-04-15 05:00:00,3.1,25.74
2015-04-15 06:00:00,3.5,38.15
2015-04-15 07:00:00,4.0,44.97
2015-04-15 08:00:00,4.1,41.93
2015-04-15 09:00:00,4.7,33.52
2015-04-15 10:00:00,6.4,26.5
2015-04-15 11:00:00,7.2,23.54
2015-04-15 12:00:00,8.3,20.09
2015-04-15 13:00:00,8.1,14.04
2015-04-15 14:00:00,8.3,12.3
2015-04-15 15:00:00,8.4,13.73
2015-04-15 16:00:00,7.5,13.13
2015-04-15 17:00:00,7.5,19.92
2015-04-15 18:00:00,5.0,26.46
2015-04-15 19:00:00,3.4,35.78
2015-04-15 20:00:00,3.0,41.59
2015-04-15 21:00:00,2.9,37.96
2015-04-15 22:00:00,2.6,32.61
2015-04-15 23:00:00,2.5,25.62
2015-04-16 00:00:00,2.7,25.31
2015-04-16 01:00:00,2.7,25.08
2015-04-16 02:00:00,2.7,25.0
2015-04-16 03:00:00,2.3,24.99
2015-04-16 04:00:00,3.2,25.07
2015-04-16 05:00:00,2.7,29.79
2015-04-16 06:00:00,3.2,43.13
2015-04-16 07:00:00,4.0,50.03
2015-04-16 08:00:00,4.1,52.0
2015-04-16 09:00:00,4.4,39.9
2015-04-16 10:00:00,4.5,30.61
2015-04-16 11:00:00,5.2,29.29
2015-04-16 12:00:00,4.3,26.94
2015-04-16 13:00:00,3.4,25.51
2015-04-16 14:00:00,4.1,25.33
2015-04-16 15:00:00,3.2,27.63
2015-04-16 16:00:00,3.7,30.04
2015-04-16 17:00:00,4.0,35.04
2015-04-16 18:00:00,2.9,41.56
2015-04-16 19:00:00,2.1,47.23
2015-04-16 20:00:00,1.7,49.49
2015-04-16 21:00:00,2.1,45.1
2015-04-16 22:00:00,1.7,39.37
2015-04-16 23:00:00,1.0,29.59
2015-04-17 00:00:00,0.9,29.22
2015-04-17 01:00:00,1.2,29.43
2015-04-17 02:00:00,1.4,29.02
2015-04-17 03:00:00,1.7,27.8
2015-04-17 04:00:00,1.2,27.72
2015-04-17 05:00:00,1.1,30.03
2015-04-17 06:00:00,1.4,43.23
2015-04-17 07:00:00,2.8,50.0
2015-04-17 08:00:00,2.9,54.9
2015-04-17 09:00:00,3.3,47.1
2015-04-17 10:00:00,4.4,45.28
2015-04-17 11:00:00,4.7,44.3
2015-04-17 12:00:00,5.2,42.11
2015-04-17 13:00:00,5.9,37.98
2015-04-17 14:00:00,6.2,30.09
2015-04-17 15:00:00,6.4,30.52
2015-04-17 16:00:00,5.3,30.07
2015-04-17 17:00:00,4.5,34.09
2015-04-17 18:00:00,4.0,38.7
2015-04-17 19:00:00,2.6,44.12
2015-04-17 20:00:00,2.5,45.7
2015-04-17 21:00:00,3.7,40.07
2015-04-17 22:00:00,3.0,34.66
2015-04-17 23:00:00,2.2,28.85
2015-04-18 00:00:00,2.8,31.89
2015-04-18 01:00:00,3.4,28.13
2015-04-18 02:00:00,2.8,26.99
2015-04-18 03:00:00,2.6,25.04
2015-04-18 04:00:00,2.4,25.04
2015-04-18 05:00:00,2.4,27.95
2015-04-18 06:00:00,2.8,27.54
2015-04-18 07:00:00,3.0,27.68
2015-04-18 08:00:00,3.7,29.19
2015-04-18 09:00:00,4.1,26.8
2015-04-18 10:00:00,4.6,23.31
2015-04-18 11:00:00,4.1,22.27
2015-04-18 12:00:00,4.1,20.38
2015-04-18 13:00:00,4.4,17.38
2015-04-18 14:00:00,4.3,14.03
2015-04-18 15:00:00,4.2,11.94
2015-04-18 16:00:00,4.0,15.11
2015-04-18 17:00:00,4.4,20.37
2015-04-18 18:00:00,2.1,27.41
2015-04-18 19:00:00,0.8,38.54
2015-04-18 20:00:00,0.9,43.94
2015-04-18 21:00:00,0.6,40.8
2015-04-18 22:00:00,0.7,39.58
2015-04-18 23:00:00,1.1,33.31
2015-04-19 00:00:00,1.3,26.4
2015-04-19 01:00:00,1.1,23.87
2015-04-19 02:00:00,1.0,23.29
2015-04-19 03:00:00,0.8,21.94
2015-04-19 04:00:00,0.7,20.44
2015-04-19 05:00:00,0.6,21.31
2015-04-19 06:00:00,0.5,19.98
2015-04-19 07:00:00,1.8,20.3
2015-04-19 08:00:00,1.5,23.01
2015-04-19 09:00:00,2.5,22.89
2015-04-19 10:00:00,2.7,20.3
2015-04-19 11:00:00,2.8,19.98
2015-04-19 12:00:00,3.7,19.94
2015-04-19 13:00:00,3.9,11.52
2015-04-19 14:00:00,3.8,10.1
2015-04-19 15:00:00,4.7,11.85
2015-04-19 16:00:00,4.3,16.14
2015-04-19 17:00:00,3.5,20.92
2015-04-19 18:00:00,2.7,25.22
2015-04-19 19:00:00,1.3,35.12
2015-04-19 20:00:00,0.9,39.51
2015-04-19 21:00:00,1.2,39.64
2015-04-19 22:00:00,1.0,36.62
2015-04-19 23:00:00,0.8,28.2
2015-04-20 00:00:00,1.0,29.18
2015-04-20 01:00:00,1.1,26.13
2015-04-20 02:00:00,0.9,24.95
2015-04-20 03:00:00,1.3,22.71
2015-04-20 04:00:00,1.3,22.73
2015-04-20 05:00:00,1.7,28.8
2015-04-20 06:00:00,2.5,45.02
2015-04-20 07:00:00,4.0,50.04
2015-04-20 08:00:00,5.3,44.0
2015-04-20 09:00:00,5.7,36.0
2015-04-20 10:00:00,6.4,29.18
2015-04-20 11:00:00,6.3,28.27
2015-04-20 12:00:00,6.8,26.74
2015-04-20 13:00:00,6.9,25.41
2015-04-20 14:00:00,6.9,25.07
2015-04-20 15:00:00,7.3,25.83
2015-04-20 16:00:00,6.0,26.45
2015-04-20 17:00:00,5.2,29.53
2015-04-20 18:00:00,4.7,37.64
2015-04-20 19:00:00,4.0,44.96
2015-04-20 20:00:00,3.4,45.39
2015-04-20 21:00:00,3.0,42.22
2015-04-20 22:00:00,1.9,37.06
2015-04-20 23:00:00,0.8,31.34
2015-04-21 00:00:00,0.9,27.48
2015-04-21 01:00:00,1.1,27.5
2015-04-21 02:00:00,1.1,26.53
2015-04-21 03:00:00,2.0,25.99
2015-04-21 04:00:00,2.6,26.87
2015-04-21 05:00:00,4.0,29.95
2015-04-21 06:00:00,3.7,40.57
2015-04-21 07:00:00,5.1,46.92
2015-04-21 08:00:00,7.6,42.97
2015-04-21 09:00:00,7.7,33.71
2015-04-21 10:00:00,7.4,28.26
2015-04-21 11:00:00,7.7,27.31
2015-04-21 12:00:00,9.0,24.35
2015-04-21 13:00:00,9.6,19.05
2015-04-21 14:00:00,9.5,14.94
2015-04-21 15:00:00,9.5,17.65
2015-04-21 16:00:00,8.0,22.13
2015-04-21 17:00:00,7.3,25.5
2015-04-21 18:00:00,5.8,34.9
2015-04-21 19:00:00,5.1,41.4
2015-04-21 20:00:00,3.8,43.34
2015-04-21 21:00:00,1.6,40.34
2015-04-21 22:00:00,1.5,35.32
2015-04-21 23:00:00,0.8,26.94
2015-04-22 00:00:00,1.6,25.32
2015-04-22 01:00:00,1.7,24.53
2015-04-22 02:00:00,1.8,23.55
2015-04-22 03:00:00,3.4,22.06
2015-04-22 04:00:00,4.5,22.96
2015-04-22 05:00:00,4.8,26.98
2015-04-22 06:00:00,3.6,34.01
2015-04-22 07:00:00,4.3,45.97
2015-04-22 08:00:00,3.5,50.39
2015-04-22 09:00:00,3.7,44.91
2015-04-22 10:00:00,2.5,39.14
2015-04-22 11:00:00,1.6,33.21
2015-04-22 12:00:00,1.8,30.03
2015-04-22 13:00:00,3.3,29.71
2015-04-22 14:00:00,2.9,29.57
2015-04-22 15:00:00,2.5,29.69
2015-04-22 16:00:00,2.7,30.05
2015-04-22 17:00:00,2.7,39.2
2015-04-22 18:00:00,1.8,45.08
2015-04-22 19:00:00,1.1,50.34
2015-04-22 20:00:00,0.5,50.44
2015-04-22 21:00:00,0.9,47.05
2015-04-22 22:00:00,0.9,44.2
2015-04-22 23:00:00,1.0,38.42
2015-04-23 00:00:00,1.2,31.09
2015-04-23 01:00:00,0.9,29.04
2015-04-23 02:00:00,1.1,27.31
2015-04-23 03:00:00,0.8,25.07
2015-04-23 04:00:00,1.1,25.94
2015-04-23 05:00:00,0.8,30.07
2015-04-23 06:00:00,0.8,38.97
2015-04-23 07:00:00,1.1,44.27
2015-04-23 08:00:00,1.2,46.37
2015-04-23 09:00:00,1.1,41.0
2015-04-23 10:00:00,2.1,33.73
2015-04-23 11:00:00,2.2,29.75
2015-04-23 12:00:00,2.5,28.79
2015-04-23 13:00:00,3.1,28.88
2015-04-23 14:00:00,3.8,28.08
2015-04-23 15:00:00,3.4,29.15
2015-04-23 16:00:00,3.7,30.01
2015-04-23 17:00:00,4.0,34.15
2015-04-23 18:00:00,3.0,40.95
2015-04-23 19:00:00,2.0,45.99
2015-04-23 20:00:00,2.1,46.47
2015-04-23 21:00:00,1.9,44.42
2015-04-23 22:00:00,1.5,41.08
2015-04-23 23:00:00,0.9,32.56
2015-04-24 00:00:00,0.8,28.9
2015-04-24 01:00:00,1.0,27.33
2015-04-24 02:00:00,1.0,26.21
2015-04-24 03:00:00,0.9,25.4
2015-04-24 04:00:00,1.0,25.31
2015-04-24 05:00:00,0.8,29.1
2015-04-24 06:00:00,1.1,39.97
2015-04-24 07:00:00,2.7,46.78
2015-04-24 08:00:00,2.7,47.44
2015-04-24 09:00:00,3.1,42.0
2015-04-24 10:00:00,3.6,38.93
2015-04-24 11:00:00,4.4,30.87
2015-04-24 12:00:00,4.5,28.16
2015-04-24 13:00:00,5.0,26.23
2015-04-24 14:00:00,5.0,25.2
2015-04-24 15:00:00,4.9,26.24
2015-04-24 16:00:00,4.7,27.32
2015-04-24 17:00:00,4.1,31.95
2015-04-24 18:00:00,2.7,37.73
2015-04-24 19:00:00,1.1,41.04
2015-04-24 20:00:00,1.1,41.52
2015-04-24 21:00:00,1.3,40.63
2015-04-24 22:00:00,1.5,37.68
2015-04-24 23:00:00,2.3,29.98
2015-04-25 00:00:00,1.8,28.08
2015-04-25 01:00:00,1.4,25.01
2015-04-25 02:00:00,1.2,24.0
2015-04-25 03:00:00,1.2,22.64
2015-04-25 04:00:00,1.4,21.98
2015-04-25 05:00:00,0.9,21.68
2015-04-25 06:00:00,1.6,21.74
2015-04-25 07:00:00,2.5,22.71
2015-04-25 08:00:00,2.6,24.96
2015-04-25 09:00:00,3.7,28.47
2015-04-25 10:00:00,3.5,29.6
2015-04-25 11:00:00,4.1,28.87
2015-04-25 12:00:00,4.4,28.22
2015-04-25 13:00:00,4.6,25.95
2015-04-25 14:00:00,3.9,24.51
2015-04-25 15:00:00,4.0,23.65
2015-04-25 16:00:00,4.4,23.9
2015-04-25 17:00:00,6.2,26.5
2015-04-25 18:00:00,4.4,31.24
2015-04-25 19:00:00,3.2,32.98
2015-04-25 20:00:00,2.1,33.23
2015-04-25 21:00:00,1.8,30.29
2015-04-25 22:00:00,3.5,31.17
2015-04-25 23:00:00,4.7,27.37
2015-04-26 00:00:00,4.0,22.39
2015-04-26 01:00:00,3.7,20.87
2015-04-26 02:00:00,4.1,19.48
2015-04-26 03:00:00,3.7,18.87
2015-04-26 04:00:00,3.3,17.79
2015-04-26 05:00:00,2.9,18.26
2015-04-26 06:00:00,3.3,18.75
2015-04-26 07:00:00,3.2,19.17
2015-04-26 08:00:00,2.7,20.14
2015-04-26 09:00:00,2.4,23.05
2015-04-26 10:00:00,3.1,23.19
2015-04-26 11:00:00,3.3,23.26
2015-04-26 12:00:00,4.0,22.81
2015-04-26 13:00:00,3.0,19.8
2015-04-26 14:00:00,4.1,18.45
2015-04-26 15:00:00,3.2,16.3
2015-04-26 16:00:00,3.1,18.13
2015-04-26 17:00:00,2.2,21.57
2015-04-26 18:00:00,2.1,24.98
2015-04-26 19:00:00,0.9,29.57
2015-04-26 20:00:00,1.0,34.97
2015-04-26 21:00:00,1.0,33.28
2015-04-26 22:00:00,1.3,33.55
2015-04-26 23:00:00,1.4,32.63
2015-04-27 00:00:00,1.8,29.72
2015-04-27 01:00:00,2.2,24.45
2015-04-27 02:00:00,1.8,23.21
2015-04-27 03:00:00,2.0,23.06
2015-04-27 04:00:00,2.3,23.07
2015-04-27 05:00:00,2.3,25.18
2015-04-27 06:00:00,2.4,38.0
2015-04-27 07:00:00,2.8,43.94
2015-04-27 08:00:00,2.5,48.57
2015-04-27 09:00:00,2.4,46.0
2015-04-27 10:00:00,2.6,44.44
2015-04-27 11:00:00,3.3,42.63
2015-04-27 12:00:00,2.0,39.03
2015-04-27 13:00:00,2.3,36.64
2015-04-27 14:00:00,2.4,33.46
2015-04-27 15:00:00,5.0,33.42
2015-04-27 16:00:00,7.5,31.57
2015-04-27 17:00:00,8.0,32.99
2015-04-27 18:00:00,6.7,34.97
2015-04-27 19:00:00,5.6,38.35
2015-04-27 20:00:00,3.0,40.8
2015-04-27 21:00:00,3.2,39.96
2015-04-27 22:00:00,4.0,37.6
2015-04-27 23:00:00,4.6,29.79
2015-04-28 00:00:00,4.9,29.81
2015-04-28 01:00:00,4.9,29.91
2015-04-28 02:00:00,4.9,27.87
2015-04-28 03:00:00,4.0,25.13
2015-04-28 04:00:00,3.5,25.5
2015-04-28 05:00:00,4.0,29.91
2015-04-28 06:00:00,3.3,38.74
2015-04-28 07:00:00,4.4,49.05
2015-04-28 08:00:00,5.3,57.79
2015-04-28 09:00:00,4.9,55.04
2015-04-28 10:00:00,4.5,49.97
2015-04-28 11:00:00,6.7,47.92
2015-04-28 12:00:00,5.6,40.99
2015-04-28 13:00:00,5.8,37.17
2015-04-28 14:00:00,4.5,33.9
2015-04-28 15:00:00,4.7,30.62
2015-04-28 16:00:00,3.6,29.65
2015-04-28 17:00:00,2.5,31.39
2015-04-28 18:00:00,2.5,34.53
2015-04-28 19:00:00,2.1,41.11
2015-04-28 20:00:00,1.1,42.23
2015-04-28 21:00:00,1.0,40.9
2015-04-28 22:00:00,1.8,34.83
2015-04-28 23:00:00,3.4,27.2
2015-04-29 00:00:00,3.9,25.77
2015-04-29 01:00:00,3.3,26.45
2015-04-29 02:00:00,2.4,25.75
2015-04-29 03:00:00,2.1,25.4
2015-04-29 04:00:00,2.3,25.94
2015-04-29 05:00:00,2.3,28.94
2015-04-29 06:00:00,2.9,38.9
2015-04-29 07:00:00,3.4,42.01
2015-04-29 08:00:00,3.3,41.39
2015-04-29 09:00:00,2.6,31.9
2015-04-29 10:00:00,1.7,28.83
2015-04-29 11:00:00,1.9,28.23
2015-04-29 12:00:00,1.5,27.51
2015-04-29 13:00:00,1.9,26.45
2015-04-29 14:00:00,2.3,26.92
2015-04-29 15:00:00,1.4,28.75
2015-04-29 16:00:00,2.4,28.99
2015-04-29 17:00:00,2.4,34.91
2015-04-29 18:00:00,2.1,41.1
2015-04-29 19:00:00,2.1,44.94
2015-04-29 20:00:00,1.6,43.17
2015-04-29 21:00:00,2.3,41.39
2015-04-29 22:00:00,2.7,35.46
2015-04-29 23:00:00,2.2,27.79
2015-04-30 00:00:00,2.1,25.95
2015-04-30 01:00:00,2.6,25.26
2015-04-30 02:00:00,2.8,25.93
2015-04-30 03:00:00,2.8,25.81
2015-04-30 04:00:00,2.7,26.47
2015-04-30 05:00:00,2.5,29.17
2015-04-30 06:00:00,3.0,38.7
2015-04-30 07:00:00,4.0,44.99
2015-04-30 08:00:00,4.1,43.91
2015-04-30 09:00:00,3.3,39.95
2015-04-30 10:00:00,3.9,39.24
2015-04-30 11:00:00,4.8,37.97
2015-04-30 12:00:00,4.2,33.12
2015-04-30 13:00:00,4.4,29.4
2015-04-30 14:00:00,3.9,29.92
2015-04-30 15:00:00,3.6,29.96
2015-04-30 16:00:00,3.5,33.91
2015-04-30 17:00:00,3.0,37.91
2015-04-30 18:00:00,2.6,41.13
2015-04-30 19:00:00,2.4,44.92
2015-04-30 20:00:00,2.5,42.12
2015-04-30 21:00:00,2.4,41.98
2015-04-30 22:00:00,3.7,38.41
2015-04-30 23:00:00,1.5,33.3
2015-05-01 00:00:00,3.1,24.34
2015-05-01 01:00:00,3.0,24.09
2015-05-01 02:00:00,2.3,23.79
2015-05-01 03:00:00,2.1,23.42
2015-05-01 04:00:00,1.9,22.83
2015-05-01 05:00:00,2.9,22.01
2015-05-01 06:00:00,2.3,19.09
2015-05-01 07:00:00,3.8,20.92
2015-05-01 08:00:00,4.8,19.83
2015-05-01 09:00:00,4.1,21.11
2015-05-01 10:00:00,3.3,22.81
2015-05-01 11:00:00,3.3,23.21
2015-05-01 12:00:00,3.6,24.57
2015-05-01 13:00:00,3.9,21.4
2015-05-01 14:00:00,4.0,20.09
2015-05-01 15:00:00,3.6,19.12
2015-05-01 16:00:00,3.7,19.97
2015-05-01 17:00:00,3.6,21.69
2015-05-01 18:00:00,2.5,24.83
2015-05-01 19:00:00,1.0,25.92
2015-05-01 20:00:00,0.4,28.69
2015-05-01 21:00:00,0.7,28.65
2015-05-01 22:00:00,0.5,28.7
2015-05-01 23:00:00,0.6,25.88
2015-05-02 00:00:00,0.4,23.94
2015-05-02 01:00:00,0.7,21.62
2015-05-02 02:00:00,0.4,19.37
2015-05-02 03:00:00,0.6,17.68
2015-05-02 04:00:00,0.7,17.96
2015-05-02 05:00:00,1.1,20.04
2015-05-02 06:00:00,1.3,22.07
2015-05-02 07:00:00,1.6,23.22
2015-05-02 08:00:00,2.7,26.05
2015-05-02 09:00:00,3.5,27.18
2015-05-02 10:00:00,3.0,26.02
2015-05-02 11:00:00,3.3,25.67
2015-05-02 12:00:00,3.2,24.22
2015-05-02 13:00:00,3.4,22.66
2015-05-02 14:00:00,3.9,23.15
2015-05-02 15:00:00,4.0,22.09
2015-05-02 16:00:00,3.3,21.09
2015-05-02 17:00:00,2.4,24.83
2015-05-02 18:00:00,1.1,34.96
2015-05-02 19:00:00,0.9,36.93
2015-05-02 20:00:00,0.6,37.95
2015-05-02 21:00:00,0.8,36.93
2015-05-02 22:00:00,1.2,37.33
2015-05-02 23:00:00,1.3,33.57
2015-05-03 00:00:00,0.9,22.97
2015-05-03 01:00:00,1.3,19.58
2015-05-03 02:00:00,1.5,16.7
2015-05-03 03:00:00,1.5,17.0
2015-05-03 04:00:00,1.6,16.96
2015-05-03 05:00:00,0.9,17.05
2015-05-03 06:00:00,2.3,13.34
2015-05-03 07:00:00,2.9,14.55
2015-05-03 08:00:00,3.6,13.88
2015-05-03 09:00:00,3.5,18.94
2015-05-03 10:00:00,3.0,20.09
2015-05-03 11:00:00,3.8,22.7
2015-05-03 12:00:00,4.2,21.39
2015-05-03 13:00:00,4.5,17.43
2015-05-03 14:00:00,5.0,13.01
2015-05-03 15:00:00,4.5,12.03
2015-05-03 16:00:00,4.2,12.16
2015-05-03 17:00:00,3.8,13.29
2015-05-03 18:00:00,3.9,16.01
2015-05-03 19:00:00,3.2,18.81
2015-05-03 20:00:00,4.2,19.96
2015-05-03 21:00:00,3.8,20.5
2015-05-03 22:00:00,2.9,20.48
2015-05-03 23:00:00,3.3,12.17
2015-05-04 00:00:00,3.4,9.59
2015-05-04 01:00:00,2.9,9.52
2015-05-04 02:00:00,2.7,10.39
2015-05-04 03:00:00,2.4,4.89
2015-05-04 04:00:00,2.1,9.6
2015-05-04 05:00:00,2.4,19.11
2015-05-04 06:00:00,4.0,30.48
2015-05-04 07:00:00,4.8,36.64
2015-05-04 08:00:00,4.4,39.85
2015-05-04 09:00:00,4.5,38.46
2015-05-04 10:00:00,4.5,37.93
2015-05-04 11:00:00,4.8,39.5
2015-05-04 12:00:00,4.5,38.9
2015-05-04 13:00:00,4.5,37.65
2015-05-04 14:00:00,3.1,35.95
2015-05-04 15:00:00,3.0,37.35
2015-05-04 16:00:00,2.4,37.13
2015-05-04 17:00:00,2.1,38.57
2015-05-04 18:00:00,2.1,40.07
2015-05-04 19:00:00,1.1,42.45
2015-05-04 20:00:00,1.1,40.9
2015-05-04 21:00:00,1.6,40.06
2015-05-04 22:00:00,1.8,38.31
2015-05-04 23:00:00,2.2,27.19
2015-05-05 00:00:00,2.2,24.0
2015-05-05 01:00:00,2.0,21.22
2015-05-05 02:00:00,2.0,17.08
2015-05-05 03:00:00,1.9,14.95
2015-05-05 04:00:00,2.0,13.91
2015-05-05 05:00:00,3.2,17.83
2015-05-05 06:00:00,3.3,24.49
2015-05-05 07:00:00,3.3,31.01
2015-05-05 08:00:00,4.1,34.66
2015-05-05 09:00:00,4.6,34.49
2015-05-05 10:00:00,5.0,33.27
2015-05-05 11:00:00,4.7,33.62
2015-05-05 12:00:00,3.1,30.0
2015-05-05 13:00:00,3.6,26.99
2015-05-05 14:00:00,3.7,25.21
2015-05-05 15:00:00,3.7,24.87
2015-05-05 16:00:00,3.7,24.85
2015-05-05 17:00:00,3.4,24.99
2015-05-05 18:00:00,2.3,29.25
2015-05-05 19:00:00,2.3,33.36
2015-05-05 20:00:00,3.6,33.3
2015-05-05 21:00:00,3.3,35.22
2015-05-05 22:00:00,4.3,30.77
2015-05-05 23:00:00,4.5,23.23
2015-05-06 00:00:00,4.1,22.93
2015-05-06 01:00:00,3.1,22.1
2015-05-06 02:00:00,3.4,17.97
2015-05-06 03:00:00,3.1,15.9
2015-05-06 04:00:00,1.6,17.1
2015-05-06 05:00:00,1.9,22.84
2015-05-06 06:00:00,1.8,33.97
2015-05-06 07:00:00,1.0,39.98
2015-05-06 08:00:00,1.2,42.0
2015-05-06 09:00:00,1.0,35.52
2015-05-06 10:00:00,1.9,32.9
2015-05-06 11:00:00,1.9,29.01
2015-05-06 12:00:00,2.1,24.0
2015-05-06 13:00:00,2.2,20.09
2015-05-06 14:00:00,2.4,17.91
2015-05-06 15:00:00,5.3,14.92
2015-05-06 16:00:00,5.6,17.59
2015-05-06 17:00:00,5.5,23.09
2015-05-06 18:00:00,3.9,28.21
2015-05-06 19:00:00,1.8,33.99
2015-05-06 20:00:00,2.2,32.53
2015-05-06 21:00:00,1.7,31.91
2015-05-06 22:00:00,3.3,28.42
2015-05-06 23:00:00,2.5,19.11
2015-05-07 00:00:00,2.6,18.2
2015-05-07 01:00:00,1.8,13.95
2015-05-07 02:00:00,1.4,12.11
2015-05-07 03:00:00,2.1,11.3
2015-05-07 04:00:00,1.8,12.64
2015-05-07 05:00:00,1.5,15.65
2015-05-07 06:00:00,3.7,26.32
2015-05-07 07:00:00,5.3,38.35
2015-05-07 08:00:00,6.9,39.11
2015-05-07 09:00:00,6.8,29.68
2015-05-07 10:00:00,6.9,24.67
2015-05-07 11:00:00,6.7,24.17
2015-05-07 12:00:00,6.9,23.65
2015-05-07 13:00:00,7.3,23.61
2015-05-07 14:00:00,5.0,23.09
2015-05-07 15:00:00,5.9,23.51
2015-05-07 16:00:00,6.8,23.86
2015-05-07 17:00:00,6.3,29.83
2015-05-07 18:00:00,4.5,35.27
2015-05-07 19:00:00,2.7,42.94
2015-05-07 20:00:00,2.0,46.9
2015-05-07 21:00:00,0.8,47.65
2015-05-07 22:00:00,0.6,44.83
2015-05-07 23:00:00,1.2,37.47
2015-05-08 00:00:00,0.9,29.08
2015-05-08 01:00:00,1.2,25.11
2015-05-08 02:00:00,0.9,23.14
2015-05-08 03:00:00,0.7,22.18
2015-05-08 04:00:00,0.7,22.05
2015-05-08 05:00:00,1.0,23.23
2015-05-08 06:00:00,1.0,31.12
2015-05-08 07:00:00,1.2,39.33
2015-05-08 08:00:00,1.8,38.0
2015-05-08 09:00:00,2.3,34.63
2015-05-08 10:00:00,1.9,32.32
2015-05-08 11:00:00,2.9,33.12
2015-05-08 12:00:00,2.7,32.23
2015-05-08 13:00:00,2.9,27.45
2015-05-08 14:00:00,2.9,25.08
2015-05-08 15:00:00,2.9,25.43
2015-05-08 16:00:00,3.7,25.86
2015-05-08 17:00:00,3.1,30.07
2015-05-08 18:00:00,2.7,33.93
2015-05-08 19:00:00,2.3,37.09
2015-05-08 20:00:00,2.4,35.82
2015-05-08 21:00:00,2.7,33.16
2015-05-08 22:00:00,2.3,31.2
2015-05-08 23:00:00,2.2,26.47
2015-05-09 00:00:00,1.8,21.99
2015-05-09 01:00:00,1.9,20.04
2015-05-09 02:00:00,1.7,18.41
2015-05-09 03:00:00,1.7,15.72
2015-05-09 04:00:00,1.4,15.75
2015-05-09 05:00:00,1.1,15.66
2015-05-09 06:00:00,1.7,16.86
2015-05-09 07:00:00,2.4,18.42
2015-05-09 08:00:00,2.7,22.06
2015-05-09 09:00:00,2.9,21.11
2015-05-09 10:00:00,3.6,19.01
2015-05-09 11:00:00,4.7,17.86
2015-05-09 12:00:00,5.9,17.2
2015-05-09 13:00:00,5.7,13.92
2015-05-09 14:00:00,6.1,9.85
2015-05-09 15:00:00,5.7,7.99
2015-05-09 16:00:00,4.7,9.89
2015-05-09 17:00:00,3.7,14.23
2015-05-09 18:00:00,3.7,17.7
2015-05-09 19:00:00,2.8,19.79
2015-05-09 20:00:00,0.9,20.28
2015-05-09 21:00:00,2.8,20.95
2015-05-09 22:00:00,1.9,20.99
2015-05-09 23:00:00,3.3,19.03
2015-05-10 00:00:00,3.9,8.1
2015-05-10 01:00:00,2.6,-5.81
2015-05-10 02:00:00,3.4,-5.4
2015-05-10 03:00:00,3.7,-11.11
2015-05-10 04:00:00,4.1,-14.16
2015-05-10 05:00:00,4.6,-11.41
2015-05-10 06:00:00,4.7,-5.13
2015-05-10 07:00:00,6.4,-4.85
2015-05-10 08:00:00,7.5,-0.08
2015-05-10 09:00:00,7.6,-9.11
2015-05-10 10:00:00,7.9,-10.31
2015-05-10 11:00:00,8.9,-5.39
2015-05-10 12:00:00,8.2,-7.45
2015-05-10 13:00:00,8.2,-6.55
2015-05-10 14:00:00,7.3,-14.93
2015-05-10 15:00:00,7.4,-4.23
2015-05-10 16:00:00,6.8,1.19
2015-05-10 17:00:00,5.6,11.76
2015-05-10 18:00:00,3.6,19.88
2015-05-10 19:00:00,2.1,25.26
2015-05-10 20:00:00,1.8,27.08
2015-05-10 21:00:00,1.0,26.56
2015-05-10 22:00:00,0.9,28.01
2015-05-10 23:00:00,0.7,25.45
2015-05-11 00:00:00,1.1,22.2
2015-05-11 01:00:00,1.0,18.35
2015-05-11 02:00:00,0.9,17.06
2015-05-11 03:00:00,0.9,15.02
2015-05-11 04:00:00,1.0,15.96
2015-05-11 05:00:00,1.4,18.62
2015-05-11 06:00:00,1.8,28.96
2015-05-11 07:00:00,2.5,38.17
2015-05-11 08:00:00,3.2,39.16
2015-05-11 09:00:00,3.1,37.72
2015-05-11 10:00:00,2.7,33.0
2015-05-11 11:00:00,2.5,31.92
2015-05-11 12:00:00,2.9,29.3
2015-05-11 13:00:00,2.8,27.91
2015-05-11 14:00:00,2.9,25.41
2015-05-11 15:00:00,2.6,27.03
2015-05-11 16:00:00,3.1,27.74
2015-05-11 17:00:00,3.0,32.6
2015-05-11 18:00:00,2.4,37.96
2015-05-11 19:00:00,2.1,42.11
2015-05-11 20:00:00,2.4,39.72
2015-05-11 21:00:00,2.4,38.01
2015-05-11 22:00:00,2.8,34.92
2015-05-11 23:00:00,3.1,22.95
2015-05-12 00:00:00,2.9,23.59
2015-05-12 01:00:00,2.7,23.0
2015-05-12 02:00:00,2.6,18.87
2015-05-12 03:00:00,3.0,17.94
2015-05-12 04:00:00,3.5,18.98
2015-05-12 05:00:00,3.4,22.93
2015-05-12 06:00:00,3.4,30.14
2015-05-12 07:00:00,4.1,37.98
2015-05-12 08:00:00,3.5,45.44
2015-05-12 09:00:00,4.1,38.84
2015-05-12 10:00:00,3.8,38.96
2015-05-12 11:00:00,3.7,37.92
2015-05-12 12:00:00,4.1,31.31
2015-05-12 13:00:00,4.6,27.39
2015-05-12 14:00:00,5.2,24.6
2015-05-12 15:00:00,4.7,24.54
2015-05-12 16:00:00,4.5,24.88
2015-05-12 17:00:00,5.1,25.56
2015-05-12 18:00:00,4.6,27.64
2015-05-12 19:00:00,4.7,33.93
2015-05-12 20:00:00,4.8,34.0
2015-05-12 21:00:00,5.2,34.35
2015-05-12 22:00:00,6.4,34.58
2015-05-12 23:00:00,4.3,27.37
2015-05-13 00:00:00,4.4,21.03
2015-05-13 01:00:00,2.8,18.09
2015-05-13 02:00:00,2.4,18.01
2015-05-13 03:00:00,1.1,16.17
2015-05-13 04:00:00,0.8,16.52
2015-05-13 05:00:00,1.6,19.99
2015-05-13 06:00:00,2.6,27.93
2015-05-13 07:00:00,3.7,32.96
2015-05-13 08:00:00,4.8,36.55
2015-05-13 09:00:00,5.3,30.61
2015-05-13 10:00:00,5.2,24.55
2015-05-13 11:00:00,5.3,23.07
2015-05-13 12:00:00,5.8,22.06
2015-05-13 13:00:00,6.0,22.04
2015-05-13 14:00:00,5.6,21.94
2015-05-13 15:00:00,5.1,22.93
2015-05-13 16:00:00,4.2,23.76
2015-05-13 17:00:00,3.9,27.75
2015-05-13 18:00:00,3.1,32.91
2015-05-13 19:00:00,1.1,36.97
2015-05-13 20:00:00,0.3,37.21
2015-05-13 21:00:00,0.4,36.71
2015-05-13 22:00:00,0.5,35.82
2015-05-13 23:00:00,0.5,27.99
2015-05-14 00:00:00,0.7,25.9
2015-05-14 01:00:00,0.7,21.02
2015-05-14 02:00:00,1.0,18.89
2015-05-14 03:00:00,1.9,18.96
2015-05-14 04:00:00,3.1,17.87
2015-05-14 05:00:00,3.4,17.64
2015-05-14 06:00:00,4.0,16.26
2015-05-14 07:00:00,4.7,18.05
2015-05-14 08:00:00,4.8,18.56
2015-05-14 09:00:00,5.0,18.5
2015-05-14 10:00:00,5.2,18.83
2015-05-14 11:00:00,6.4,19.1
2015-05-14 12:00:00,5.9,18.33
2015-05-14 13:00:00,5.7,16.36
2015-05-14 14:00:00,6.1,17.01
2015-05-14 15:00:00,5.2,16.75
2015-05-14 16:00:00,4.9,17.64
2015-05-14 17:00:00,3.9,17.96
2015-05-14 18:00:00,2.8,23.05
2015-05-14 19:00:00,2.2,25.48
2015-05-14 20:00:00,0.5,25.66
2015-05-14 21:00:00,0.4,25.84
2015-05-14 22:00:00,0.6,27.39
2015-05-14 23:00:00,0.9,24.0
2015-05-15 00:00:00,0.9,24.99
2015-05-15 01:00:00,0.7,23.42
2015-05-15 02:00:00,0.4,21.04
2015-05-15 03:00:00,0.6,19.63
2015-05-15 04:00:00,1.0,20.63
2015-05-15 05:00:00,0.7,24.28
2015-05-15 06:00:00,0.8,29.91
2015-05-15 07:00:00,0.8,37.95
2015-05-15 08:00:00,1.2,36.98
2015-05-15 09:00:00,1.8,34.98
2015-05-15 10:00:00,1.7,32.36
2015-05-15 11:00:00,2.2,35.04
2015-05-15 12:00:00,2.4,33.62
2015-05-15 13:00:00,2.4,29.27
2015-05-15 14:00:00,3.0,25.63
2015-05-15 15:00:00,2.4,25.08
2015-05-15 16:00:00,2.9,24.85
2015-05-15 17:00:00,2.8,28.08
2015-05-15 18:00:00,3.0,36.55
2015-05-15 19:00:00,2.1,39.92
2015-05-15 20:00:00,1.3,36.69
2015-05-15 21:00:00,1.4,36.62
2015-05-15 22:00:00,1.0,39.48
2015-05-15 23:00:00,0.8,36.85
2015-05-16 00:00:00,0.3,26.03
2015-05-16 01:00:00,0.6,22.66
2015-05-16 02:00:00,0.4,21.25
2015-05-16 03:00:00,0.8,21.14
2015-05-16 04:00:00,0.6,21.03
2015-05-16 05:00:00,0.7,21.07
2015-05-16 06:00:00,1.7,21.08
2015-05-16 07:00:00,2.8,21.3
2015-05-16 08:00:00,3.9,21.55
2015-05-16 09:00:00,4.8,21.67
2015-05-16 10:00:00,4.9,20.02
2015-05-16 11:00:00,5.8,18.2
2015-05-16 12:00:00,5.9,17.92
2015-05-16 13:00:00,6.3,16.37
2015-05-16 14:00:00,5.9,13.93
2015-05-16 15:00:00,5.7,14.82
2015-05-16 16:00:00,5.7,14.3
2015-05-16 17:00:00,5.9,17.59
2015-05-16 18:00:00,4.0,20.05
2015-05-16 19:00:00,4.4,24.5
2015-05-16 20:00:00,3.5,26.0
2015-05-16 21:00:00,3.8,26.37
2015-05-16 22:00:00,4.9,25.94
2015-05-16 23:00:00,4.1,17.01
2015-05-17 00:00:00,3.8,12.35
2015-05-17 01:00:00,3.1,10.06
2015-05-17 02:00:00,4.7,10.13
2015-05-17 03:00:00,5.9,10.07
2015-05-17 04:00:00,5.0,6.18
2015-05-17 05:00:00,4.5,3.98
2015-05-17 06:00:00,5.4,3.53
2015-05-17 07:00:00,5.7,8.57
2015-05-17 08:00:00,5.9,11.97
2015-05-17 09:00:00,5.7,13.47
2015-05-17 10:00:00,5.0,14.44
2015-05-17 11:00:00,4.9,13.41
2015-05-17 12:00:00,5.6,10.1
2015-05-17 13:00:00,6.6,5.19
2015-05-17 14:00:00,6.2,-2.02
2015-05-17 15:00:00,7.0,-2.92
2015-05-17 16:00:00,7.1,3.17
2015-05-17 17:00:00,6.1,10.11
2015-05-17 18:00:00,5.0,16.88
2015-05-17 19:00:00,3.1,21.24
2015-05-17 20:00:00,2.4,25.95
2015-05-17 21:00:00,1.9,30.94
2015-05-17 22:00:00,1.5,30.98
2015-05-17 23:00:00,1.3,26.61
2015-05-18 00:00:00,1.5,22.24
2015-05-18 01:00:00,1.2,20.45
2015-05-18 02:00:00,1.4,18.15
2015-05-18 03:00:00,2.0,17.9
2015-05-18 04:00:00,1.8,17.8
2015-05-18 05:00:00,1.3,21.51
2015-05-18 06:00:00,0.6,37.46
2015-05-18 07:00:00,1.6,44.45
2015-05-18 08:00:00,2.4,43.99
2015-05-18 09:00:00,3.2,39.94
2015-05-18 10:00:00,3.3,34.59
2015-05-18 11:00:00,3.7,35.71
2015-05-18 12:00:00,3.6,31.91
2015-05-18 13:00:00,3.9,29.9
2015-05-18 14:00:00,4.2,27.15
2015-05-18 15:00:00,3.6,27.35
2015-05-18 16:00:00,3.3,27.29
2015-05-18 17:00:00,3.4,28.42
2015-05-18 18:00:00,3.1,31.99
2015-05-18 19:00:00,2.2,36.92
2015-05-18 20:00:00,1.9,32.75
2015-05-18 21:00:00,2.1,31.96
2015-05-18 22:00:00,1.9,34.14
2015-05-18 23:00:00,1.8,27.98
2015-05-19 00:00:00,2.2,20.81
2015-05-19 01:00:00,2.7,20.04
2015-05-19 02:00:00,2.6,18.0
2015-05-19 03:00:00,1.9,15.97
2015-05-19 04:00:00,2.5,19.16
2015-05-19 05:00:00,2.6,23.35
2015-05-19 06:00:00,1.8,29.92
2015-05-19 07:00:00,5.0,39.1
2015-05-19 08:00:00,5.3,39.21
2015-05-19 09:00:00,6.2,36.73
2015-05-19 10:00:00,7.2,31.44
2015-05-19 11:00:00,6.3,31.88
2015-05-19 12:00:00,5.3,27.4
2015-05-19 13:00:00,5.5,26.25
2015-05-19 14:00:00,5.5,25.49
2015-05-19 15:00:00,6.4,24.99
2015-05-19 16:00:00,5.5,25.04
2015-05-19 17:00:00,4.6,26.42
2015-05-19 18:00:00,5.2,30.94
2015-05-19 19:00:00,3.8,35.92
2015-05-19 20:00:00,3.7,37.7
2015-05-19 21:00:00,2.2,37.11
2015-05-19 22:00:00,1.2,36.99
2015-05-19 23:00:00,1.0,30.08
2015-05-20 00:00:00,0.7,28.41
2015-05-20 01:00:00,1.1,24.94
2015-05-20 02:00:00,0.9,22.38
2015-05-20 03:00:00,0.6,21.08
2015-05-20 04:00:00,1.1,21.26
2015-05-20 05:00:00,0.9,24.79
2015-05-20 06:00:00,0.5,31.67
2015-05-20 07:00:00,1.8,47.17
2015-05-20 08:00:00,1.6,56.11
2015-05-20 09:00:00,1.6,47.11
2015-05-20 10:00:00,1.7,49.1
2015-05-20 11:00:00,1.7,47.0
2015-05-20 12:00:00,3.4,42.77
2015-05-20 13:00:00,3.5,38.55
2015-05-20 14:00:00,3.8,33.53
2015-05-20 15:00:00,3.2,31.45
2015-05-20 16:00:00,1.0,29.78
2015-05-20 17:00:00,2.3,32.01
2015-05-20 18:00:00,2.0,34.77
2015-05-20 19:00:00,1.4,37.47
2015-05-20 20:00:00,1.3,36.53
2015-05-20 21:00:00,2.0,33.93
2015-05-20 22:00:00,1.9,35.17
2015-05-20 23:00:00,1.1,27.4
2015-05-21 00:00:00,1.0,27.2
2015-05-21 01:00:00,1.4,26.02
2015-05-21 02:00:00,1.5,25.89
2015-05-21 03:00:00,1.2,23.77
2015-05-21 04:00:00,1.6,24.7
2015-05-21 05:00:00,1.9,27.1
2015-05-21 06:00:00,2.1,34.03
2015-05-21 07:00:00,2.4,43.0
2015-05-21 08:00:00,2.8,49.97
2015-05-21 09:00:00,3.5,42.82
2015-05-21 10:00:00,3.4,40.01
2015-05-21 11:00:00,4.3,40.28
2015-05-21 12:00:00,3.6,36.09
2015-05-21 13:00:00,3.6,33.44
2015-05-21 14:00:00,3.8,31.61
2015-05-21 15:00:00,3.1,29.93
2015-05-21 16:00:00,2.6,29.62
2015-05-21 17:00:00,2.6,30.97
2015-05-21 18:00:00,2.4,34.98
2015-05-21 19:00:00,1.4,39.96
2015-05-21 20:00:00,1.9,39.64
2015-05-21 21:00:00,1.2,37.0
2015-05-21 22:00:00,1.1,37.76
2015-05-21 23:00:00,1.1,30.02
2015-05-22 00:00:00,1.3,29.95
2015-05-22 01:00:00,0.9,26.33
2015-05-22 02:00:00,1.1,24.33
2015-05-22 03:00:00,1.2,23.74
2015-05-22 04:00:00,1.1,23.79
2015-05-22 05:00:00,0.9,25.28
2015-05-22 06:00:00,1.0,33.99
2015-05-22 07:00:00,1.8,40.72
2015-05-22 08:00:00,1.9,40.52
2015-05-22 09:00:00,2.3,35.25
2015-05-22 10:00:00,2.8,31.41
2015-05-22 11:00:00,2.5,31.0
2015-05-22 12:00:00,2.3,28.53
2015-05-22 13:00:00,2.6,28.13
2015-05-22 14:00:00,2.8,26.97
2015-05-22 15:00:00,3.0,27.93
2015-05-22 16:00:00,2.8,28.42
2015-05-22 17:00:00,2.6,30.21
2015-05-22 18:00:00,2.5,33.97
2015-05-22 19:00:00,1.4,36.17
2015-05-22 20:00:00,1.2,35.92
2015-05-22 21:00:00,0.6,35.68
2015-05-22 22:00:00,0.4,36.12
2015-05-22 23:00:00,0.5,34.2
2015-05-23 00:00:00,0.8,30.11
2015-05-23 01:00:00,0.5,25.54
2015-05-23 02:00:00,0.6,24.23
2015-05-23 03:00:00,0.5,20.96
2015-05-23 04:00:00,0.6,20.53
2015-05-23 05:00:00,0.5,20.22
2015-05-23 06:00:00,1.5,20.21
2015-05-23 07:00:00,1.0,22.61
2015-05-23 08:00:00,1.4,24.92
2015-05-23 09:00:00,2.4,26.08
2015-05-23 10:00:00,2.2,25.6
2015-05-23 11:00:00,2.0,25.53
2015-05-23 12:00:00,2.2,24.3
2015-05-23 13:00:00,2.9,22.18
2015-05-23 14:00:00,3.3,20.42
2015-05-23 15:00:00,2.8,19.48
2015-05-23 16:00:00,2.8,19.42
2015-05-23 17:00:00,2.8,21.9
2015-05-23 18:00:00,3.4,25.76
2015-05-23 19:00:00,3.2,29.57
2015-05-23 20:00:00,1.9,29.35
2015-05-23 21:00:00,2.2,29.58
2015-05-23 22:00:00,3.1,30.0
2015-05-23 23:00:00,3.1,27.67
2015-05-24 00:00:00,2.8,25.24
2015-05-24 01:00:00,2.4,19.84
2015-05-24 02:00:00,3.1,19.06
2015-05-24 03:00:00,2.9,17.88
2015-05-24 04:00:00,2.5,17.55
2015-05-24 05:00:00,2.3,15.96
2015-05-24 06:00:00,2.2,14.94
2015-05-24 07:00:00,1.7,16.15
2015-05-24 08:00:00,1.9,17.48
2015-05-24 09:00:00,2.5,19.3
2015-05-24 10:00:00,1.8,19.86
2015-05-24 11:00:00,2.0,20.08
2015-05-24 12:00:00,2.0,19.42
2015-05-24 13:00:00,2.5,18.1
2015-05-24 14:00:00,2.2,15.76
2015-05-24 15:00:00,2.2,14.78
2015-05-24 16:00:00,2.5,14.97
2015-05-24 17:00:00,1.8,16.01
2015-05-24 18:00:00,1.8,20.12
2015-05-24 19:00:00,1.4,23.71
2015-05-24 20:00:00,2.1,24.5
2015-05-24 21:00:00,1.6,27.8
2015-05-24 22:00:00,1.0,29.99
2015-05-24 23:00:00,1.3,24.7
2015-05-25 00:00:00,0.8,21.1
2015-05-25 01:00:00,1.2,19.31
2015-05-25 02:00:00,1.0,17.92
2015-05-25 03:00:00,0.9,16.1
2015-05-25 04:00:00,0.7,15.91
2015-05-25 05:00:00,1.0,18.58
2015-05-25 06:00:00,1.2,20.98
2015-05-25 07:00:00,0.8,22.09
2015-05-25 08:00:00,1.8,22.94
2015-05-25 09:00:00,2.4,24.09
2015-05-25 10:00:00,4.1,23.99
2015-05-25 11:00:00,6.4,25.01
2015-05-25 12:00:00,4.7,25.0
2015-05-25 13:00:00,4.2,21.74
2015-05-25 14:00:00,3.7,21.09
2015-05-25 15:00:00,4.6,19.9
2015-05-25 16:00:00,4.0,20.44
2015-05-25 17:00:00,3.8,21.99
2015-05-25 18:00:00,3.3,26.58
2015-05-25 19:00:00,3.2,30.81
2015-05-25 20:00:00,3.2,32.89
2015-05-25 21:00:00,2.5,32.94
2015-05-25 22:00:00,2.2,33.64
2015-05-25 23:00:00,3.2,29.46
2015-05-26 00:00:00,3.8,29.43
2015-05-26 01:00:00,4.5,26.69
2015-05-26 02:00:00,4.0,23.93
2015-05-26 03:00:00,3.5,22.73
2015-05-26 04:00:00,3.8,22.47
2015-05-26 05:00:00,3.9,23.4
2015-05-26 06:00:00,3.5,37.23
2015-05-26 07:00:00,2.6,47.97
2015-05-26 08:00:00,2.9,50.73
2015-05-26 09:00:00,4.6,44.81
2015-05-26 10:00:00,5.5,42.01
2015-05-26 11:00:00,5.7,39.98
2015-05-26 12:00:00,5.2,38.18
2015-05-26 13:00:00,6.0,33.53
2015-05-26 14:00:00,6.2,30.66
2015-05-26 15:00:00,5.5,28.9
2015-05-26 16:00:00,6.7,28.47
2015-05-26 17:00:00,5.4,28.42
2015-05-26 18:00:00,4.7,32.63
2015-05-26 19:00:00,3.2,35.32
2015-05-26 20:00:00,3.6,34.41
2015-05-26 21:00:00,3.3,34.47
2015-05-26 22:00:00,3.6,33.16
2015-05-26 23:00:00,3.2,27.23
2015-05-27 00:00:00,2.8,25.25
2015-05-27 01:00:00,4.0,23.7
2015-05-27 02:00:00,4.2,22.61
2015-05-27 03:00:00,4.4,20.79
2015-05-27 04:00:00,4.6,20.66
2015-05-27 05:00:00,5.0,23.63
2015-05-27 06:00:00,5.5,27.97
2015-05-27 07:00:00,5.3,33.09
2015-05-27 08:00:00,4.8,34.94
2015-05-27 09:00:00,5.9,34.0
2015-05-27 10:00:00,6.2,34.87
2015-05-27 11:00:00,6.3,34.75
2015-05-27 12:00:00,5.5,35.9
2015-05-27 13:00:00,4.8,35.0
2015-05-27 14:00:00,4.8,33.82
2015-05-27 15:00:00,4.9,32.13
2015-05-27 16:00:00,5.7,31.97
2015-05-27 17:00:00,5.0,36.84
2015-05-27 18:00:00,4.8,38.02
2015-05-27 19:00:00,3.4,39.98
2015-05-27 20:00:00,2.1,38.17
2015-05-27 21:00:00,1.7,37.96
2015-05-27 22:00:00,2.0,38.19
2015-05-27 23:00:00,1.9,32.89
2015-05-28 00:00:00,1.4,27.04
2015-05-28 01:00:00,1.6,27.66
2015-05-28 02:00:00,1.0,25.09
2015-05-28 03:00:00,1.3,23.77
2015-05-28 04:00:00,1.2,23.95
2015-05-28 05:00:00,1.4,25.08
2015-05-28 06:00:00,2.4,28.91
2015-05-28 07:00:00,3.8,38.0
2015-05-28 08:00:00,4.4,37.88
2015-05-28 09:00:00,4.8,32.91
2015-05-28 10:00:00,3.9,31.05
2015-05-28 11:00:00,4.1,31.04
2015-05-28 12:00:00,4.3,27.95
2015-05-28 13:00:00,3.7,25.16
2015-05-28 14:00:00,4.2,25.07
2015-05-28 15:00:00,4.4,26.18
2015-05-28 16:00:00,4.0,26.29
2015-05-28 17:00:00,3.8,30.58
2015-05-28 18:00:00,2.3,34.08
2015-05-28 19:00:00,1.8,37.99
2015-05-28 20:00:00,1.8,37.82
2015-05-28 21:00:00,3.7,37.95
2015-05-28 22:00:00,2.6,37.34
2015-05-28 23:00:00,3.0,33.03
2015-05-29 00:00:00,1.5,27.81
2015-05-29 01:00:00,1.0,26.53
2015-05-29 02:00:00,1.0,25.57
2015-05-29 03:00:00,1.4,25.01
2015-05-29 04:00:00,1.1,26.01
2015-05-29 05:00:00,2.1,26.6
2015-05-29 06:00:00,1.6,34.27
2015-05-29 07:00:00,2.3,39.29
2015-05-29 08:00:00,2.5,40.56
2015-05-29 09:00:00,2.0,36.02
2015-05-29 10:00:00,2.0,34.46
2015-05-29 11:00:00,2.4,35.64
2015-05-29 12:00:00,3.1,31.08
2015-05-29 13:00:00,3.3,29.64
2015-05-29 14:00:00,2.5,28.69
2015-05-29 15:00:00,3.3,28.24
2015-05-29 16:00:00,2.1,28.44
2015-05-29 17:00:00,2.2,30.86
2015-05-29 18:00:00,2.8,32.48
2015-05-29 19:00:00,2.1,34.84
2015-05-29 20:00:00,2.0,34.97
2015-05-29 21:00:00,1.9,32.52
2015-05-29 22:00:00,2.0,31.37
2015-05-29 23:00:00,2.1,26.08
2015-05-30 00:00:00,3.0,22.21
2015-05-30 01:00:00,5.2,18.92
2015-05-30 02:00:00,4.2,17.53
2015-05-30 03:00:00,3.5,18.01
2015-05-30 04:00:00,4.0,17.29
2015-05-30 05:00:00,4.2,17.1
2015-05-30 06:00:00,7.0,17.71
2015-05-30 07:00:00,4.5,17.06
2015-05-30 08:00:00,3.9,24.04
2015-05-30 09:00:00,4.9,24.08
2015-05-30 10:00:00,4.8,18.6
2015-05-30 11:00:00,6.7,18.67
2015-05-30 12:00:00,6.4,15.34
2015-05-30 13:00:00,6.5,15.01
2015-05-30 14:00:00,5.2,15.16
2015-05-30 15:00:00,6.2,14.98
2015-05-30 16:00:00,7.0,14.51
2015-05-30 17:00:00,5.6,18.05
2015-05-30 18:00:00,4.3,27.03
2015-05-30 19:00:00,5.1,30.96
2015-05-30 20:00:00,4.1,34.22
2015-05-30 21:00:00,2.5,34.4
2015-05-30 22:00:00,1.9,34.94
2015-05-30 23:00:00,2.2,31.3
2015-05-31 00:00:00,2.5,22.09
2015-05-31 01:00:00,1.6,19.26
2015-05-31 02:00:00,1.9,17.23
2015-05-31 03:00:00,1.4,15.94
2015-05-31 04:00:00,1.2,15.11
2015-05-31 05:00:00,1.1,14.23
2015-05-31 06:00:00,1.7,12.07
2015-05-31 07:00:00,2.2,11.12
2015-05-31 08:00:00,2.9,13.89
2015-05-31 09:00:00,3.7,15.92
2015-05-31 10:00:00,3.6,15.55
2015-05-31 11:00:00,3.5,15.88
2015-05-31 12:00:00,3.9,14.3
2015-05-31 13:00:00,3.8,13.24
2015-05-31 14:00:00,4.1,11.15
2015-05-31 15:00:00,4.1,10.14
2015-05-31 16:00:00,4.1,10.69
2015-05-31 17:00:00,3.3,13.58
2015-05-31 18:00:00,3.3,16.22
2015-05-31 19:00:00,1.9,18.0
2015-05-31 20:00:00,1.6,17.4
2015-05-31 21:00:00,1.9,18.14
2015-05-31 22:00:00,2.1,20.18
2015-05-31 23:00:00,2.5,15.96
2015-06-01 00:00:00,2.4,13.42
2015-06-01 01:00:00,2.1,14.53
2015-06-01 02:00:00,2.3,11.16
2015-06-01 03:00:00,2.2,14.51
2015-06-01 04:00:00,2.1,14.0
2015-06-01 05:00:00,2.1,15.91
2015-06-01 06:00:00,3.6,25.95
2015-06-01 07:00:00,4.4,34.52
2015-06-01 08:00:00,4.5,37.98
2015-06-01 09:00:00,4.6,37.86
2015-06-01 10:00:00,4.5,39.01
2015-06-01 11:00:00,5.1,38.92
2015-06-01 12:00:00,4.8,38.79
2015-06-01 13:00:00,3.8,39.72
2015-06-01 14:00:00,4.0,38.2
2015-06-01 15:00:00,4.9,35.75
2015-06-01 16:00:00,4.6,35.73
2015-06-01 17:00:00,5.6,39.22
2015-06-01 18:00:00,2.7,40.59
2015-06-01 19:00:00,0.7,43.98
2015-06-01 20:00:00,1.0,41.65
2015-06-01 21:00:00,0.8,37.23
2015-06-01 22:00:00,0.8,36.98
2015-06-01 23:00:00,0.5,28.91
2015-06-02 00:00:00,1.1,24.24
2015-06-02 01:00:00,1.0,22.05
2015-06-02 02:00:00,1.5,20.37
2015-06-02 03:00:00,2.5,16.75
2015-06-02 04:00:00,2.1,16.0
2015-06-02 05:00:00,2.7,17.73
2015-06-02 06:00:00,3.3,24.33
2015-06-02 07:00:00,5.9,30.75
2015-06-02 08:00:00,6.2,31.72
2015-06-02 09:00:00,7.3,27.67
2015-06-02 10:00:00,6.8,24.23
2015-06-02 11:00:00,7.8,23.02
2015-06-02 12:00:00,7.6,18.72
2015-06-02 13:00:00,6.5,18.05
2015-06-02 14:00:00,6.0,17.46
2015-06-02 15:00:00,6.6,17.32
2015-06-02 16:00:00,6.8,17.4
2015-06-02 17:00:00,6.8,17.55
2015-06-02 18:00:00,5.4,24.03
2015-06-02 19:00:00,3.9,27.97
2015-06-02 20:00:00,2.6,27.1
2015-06-02 21:00:00,2.4,25.2
2015-06-02 22:00:00,2.4,23.62
2015-06-02 23:00:00,2.1,15.44
2015-06-03 00:00:00,2.1,14.92
2015-06-03 01:00:00,2.0,11.17
2015-06-03 02:00:00,2.1,8.7
2015-06-03 03:00:00,1.7,4.89
2015-06-03 04:00:00,2.6,8.25
2015-06-03 05:00:00,3.1,16.15
2015-06-03 06:00:00,4.5,26.34
2015-06-03 07:00:00,6.6,39.46
2015-06-03 08:00:00,7.2,39.36
2015-06-03 09:00:00,7.8,33.94
2015-06-03 10:00:00,7.5,29.92
2015-06-03 11:00:00,6.7,29.9
2015-06-03 12:00:00,6.2,26.44
2015-06-03 13:00:00,7.5,25.06
2015-06-03 14:00:00,7.3,24.88
2015-06-03 15:00:00,8.3,25.06
2015-06-03 16:00:00,7.3,25.99
2015-06-03 17:00:00,7.4,33.12
2015-06-03 18:00:00,7.2,38.1
2015-06-03 19:00:00,5.8,42.08
2015-06-03 20:00:00,5.4,43.48
2015-06-03 21:00:00,3.9,41.57
2015-06-03 22:00:00,3.6,40.79
2015-06-03 23:00:00,1.9,36.43
2015-06-04 00:00:00,1.0,37.45
2015-06-04 01:00:00,0.9,30.78
2015-06-04 02:00:00,0.7,30.04
2015-06-04 03:00:00,0.6,29.33
2015-06-04 04:00:00,0.5,28.64
2015-06-04 05:00:00,0.7,26.89
2015-06-04 06:00:00,1.3,31.47
2015-06-04 07:00:00,1.6,34.06
2015-06-04 08:00:00,1.4,31.63
2015-06-04 09:00:00,1.5,28.08
2015-06-04 10:00:00,1.9,24.99
2015-06-04 11:00:00,2.5,23.02
2015-06-04 12:00:00,2.3,21.12
2015-06-04 13:00:00,2.4,19.72
2015-06-04 14:00:00,2.1,18.73
2015-06-04 15:00:00,2.4,19.03
2015-06-04 16:00:00,2.7,20.01
2015-06-04 17:00:00,2.2,27.94
2015-06-04 18:00:00,2.0,33.79
2015-06-04 19:00:00,1.8,36.92
2015-06-04 20:00:00,1.5,37.79
2015-06-04 21:00:00,1.6,36.34
2015-06-04 22:00:00,2.0,36.63
2015-06-04 23:00:00,1.6,29.9
2015-06-05 00:00:00,2.0,25.37
2015-06-05 01:00:00,2.3,24.01
2015-06-05 02:00:00,3.1,22.89
2015-06-05 03:00:00,3.2,20.13
2015-06-05 04:00:00,2.6,22.01
2015-06-05 05:00:00,2.3,23.78
2015-06-05 06:00:00,2.6,30.66
2015-06-05 07:00:00,3.1,35.96
2015-06-05 08:00:00,3.4,37.91
2015-06-05 09:00:00,2.9,34.95
2015-06-05 10:00:00,3.5,28.75
2015-06-05 11:00:00,3.0,27.18
2015-06-05 12:00:00,3.3,24.23
2015-06-05 13:00:00,3.8,22.95
2015-06-05 14:00:00,3.8,22.29
2015-06-05 15:00:00,3.1,23.3
2015-06-05 16:00:00,3.4,25.96
2015-06-05 17:00:00,3.4,32.97
2015-06-05 18:00:00,3.7,39.96
2015-06-05 19:00:00,2.8,45.14
2015-06-05 20:00:00,2.6,42.5
2015-06-05 21:00:00,2.7,36.14
2015-06-05 22:00:00,2.2,35.06
2015-06-05 23:00:00,2.1,26.58
2015-06-06 00:00:00,2.3,24.24
2015-06-06 01:00:00,2.5,21.94
2015-06-06 02:00:00,2.6,18.13
2015-06-06 03:00:00,2.5,18.01
2015-06-06 04:00:00,2.8,20.02
2015-06-06 05:00:00,2.9,19.42
2015-06-06 06:00:00,3.3,20.85
2015-06-06 07:00:00,3.5,23.95
2015-06-06 08:00:00,3.3,24.77
2015-06-06 09:00:00,2.6,26.21
2015-06-06 10:00:00,2.7,25.07
2015-06-06 11:00:00,3.5,24.72
2015-06-06 12:00:00,3.1,19.76
2015-06-06 13:00:00,3.2,18.47
2015-06-06 14:00:00,4.7,20.18
2015-06-06 15:00:00,4.1,18.07
2015-06-06 16:00:00,4.8,18.57
2015-06-06 17:00:00,5.7,23.07
2015-06-06 18:00:00,4.5,26.5
2015-06-06 19:00:00,2.7,30.93
2015-06-06 20:00:00,5.1,32.05
2015-06-06 21:00:00,3.7,31.48
2015-06-06 22:00:00,2.3,32.76
2015-06-06 23:00:00,1.9,27.92
2015-06-07 00:00:00,2.5,18.59
2015-06-07 01:00:00,3.3,15.58
2015-06-07 02:00:00,3.3,17.35
2015-06-07 03:00:00,2.7,15.67
2015-06-07 04:00:00,2.2,15.26
2015-06-07 05:00:00,2.5,14.21
2015-06-07 06:00:00,2.6,13.13
2015-06-07 07:00:00,2.2,12.02
2015-06-07 08:00:00,1.7,13.0
2015-06-07 09:00:00,2.5,16.89
2015-06-07 10:00:00,2.6,14.66
2015-06-07 11:00:00,2.4,17.03
2015-06-07 12:00:00,2.7,14.0
2015-06-07 13:00:00,2.6,9.73
2015-06-07 14:00:00,2.9,11.98
2015-06-07 15:00:00,2.9,12.45
2015-06-07 16:00:00,2.4,13.58
2015-06-07 17:00:00,1.9,16.66
2015-06-07 18:00:00,1.6,22.69
2015-06-07 19:00:00,1.3,30.03
2015-06-07 20:00:00,0.7,29.98
2015-06-07 21:00:00,0.5,29.9
2015-06-07 22:00:00,0.7,32.39
2015-06-07 23:00:00,0.4,25.54
2015-06-08 00:00:00,0.3,24.29
2015-06-08 01:00:00,0.7,21.53
2015-06-08 02:00:00,0.7,18.94
2015-06-08 03:00:00,0.7,16.23
2015-06-08 04:00:00,0.4,16.22
2015-06-08 05:00:00,0.6,18.1
2015-06-08 06:00:00,2.3,31.54
2015-06-08 07:00:00,2.8,40.39
2015-06-08 08:00:00,3.2,44.91
2015-06-08 09:00:00,3.3,39.6
2015-06-08 10:00:00,3.8,37.49
2015-06-08 11:00:00,3.6,38.19
2015-06-08 12:00:00,2.8,32.61
2015-06-08 13:00:00,3.0,31.98
2015-06-08 14:00:00,2.5,30.62
2015-06-08 15:00:00,2.4,30.28
2015-06-08 16:00:00,2.0,29.98
2015-06-08 17:00:00,1.5,32.92
2015-06-08 18:00:00,1.4,34.73
2015-06-08 19:00:00,2.2,36.97
2015-06-08 20:00:00,3.0,34.97
2015-06-08 21:00:00,3.0,33.99
2015-06-08 22:00:00,3.2,32.91
2015-06-08 23:00:00,2.8,25.87
2015-06-09 00:00:00,3.2,25.01
2015-06-09 01:00:00,3.7,22.68
2015-06-09 02:00:00,2.9,19.05
2015-06-09 03:00:00,2.4,17.94
2015-06-09 04:00:00,3.1,17.34
2015-06-09 05:00:00,2.7,22.04
2015-06-09 06:00:00,2.6,31.61
2015-06-09 07:00:00,2.9,38.06
2015-06-09 08:00:00,2.6,40.49
2015-06-09 09:00:00,2.9,39.92
2015-06-09 10:00:00,3.5,40.33
2015-06-09 11:00:00,3.0,47.01
2015-06-09 12:00:00,3.2,44.94
2015-06-09 13:00:00,3.2,41.73
2015-06-09 14:00:00,3.1,40.91
2015-06-09 15:00:00,2.5,39.46
2015-06-09 16:00:00,2.5,34.96
2015-06-09 17:00:00,2.4,35.04
2015-06-09 18:00:00,2.4,36.13
2015-06-09 19:00:00,1.7,38.1
2015-06-09 20:00:00,1.3,38.16
2015-06-09 21:00:00,1.4,35.29
2015-06-09 22:00:00,1.6,34.91
2015-06-09 23:00:00,1.4,29.65
2015-06-10 00:00:00,1.3,27.99
2015-06-10 01:00:00,1.4,25.59
2015-06-10 02:00:00,2.2,24.59
2015-06-10 03:00:00,1.6,23.05
2015-06-10 04:00:00,1.6,23.75
2015-06-10 05:00:00,2.9,24.1
2015-06-10 06:00:00,4.0,32.97
2015-06-10 07:00:00,3.8,41.44
2015-06-10 08:00:00,4.2,41.96
2015-06-10 09:00:00,3.9,36.67
2015-06-10 10:00:00,3.6,35.06
2015-06-10 11:00:00,3.2,34.26
2015-06-10 12:00:00,3.3,31.16
2015-06-10 13:00:00,3.1,31.13
2015-06-10 14:00:00,3.0,29.7
2015-06-10 15:00:00,3.2,30.77
2015-06-10 16:00:00,2.8,32.94
2015-06-10 17:00:00,2.8,34.96
2015-06-10 18:00:00,3.1,38.46
2015-06-10 19:00:00,2.0,39.7
2015-06-10 20:00:00,1.7,37.08
2015-06-10 21:00:00,1.4,35.13
2015-06-10 22:00:00,0.7,35.92
2015-06-10 23:00:00,0.5,29.95
2015-06-11 00:00:00,0.9,28.31
2015-06-11 01:00:00,0.6,25.98
2015-06-11 02:00:00,1.1,25.91
2015-06-11 03:00:00,1.2,24.02
2015-06-11 04:00:00,0.8,24.06
2015-06-11 05:00:00,0.6,26.69
2015-06-11 06:00:00,2.1,31.52
2015-06-11 07:00:00,2.7,42.29
2015-06-11 08:00:00,3.3,45.97
2015-06-11 09:00:00,3.3,42.96
2015-06-11 10:00:00,2.8,40.4
2015-06-11 11:00:00,2.8,39.9
2015-06-11 12:00:00,2.9,35.21
2015-06-11 13:00:00,2.3,34.04
2015-06-11 14:00:00,2.3,32.77
2015-06-11 15:00:00,1.8,33.94
2015-06-11 16:00:00,1.6,35.94
2015-06-11 17:00:00,1.4,43.06
2015-06-11 18:00:00,1.1,42.91
2015-06-11 19:00:00,1.4,44.96
2015-06-11 20:00:00,1.6,41.79
2015-06-11 21:00:00,1.3,41.19
2015-06-11 22:00:00,1.3,40.96
2015-06-11 23:00:00,0.4,33.39
2015-06-12 00:00:00,0.9,30.03
2015-06-12 01:00:00,0.6,29.46
2015-06-12 02:00:00,1.2,26.9
2015-06-12 03:00:00,1.4,25.88
2015-06-12 04:00:00,2.0,24.89
2015-06-12 05:00:00,2.2,26.54
2015-06-12 06:00:00,1.9,33.14
2015-06-12 07:00:00,2.1,42.41
2015-06-12 08:00:00,2.0,44.92
2015-06-12 09:00:00,2.5,44.45
2015-06-12 10:00:00,3.3,41.85
2015-06-12 11:00:00,2.6,40.75
2015-06-12 12:00:00,2.0,35.15
2015-06-12 13:00:00,1.6,32.02
2015-06-12 14:00:00,1.5,30.14
2015-06-12 15:00:00,2.2,31.95
2015-06-12 16:00:00,2.2,32.18
2015-06-12 17:00:00,2.3,35.4
2015-06-12 18:00:00,2.5,40.72
2015-06-12 19:00:00,1.7,40.05
2015-06-12 20:00:00,1.2,40.08
2015-06-12 21:00:00,1.6,40.91
2015-06-12 22:00:00,1.8,41.02
2015-06-12 23:00:00,1.5,34.0
2015-06-13 00:00:00,1.3,27.3
2015-06-13 01:00:00,1.6,26.59
2015-06-13 02:00:00,1.4,25.09
2015-06-13 03:00:00,1.2,23.52
2015-06-13 04:00:00,1.2,23.08
2015-06-13 05:00:00,1.4,23.58
2015-06-13 06:00:00,2.0,24.92
2015-06-13 07:00:00,3.5,24.9
2015-06-13 08:00:00,3.0,27.97
2015-06-13 09:00:00,3.4,30.61
2015-06-13 10:00:00,3.0,29.63
2015-06-13 11:00:00,2.7,29.49
2015-06-13 12:00:00,2.3,28.24
2015-06-13 13:00:00,1.6,26.08
2015-06-13 14:00:00,1.4,23.5
2015-06-13 15:00:00,3.0,21.99
2015-06-13 16:00:00,2.0,21.82
2015-06-13 17:00:00,1.7,23.33
2015-06-13 18:00:00,2.6,27.59
2015-06-13 19:00:00,1.9,29.63
2015-06-13 20:00:00,1.2,29.73
2015-06-13 21:00:00,1.2,29.05
2015-06-13 22:00:00,2.0,31.43
2015-06-13 23:00:00,3.2,27.07
2015-06-14 00:00:00,2.9,19.08
2015-06-14 01:00:00,2.9,13.55
2015-06-14 02:00:00,2.5,15.77
2015-06-14 03:00:00,2.1,14.86
2015-06-14 04:00:00,1.2,13.38
2015-06-14 05:00:00,1.5,10.24
2015-06-14 06:00:00,2.5,10.24
2015-06-14 07:00:00,3.1,14.53
2015-06-14 08:00:00,3.3,15.66
2015-06-14 09:00:00,4.2,16.64
2015-06-14 10:00:00,4.5,16.74
2015-06-14 11:00:00,4.4,17.61
2015-06-14 12:00:00,4.5,15.09
2015-06-14 13:00:00,4.5,17.03
2015-06-14 14:00:00,4.5,15.74
2015-06-14 15:00:00,4.2,13.93
2015-06-14 16:00:00,4.0,14.59
2015-06-14 17:00:00,3.5,18.02
2015-06-14 18:00:00,3.7,24.85
2015-06-14 19:00:00,2.9,27.06
2015-06-14 20:00:00,2.9,29.93
2015-06-14 21:00:00,3.6,30.21
2015-06-14 22:00:00,2.5,31.97
2015-06-14 23:00:00,2.6,27.04
2015-06-15 00:00:00,1.8,22.87
2015-06-15 01:00:00,1.2,20.01
2015-06-15 02:00:00,2.1,17.34
2015-06-15 03:00:00,1.1,16.35
2015-06-15 04:00:00,1.7,16.0
2015-06-15 05:00:00,2.6,18.55
2015-06-15 06:00:00,3.1,29.78
2015-06-15 07:00:00,3.2,37.64
2015-06-15 08:00:00,4.0,40.34
2015-06-15 09:00:00,3.4,40.1
2015-06-15 10:00:00,3.2,38.99
2015-06-15 11:00:00,3.5,38.4
2015-06-15 12:00:00,3.2,39.9
2015-06-15 13:00:00,4.3,38.85
2015-06-15 14:00:00,4.7,34.0
2015-06-15 15:00:00,5.3,30.38
2015-06-15 16:00:00,5.2,31.01
2015-06-15 17:00:00,4.7,36.09
2015-06-15 18:00:00,5.1,40.54
2015-06-15 19:00:00,4.4,40.54
2015-06-15 20:00:00,2.8,37.05
2015-06-15 21:00:00,2.3,35.2
2015-06-15 22:00:00,2.3,36.86
2015-06-15 23:00:00,2.3,28.89
2015-06-16 00:00:00,1.3,27.64
2015-06-16 01:00:00,0.8,26.02
2015-06-16 02:00:00,0.5,25.22
2015-06-16 03:00:00,0.5,24.42
2015-06-16 04:00:00,0.8,25.03
2015-06-16 05:00:00,0.5,26.04
2015-06-16 06:00:00,0.6,35.65
2015-06-16 07:00:00,1.1,48.15
2015-06-16 08:00:00,1.8,50.97
2015-06-16 09:00:00,3.7,46.66
2015-06-16 10:00:00,3.1,46.77
2015-06-16 11:00:00,3.9,49.7
2015-06-16 12:00:00,3.7,42.73
2015-06-16 13:00:00,3.8,40.67
2015-06-16 14:00:00,3.9,39.49
2015-06-16 15:00:00,4.6,36.94
2015-06-16 16:00:00,3.9,36.41
2015-06-16 17:00:00,4.8,38.18
2015-06-16 18:00:00,4.3,40.02
2015-06-16 19:00:00,4.1,44.0
2015-06-16 20:00:00,3.0,40.6
2015-06-16 21:00:00,3.0,38.94
2015-06-16 22:00:00,2.6,38.92
2015-06-16 23:00:00,1.2,30.02
2015-06-17 00:00:00,1.8,26.2
2015-06-17 01:00:00,1.5,24.92
2015-06-17 02:00:00,1.2,24.57
2015-06-17 03:00:00,1.0,22.56
2015-06-17 04:00:00,0.9,24.09
2015-06-17 05:00:00,0.9,24.91
2015-06-17 06:00:00,1.3,30.96
2015-06-17 07:00:00,2.7,41.3
2015-06-17 08:00:00,2.9,43.21
2015-06-17 09:00:00,3.8,38.65
2015-06-17 10:00:00,3.5,30.43
2015-06-17 11:00:00,3.0,30.92
2015-06-17 12:00:00,3.0,29.21
2015-06-17 13:00:00,2.9,28.45
2015-06-17 14:00:00,2.1,27.09
2015-06-17 15:00:00,2.7,26.92
2015-06-17 16:00:00,3.0,27.72
2015-06-17 17:00:00,3.3,31.96
2015-06-17 18:00:00,3.9,36.6
2015-06-17 19:00:00,3.2,38.13
2015-06-17 20:00:00,1.9,39.73
2015-06-17 21:00:00,1.8,39.26
2015-06-17 22:00:00,1.4,36.46
2015-06-17 23:00:00,1.7,28.41
2015-06-18 00:00:00,1.3,28.88
2015-06-18 01:00:00,1.6,26.06
2015-06-18 02:00:00,1.7,24.57
2015-06-18 03:00:00,0.9,22.91
2015-06-18 04:00:00,2.0,22.95
2015-06-18 05:00:00,2.0,24.92
2015-06-18 06:00:00,2.5,32.76
2015-06-18 07:00:00,2.9,39.86
2015-06-18 08:00:00,4.3,40.64
2015-06-18 09:00:00,4.4,40.01
2015-06-18 10:00:00,4.2,36.46
2015-06-18 11:00:00,4.1,38.96
2015-06-18 12:00:00,3.0,35.68
2015-06-18 13:00:00,2.9,38.31
2015-06-18 14:00:00,2.8,37.42
2015-06-18 15:00:00,3.0,32.98
2015-06-18 16:00:00,3.6,31.92
2015-06-18 17:00:00,3.4,29.53
2015-06-18 18:00:00,3.5,32.34
2015-06-18 19:00:00,3.5,35.22
2015-06-18 20:00:00,4.0,35.09
2015-06-18 21:00:00,4.1,34.19
2015-06-18 22:00:00,2.3,32.58
2015-06-18 23:00:00,2.3,27.56
2015-06-19 00:00:00,2.2,27.91
2015-06-19 01:00:00,4.6,26.79
2015-06-19 02:00:00,4.5,24.77
2015-06-19 03:00:00,3.8,23.95
2015-06-19 04:00:00,3.3,23.72
2015-06-19 05:00:00,3.7,26.02
2015-06-19 06:00:00,4.8,31.99
2015-06-19 07:00:00,5.4,37.88
2015-06-19 08:00:00,5.6,41.8
2015-06-19 09:00:00,6.6,40.71
2015-06-19 10:00:00,6.4,36.01
2015-06-19 11:00:00,6.4,34.33
2015-06-19 12:00:00,8.0,33.29
2015-06-19 13:00:00,5.4,34.99
2015-06-19 14:00:00,5.3,30.46
2015-06-19 15:00:00,6.2,29.44
2015-06-19 16:00:00,6.2,29.88
2015-06-19 17:00:00,4.6,30.68
2015-06-19 18:00:00,3.4,35.07
2015-06-19 19:00:00,3.1,37.47
2015-06-19 20:00:00,2.6,36.81
2015-06-19 21:00:00,3.1,35.51
2015-06-19 22:00:00,3.3,38.03
2015-06-19 23:00:00,3.7,30.01
2015-06-20 00:00:00,3.3,33.22
2015-06-20 01:00:00,3.8,27.05
2015-06-20 02:00:00,3.5,25.97
2015-06-20 03:00:00,3.1,24.88
2015-06-20 04:00:00,2.8,24.72
2015-06-20 05:00:00,3.1,22.44
2015-06-20 06:00:00,3.3,24.69
2015-06-20 07:00:00,3.6,26.48
2015-06-20 08:00:00,3.2,30.86
2015-06-20 09:00:00,4.4,32.83
2015-06-20 10:00:00,5.0,32.11
2015-06-20 11:00:00,5.3,30.94
2015-06-20 12:00:00,5.6,28.71
2015-06-20 13:00:00,5.7,24.64
2015-06-20 14:00:00,6.4,20.09
2015-06-20 15:00:00,4.5,21.9
2015-06-20 16:00:00,4.9,22.02
2015-06-20 17:00:00,5.1,24.73
2015-06-20 18:00:00,5.6,30.23
2015-06-20 19:00:00,5.8,33.74
2015-06-20 20:00:00,3.4,33.67
2015-06-20 21:00:00,3.3,34.05
2015-06-20 22:00:00,3.7,36.17
2015-06-20 23:00:00,3.5,27.73
2015-06-21 00:00:00,3.4,25.97
2015-06-21 01:00:00,3.4,22.65
2015-06-21 02:00:00,3.9,20.02
2015-06-21 03:00:00,3.0,18.15
2015-06-21 04:00:00,3.0,18.96
2015-06-21 05:00:00,3.0,15.84
2015-06-21 06:00:00,3.9,15.84
2015-06-21 07:00:00,4.6,18.96
2015-06-21 08:00:00,4.2,20.48
2015-06-21 09:00:00,4.7,22.63
2015-06-21 10:00:00,4.3,23.77
2015-06-21 11:00:00,4.6,26.21
2015-06-21 12:00:00,4.8,23.71
2015-06-21 13:00:00,3.6,15.52
2015-06-21 14:00:00,4.6,15.53
2015-06-21 15:00:00,3.3,16.94
2015-06-21 16:00:00,3.7,15.33
2015-06-21 17:00:00,3.5,22.47
2015-06-21 18:00:00,3.7,28.99
2015-06-21 19:00:00,2.5,31.95
2015-06-21 20:00:00,1.4,37.88
2015-06-21 21:00:00,1.4,36.47
2015-06-21 22:00:00,1.9,36.99
2015-06-21 23:00:00,1.7,31.95
2015-06-22 00:00:00,1.7,24.87
2015-06-22 01:00:00,1.8,24.33
2015-06-22 02:00:00,1.9,22.3
2015-06-22 03:00:00,2.4,19.08
2015-06-22 04:00:00,2.0,18.88
2015-06-22 05:00:00,2.0,21.0
2015-06-22 06:00:00,3.8,30.35
2015-06-22 07:00:00,5.0,41.09
2015-06-22 08:00:00,4.8,43.47
2015-06-22 09:00:00,4.5,43.53
2015-06-22 10:00:00,3.4,43.72
2015-06-22 11:00:00,3.8,43.52
2015-06-22 12:00:00,2.0,38.24
2015-06-22 13:00:00,2.8,39.7
2015-06-22 14:00:00,3.5,35.31
2015-06-22 15:00:00,3.2,34.66
2015-06-22 16:00:00,2.5,33.04
2015-06-22 17:00:00,2.9,35.09
2015-06-22 18:00:00,4.1,35.59
2015-06-22 19:00:00,4.8,37.69
2015-06-22 20:00:00,4.7,38.99
2015-06-22 21:00:00,3.6,35.5
2015-06-22 22:00:00,3.6,31.04
2015-06-22 23:00:00,3.1,27.05
2015-06-23 00:00:00,3.1,27.07
2015-06-23 01:00:00,3.4,26.87
2015-06-23 02:00:00,2.7,26.36
2015-06-23 03:00:00,1.5,24.88
2015-06-23 04:00:00,1.3,24.87
2015-06-23 05:00:00,1.4,26.85
2015-06-23 06:00:00,3.6,30.46
2015-06-23 07:00:00,7.3,38.28
2015-06-23 08:00:00,6.8,42.28
2015-06-23 09:00:00,7.5,40.28
2015-06-23 10:00:00,7.2,40.42
2015-06-23 11:00:00,6.9,40.39
2015-06-23 12:00:00,6.1,32.84
2015-06-23 13:00:00,5.5,31.0
2015-06-23 14:00:00,6.2,30.35
2015-06-23 15:00:00,5.4,29.34
2015-06-23 16:00:00,6.1,27.51
2015-06-23 17:00:00,4.9,29.88
2015-06-23 18:00:00,5.9,33.92
2015-06-23 19:00:00,4.4,35.9
2015-06-23 20:00:00,3.1,35.0
2015-06-23 21:00:00,3.1,33.4
2015-06-23 22:00:00,3.6,29.95
2015-06-23 23:00:00,4.2,26.68
2015-06-24 00:00:00,3.9,24.85
2015-06-24 01:00:00,3.9,23.05
2015-06-24 02:00:00,3.9,20.36
2015-06-24 03:00:00,3.6,17.94
2015-06-24 04:00:00,3.3,22.08
2015-06-24 05:00:00,4.1,25.65
2015-06-24 06:00:00,4.3,29.12
2015-06-24 07:00:00,4.4,36.34
2015-06-24 08:00:00,4.7,34.93
2015-06-24 09:00:00,4.9,33.63
2015-06-24 10:00:00,6.1,31.04
2015-06-24 11:00:00,7.1,30.83
2015-06-24 12:00:00,6.4,29.46
2015-06-24 13:00:00,5.8,29.43
2015-06-24 14:00:00,6.3,29.45
2015-06-24 15:00:00,5.8,30.65
2015-06-24 16:00:00,5.6,29.5
2015-06-24 17:00:00,4.9,32.64
2015-06-24 18:00:00,3.5,36.42
2015-06-24 19:00:00,3.0,37.86
2015-06-24 20:00:00,1.4,38.04
2015-06-24 21:00:00,1.1,39.04
2015-06-24 22:00:00,1.2,38.99
2015-06-24 23:00:00,1.3,32.8
2015-06-25 00:00:00,1.1,31.15
2015-06-25 01:00:00,0.9,29.62
2015-06-25 02:00:00,0.8,27.8
2015-06-25 03:00:00,1.0,26.1
2015-06-25 04:00:00,0.9,26.86
2015-06-25 05:00:00,0.9,29.67
2015-06-25 06:00:00,1.4,35.04
2015-06-25 07:00:00,1.7,45.97
2015-06-25 08:00:00,2.5,48.96
2015-06-25 09:00:00,3.0,43.21
2015-06-25 10:00:00,2.7,38.89
2015-06-25 11:00:00,3.0,40.04
2015-06-25 12:00:00,2.8,34.96
2015-06-25 13:00:00,3.4,35.22
2015-06-25 14:00:00,4.0,33.7
2015-06-25 15:00:00,3.6,37.81
2015-06-25 16:00:00,3.5,35.59
2015-06-25 17:00:00,2.7,39.22
2015-06-25 18:00:00,2.4,42.17
2015-06-25 19:00:00,1.4,42.99
2015-06-25 20:00:00,1.0,43.03
2015-06-25 21:00:00,1.5,39.4
2015-06-25 22:00:00,1.4,37.06
2015-06-25 23:00:00,0.9,30.7
2015-06-26 00:00:00,0.9,31.91
2015-06-26 01:00:00,0.7,31.0
2015-06-26 02:00:00,0.7,30.69
2015-06-26 03:00:00,0.3,28.91
2015-06-26 04:00:00,0.4,28.91
2015-06-26 05:00:00,0.5,31.72
2015-06-26 06:00:00,0.8,37.42
2015-06-26 07:00:00,1.6,44.51
2015-06-26 08:00:00,3.2,45.05
2015-06-26 09:00:00,3.3,41.33
2015-06-26 10:00:00,4.0,37.91
2015-06-26 11:00:00,4.4,36.97
2015-06-26 12:00:00,3.9,35.98
2015-06-26 13:00:00,3.6,35.44
2015-06-26 14:00:00,2.7,33.93
2015-06-26 15:00:00,2.2,35.01
2015-06-26 16:00:00,1.6,36.6
2015-06-26 17:00:00,1.5,39.56
2015-06-26 18:00:00,2.8,41.26
2015-06-26 19:00:00,1.7,41.03
2015-06-26 20:00:00,0.9,37.28
2015-06-26 21:00:00,1.3,35.7
2015-06-26 22:00:00,0.9,37.94
2015-06-26 23:00:00,1.0,34.38
2015-06-27 00:00:00,0.7,30.28
2015-06-27 01:00:00,0.9,27.2
2015-06-27 02:00:00,1.7,26.73
2015-06-27 03:00:00,0.8,25.54
2015-06-27 04:00:00,1.1,25.1
2015-06-27 05:00:00,1.4,24.07
2015-06-27 06:00:00,1.7,25.13
2015-06-27 07:00:00,2.0,26.08
2015-06-27 08:00:00,1.6,33.21
2015-06-27 09:00:00,1.2,35.48
2015-06-27 10:00:00,4.2,34.91
2015-06-27 11:00:00,5.2,34.13
2015-06-27 12:00:00,3.3,32.34
2015-06-27 13:00:00,3.2,28.14
2015-06-27 14:00:00,4.1,26.43
2015-06-27 15:00:00,2.3,25.05
2015-06-27 16:00:00,2.0,25.06
2015-06-27 17:00:00,2.1,27.01
2015-06-27 18:00:00,1.7,29.41
2015-06-27 19:00:00,3.1,32.5
2015-06-27 20:00:00,2.4,32.76
2015-06-27 21:00:00,3.3,32.65
2015-06-27 22:00:00,3.5,34.98
2015-06-27 23:00:00,3.0,30.9
2015-06-28 00:00:00,3.2,21.26
2015-06-28 01:00:00,3.4,18.59
2015-06-28 02:00:00,4.2,16.94
2015-06-28 03:00:00,5.0,19.08
2015-06-28 04:00:00,4.3,16.3
2015-06-28 05:00:00,4.3,15.27
2015-06-28 06:00:00,4.2,15.08
2015-06-28 07:00:00,3.8,15.06
2015-06-28 08:00:00,4.5,15.3
2015-06-28 09:00:00,4.6,15.56
2015-06-28 10:00:00,4.2,15.04
2015-06-28 11:00:00,3.9,16.07
2015-06-28 12:00:00,3.8,15.23
2015-06-28 13:00:00,4.0,14.94
2015-06-28 14:00:00,4.3,14.3
2015-06-28 15:00:00,3.6,14.68
2015-06-28 16:00:00,3.2,15.55
2015-06-28 17:00:00,2.9,17.42
2015-06-28 18:00:00,2.2,28.72
2015-06-28 19:00:00,0.6,35.02
2015-06-28 20:00:00,0.5,36.92
2015-06-28 21:00:00,0.4,35.53
2015-06-28 22:00:00,1.0,38.92
2015-06-28 23:00:00,0.9,36.86
2015-06-29 00:00:00,0.7,33.51
2015-06-29 01:00:00,0.7,29.23
2015-06-29 02:00:00,0.8,26.9
2015-06-29 03:00:00,1.3,25.94
2015-06-29 04:00:00,1.5,25.34
2015-06-29 05:00:00,0.9,27.08
2015-06-29 06:00:00,1.1,34.98
2015-06-29 07:00:00,0.8,43.93
2015-06-29 08:00:00,1.0,47.62
2015-06-29 09:00:00,1.8,43.93
2015-06-29 10:00:00,2.2,41.55
2015-06-29 11:00:00,2.5,40.02
2015-06-29 12:00:00,2.9,34.55
2015-06-29 13:00:00,2.7,32.62
2015-06-29 14:00:00,2.9,31.69
2015-06-29 15:00:00,2.6,32.17
2015-06-29 16:00:00,2.0,34.5
2015-06-29 17:00:00,1.5,39.46
2015-06-29 18:00:00,0.7,39.13
2015-06-29 19:00:00,1.2,43.96
2015-06-29 20:00:00,1.5,43.94
2015-06-29 21:00:00,2.0,41.8
2015-06-29 22:00:00,1.2,41.18
2015-06-29 23:00:00,1.3,31.96
2015-06-30 00:00:00,1.1,29.44
2015-06-30 01:00:00,1.2,29.36
2015-06-30 02:00:00,1.0,29.49
2015-06-30 03:00:00,0.8,27.52
2015-06-30 04:00:00,1.1,27.58
2015-06-30 05:00:00,1.7,29.91
2015-06-30 06:00:00,1.8,36.07
2015-06-30 07:00:00,2.2,42.55
2015-06-30 08:00:00,2.9,42.61
2015-06-30 09:00:00,1.7,37.93
2015-06-30 10:00:00,2.6,36.07
2015-06-30 11:00:00,2.9,35.72
2015-06-30 12:00:00,2.9,32.91
2015-06-30 13:00:00,3.7,31.88
2015-06-30 14:00:00,3.6,31.23
2015-06-30 15:00:00,4.1,31.97
2015-06-30 16:00:00,4.1,33.92
2015-06-30 17:00:00,3.5,40.02
2015-06-30 18:00:00,3.8,43.9
2015-06-30 19:00:00,3.1,46.79
2015-06-30 20:00:00,1.6,44.54
2015-06-30 21:00:00,1.0,41.34
2015-06-30 22:00:00,1.4,36.93
2015-06-30 23:00:00,0.6,33.62
2015-07-01 00:00:00,0.6,30.62
2015-07-01 01:00:00,0.6,29.98
2015-07-01 02:00:00,0.9,28.05
2015-07-01 03:00:00,0.6,27.7
2015-07-01 04:00:00,0.5,28.36
2015-07-01 05:00:00,0.9,28.67
2015-07-01 06:00:00,2.7,35.32
2015-07-01 07:00:00,2.8,42.02
2015-07-01 08:00:00,2.3,41.54
2015-07-01 09:00:00,2.7,36.9
2015-07-01 10:00:00,3.1,34.22
2015-07-01 11:00:00,2.8,31.99
2015-07-01 12:00:00,3.0,30.04
2015-07-01 13:00:00,3.0,28.77
2015-07-01 14:00:00,3.0,29.43
2015-07-01 15:00:00,3.1,29.99
2015-07-01 16:00:00,2.5,30.04
2015-07-01 17:00:00,2.9,34.94
2015-07-01 18:00:00,3.5,37.28
2015-07-01 19:00:00,3.2,42.58
2015-07-01 20:00:00,3.0,42.42
2015-07-01 21:00:00,2.7,39.68
2015-07-01 22:00:00,2.5,36.98
2015-07-01 23:00:00,2.9,28.39
2015-07-02 00:00:00,3.1,28.74
2015-07-02 01:00:00,3.1,28.08
2015-07-02 02:00:00,2.7,27.31
2015-07-02 03:00:00,2.0,26.07
2015-07-02 04:00:00,2.2,27.49
2015-07-02 05:00:00,2.8,28.19
2015-07-02 06:00:00,3.4,35.11
2015-07-02 07:00:00,3.1,42.45
2015-07-02 08:00:00,3.5,43.12
2015-07-02 09:00:00,4.0,35.91
2015-07-02 10:00:00,3.7,32.52
2015-07-02 11:00:00,4.2,28.72
2015-07-02 12:00:00,4.8,28.15
2015-07-02 13:00:00,4.8,27.54
2015-07-02 14:00:00,4.4,26.73
2015-07-02 15:00:00,4.3,28.49
2015-07-02 16:00:00,3.7,33.1
2015-07-02 17:00:00,3.2,40.0
2015-07-02 18:00:00,3.5,44.28
2015-07-02 19:00:00,2.8,48.26
2015-07-02 20:00:00,2.1,44.2
2015-07-02 21:00:00,1.5,40.97
2015-07-02 22:00:00,2.3,37.95
2015-07-02 23:00:00,2.9,30.14
2015-07-03 00:00:00,2.8,29.72
2015-07-03 01:00:00,2.3,30.07
2015-07-03 02:00:00,2.4,29.18
2015-07-03 03:00:00,3.1,30.38
2015-07-03 04:00:00,3.2,31.84
2015-07-03 05:00:00,2.3,35.39
2015-07-03 06:00:00,3.5,46.39
2015-07-03 07:00:00,3.3,53.02
2015-07-03 08:00:00,3.8,56.62
2015-07-03 09:00:00,3.4,55.78
2015-07-03 10:00:00,3.7,47.56
2015-07-03 11:00:00,3.6,41.64
2015-07-03 12:00:00,2.9,39.03
2015-07-03 13:00:00,2.8,33.95
2015-07-03 14:00:00,2.9,35.34
2015-07-03 15:00:00,3.2,39.75
2015-07-03 16:00:00,2.6,47.43
2015-07-03 17:00:00,1.9,60.0
2015-07-03 18:00:00,2.3,58.94
2015-07-03 19:00:00,2.4,57.34
2015-07-03 20:00:00,2.1,55.99
2015-07-03 21:00:00,2.2,53.79
2015-07-03 22:00:00,1.7,57.09
2015-07-03 23:00:00,1.4,47.99
2015-07-04 00:00:00,1.7,37.04
2015-07-04 01:00:00,2.0,31.76
2015-07-04 02:00:00,1.9,31.0
2015-07-04 03:00:00,1.5,32.09
2015-07-04 04:00:00,1.2,29.74
2015-07-04 05:00:00,0.8,28.46
2015-07-04 06:00:00,1.4,27.58
2015-07-04 07:00:00,1.6,30.82
2015-07-04 08:00:00,1.8,35.03
2015-07-04 09:00:00,1.7,38.94
2015-07-04 10:00:00,2.1,31.35
2015-07-04 11:00:00,2.1,28.68
2015-07-04 12:00:00,2.5,28.15
2015-07-04 13:00:00,2.4,28.12
2015-07-04 14:00:00,2.5,27.67
2015-07-04 15:00:00,2.6,28.68
2015-07-04 16:00:00,2.6,30.91
2015-07-04 17:00:00,2.6,39.29
2015-07-04 18:00:00,2.1,43.99
2015-07-04 19:00:00,1.8,44.14
2015-07-04 20:00:00,1.9,40.05
2015-07-04 21:00:00,1.8,38.99
2015-07-04 22:00:00,1.7,39.89
2015-07-04 23:00:00,1.6,34.5
2015-07-05 00:00:00,1.7,30.44
2015-07-05 01:00:00,1.6,29.47
2015-07-05 02:00:00,1.6,29.43
2015-07-05 03:00:00,1.6,27.94
2015-07-05 04:00:00,1.6,28.97
2015-07-05 05:00:00,1.9,26.06
2015-07-05 06:00:00,2.1,25.25
2015-07-05 07:00:00,1.3,25.58
2015-07-05 08:00:00,1.8,26.08
2015-07-05 09:00:00,3.0,26.1
2015-07-05 10:00:00,2.8,24.77
2015-07-05 11:00:00,2.6,24.01
2015-07-05 12:00:00,2.6,24.36
2015-07-05 13:00:00,2.4,23.08
2015-07-05 14:00:00,2.8,22.72
2015-07-05 15:00:00,2.8,24.02
2015-07-05 16:00:00,2.5,24.74
2015-07-05 17:00:00,3.9,28.65
2015-07-05 18:00:00,3.1,32.56
2015-07-05 19:00:00,2.1,33.91
2015-07-05 20:00:00,2.0,34.95
2015-07-05 21:00:00,2.0,35.07
2015-07-05 22:00:00,3.0,39.98
2015-07-05 23:00:00,5.0,30.55
2015-07-06 00:00:00,5.5,28.78
2015-07-06 01:00:00,3.0,24.55
2015-07-06 02:00:00,1.7,20.8
2015-07-06 03:00:00,2.7,15.94
2015-07-06 04:00:00,2.1,15.51
2015-07-06 05:00:00,2.1,24.08
2015-07-06 06:00:00,4.0,29.72
2015-07-06 07:00:00,5.3,43.16
2015-07-06 08:00:00,6.2,44.2
2015-07-06 09:00:00,6.5,37.95
2015-07-06 10:00:00,6.3,34.99
2015-07-06 11:00:00,5.7,31.48
2015-07-06 12:00:00,5.7,28.72
2015-07-06 13:00:00,5.5,27.11
2015-07-06 14:00:00,5.2,26.03
2015-07-06 15:00:00,5.4,28.23
2015-07-06 16:00:00,4.3,29.08
2015-07-06 17:00:00,3.9,44.01
2015-07-06 18:00:00,3.3,50.51
2015-07-06 19:00:00,2.0,65.0
2015-07-06 20:00:00,0.8,65.05
2015-07-06 21:00:00,0.5,59.94
2015-07-06 22:00:00,0.2,61.95
2015-07-06 23:00:00,0.6,52.49
2015-07-07 00:00:00,1.0,51.68
2015-07-07 01:00:00,1.0,40.83
2015-07-07 02:00:00,0.7,38.9
2015-07-07 03:00:00,0.7,34.92
2015-07-07 04:00:00,0.5,35.32
2015-07-07 05:00:00,0.9,38.97
2015-07-07 06:00:00,0.7,47.97
2015-07-07 07:00:00,1.3,62.06
2015-07-07 08:00:00,1.9,65.0
2015-07-07 09:00:00,1.6,62.95
2015-07-07 10:00:00,2.2,56.91
2015-07-07 11:00:00,3.0,57.42
2015-07-07 12:00:00,2.6,46.35
2015-07-07 13:00:00,2.9,45.4
2015-07-07 14:00:00,3.3,45.01
2015-07-07 15:00:00,3.5,46.95
2015-07-07 16:00:00,3.2,51.51
2015-07-07 17:00:00,3.5,54.06
2015-07-07 18:00:00,2.7,56.77
2015-07-07 19:00:00,1.9,57.65
2015-07-07 20:00:00,2.2,49.46
2015-07-07 21:00:00,7.0,44.9
2015-07-07 22:00:00,3.0,47.06
2015-07-07 23:00:00,3.4,38.33
2015-07-08 00:00:00,2.8,28.48
2015-07-08 01:00:00,2.7,27.96
2015-07-08 02:00:00,2.1,29.03
2015-07-08 03:00:00,2.7,25.65
2015-07-08 04:00:00,3.4,25.29
2015-07-08 05:00:00,3.8,24.92
2015-07-08 06:00:00,4.3,32.94
2015-07-08 07:00:00,6.1,37.96
2015-07-08 08:00:00,5.4,41.2
2015-07-08 09:00:00,6.7,38.47
2015-07-08 10:00:00,8.8,35.92
2015-07-08 11:00:00,9.1,32.83
2015-07-08 12:00:00,9.3,24.67
2015-07-08 13:00:00,8.8,20.79
2015-07-08 14:00:00,6.6,15.87
2015-07-08 15:00:00,8.9,15.84
2015-07-08 16:00:00,9.0,15.9
2015-07-08 17:00:00,7.9,27.42
2015-07-08 18:00:00,7.0,29.07
2015-07-08 19:00:00,5.2,37.81
2015-07-08 20:00:00,3.5,39.27
2015-07-08 21:00:00,3.2,38.02
2015-07-08 22:00:00,4.2,35.93
2015-07-08 23:00:00,3.9,28.49
2015-07-09 00:00:00,4.1,26.47
2015-07-09 01:00:00,5.0,25.23
2015-07-09 02:00:00,6.1,25.41
2015-07-09 03:00:00,4.2,20.55
2015-07-09 04:00:00,4.3,22.1
2015-07-09 05:00:00,4.3,24.5
2015-07-09 06:00:00,5.6,34.51
2015-07-09 07:00:00,7.3,37.71
2015-07-09 08:00:00,6.3,40.46
2015-07-09 09:00:00,6.7,34.46
2015-07-09 10:00:00,5.6,32.71
2015-07-09 11:00:00,6.7,31.79
2015-07-09 12:00:00,8.3,26.02
2015-07-09 13:00:00,8.5,26.04
2015-07-09 14:00:00,8.6,24.43
2015-07-09 15:00:00,8.1,22.08
2015-07-09 16:00:00,8.4,22.01
2015-07-09 17:00:00,8.3,24.85
2015-07-09 18:00:00,6.9,26.93
2015-07-09 19:00:00,6.4,30.17
2015-07-09 20:00:00,4.3,32.73
2015-07-09 21:00:00,4.8,34.68
2015-07-09 22:00:00,4.4,36.92
2015-07-09 23:00:00,4.5,26.1
2015-07-10 00:00:00,3.5,28.03
2015-07-10 01:00:00,3.3,25.91
2015-07-10 02:00:00,3.9,25.02
2015-07-10 03:00:00,4.9,24.03
2015-07-10 04:00:00,5.1,22.11
2015-07-10 05:00:00,5.0,24.71
2015-07-10 06:00:00,6.5,30.9
2015-07-10 07:00:00,7.1,33.15
2015-07-10 08:00:00,7.9,33.4
2015-07-10 09:00:00,7.3,29.98
2015-07-10 10:00:00,7.6,29.08
2015-07-10 11:00:00,7.3,28.63
2015-07-10 12:00:00,8.0,26.34
2015-07-10 13:00:00,7.6,25.29
2015-07-10 14:00:00,7.6,25.15
2015-07-10 15:00:00,7.0,25.92
2015-07-10 16:00:00,6.5,28.48
2015-07-10 17:00:00,5.9,34.63
2015-07-10 18:00:00,4.8,42.4
2015-07-10 19:00:00,4.1,50.17
2015-07-10 20:00:00,2.6,46.31
2015-07-10 21:00:00,2.2,44.85
2015-07-10 22:00:00,2.1,47.05
2015-07-10 23:00:00,2.3,39.9
2015-07-11 00:00:00,1.5,42.84
2015-07-11 01:00:00,0.7,35.93
2015-07-11 02:00:00,1.1,33.0
2015-07-11 03:00:00,0.7,29.15
2015-07-11 04:00:00,0.7,28.74
2015-07-11 05:00:00,0.6,28.7
2015-07-11 06:00:00,0.7,30.62
2015-07-11 07:00:00,2.5,31.29
2015-07-11 08:00:00,1.8,32.49
2015-07-11 09:00:00,2.3,30.71
2015-07-11 10:00:00,3.2,28.64
2015-07-11 11:00:00,2.9,29.88
2015-07-11 12:00:00,2.5,29.91
2015-07-11 13:00:00,2.2,28.56
2015-07-11 14:00:00,2.5,27.46
2015-07-11 15:00:00,2.3,27.1
2015-07-11 16:00:00,2.1,27.49
2015-07-11 17:00:00,2.3,30.4
2015-07-11 18:00:00,2.0,36.82
2015-07-11 19:00:00,1.8,39.9
2015-07-11 20:00:00,1.4,40.05
2015-07-11 21:00:00,0.6,42.02
2015-07-11 22:00:00,0.6,45.42
2015-07-11 23:00:00,0.6,40.01
2015-07-12 00:00:00,0.7,35.0
2015-07-12 01:00:00,1.0,29.95
2015-07-12 02:00:00,0.7,28.49
2015-07-12 03:00:00,0.6,27.03
2015-07-12 04:00:00,0.6,27.44
2015-07-12 05:00:00,0.6,25.62
2015-07-12 06:00:00,0.5,25.05
2015-07-12 07:00:00,0.6,24.07
2015-07-12 08:00:00,1.4,23.9
2015-07-12 09:00:00,1.6,24.09
2015-07-12 10:00:00,2.7,21.06
2015-07-12 11:00:00,3.3,22.98
2015-07-12 12:00:00,4.7,24.08
2015-07-12 13:00:00,5.3,22.92
2015-07-12 14:00:00,6.4,19.42
2015-07-12 15:00:00,6.6,20.08
2015-07-12 16:00:00,5.9,23.91
2015-07-12 17:00:00,4.3,27.07
2015-07-12 18:00:00,4.1,30.03
2015-07-12 19:00:00,2.1,35.74
2015-07-12 20:00:00,2.3,36.58
2015-07-12 21:00:00,4.2,36.6
2015-07-12 22:00:00,3.5,39.99
2015-07-12 23:00:00,3.7,38.49
2015-07-13 00:00:00,4.1,32.24
2015-07-13 01:00:00,3.3,28.94
2015-07-13 02:00:00,3.1,26.86
2015-07-13 03:00:00,4.0,24.79
2015-07-13 04:00:00,4.5,24.98
2015-07-13 05:00:00,3.6,27.43
2015-07-13 06:00:00,3.8,36.52
2015-07-13 07:00:00,3.5,44.81
2015-07-13 08:00:00,3.7,45.84
2015-07-13 09:00:00,4.2,45.97
2015-07-13 10:00:00,3.1,46.69
2015-07-13 11:00:00,4.1,52.38
2015-07-13 12:00:00,5.6,52.87
2015-07-13 13:00:00,7.0,47.67
2015-07-13 14:00:00,5.9,48.19
2015-07-13 15:00:00,5.5,47.06
2015-07-13 16:00:00,5.8,45.98
2015-07-13 17:00:00,4.8,44.97
2015-07-13 18:00:00,5.2,46.73
2015-07-13 19:00:00,5.4,47.02
2015-07-13 20:00:00,4.2,44.62
2015-07-13 21:00:00,2.4,42.14
2015-07-13 22:00:00,2.1,44.98
2015-07-13 23:00:00,2.7,33.77
2015-07-14 00:00:00,3.4,32.43
2015-07-14 01:00:00,3.6,28.47
2015-07-14 02:00:00,3.7,27.91
2015-07-14 03:00:00,3.3,26.4
2015-07-14 04:00:00,4.0,26.93
2015-07-14 05:00:00,4.3,28.03
2015-07-14 06:00:00,4.5,35.04
2015-07-14 07:00:00,3.9,50.1
2015-07-14 08:00:00,2.6,60.15
2015-07-14 09:00:00,2.4,54.95
2015-07-14 10:00:00,2.1,53.84
2015-07-14 11:00:00,3.3,53.59
2015-07-14 12:00:00,3.9,49.99
2015-07-14 13:00:00,4.8,44.98
2015-07-14 14:00:00,6.3,40.79
2015-07-14 15:00:00,6.8,38.52
2015-07-14 16:00:00,5.3,38.51
2015-07-14 17:00:00,6.3,41.94
2015-07-14 18:00:00,6.3,42.92
2015-07-14 19:00:00,3.8,45.9
2015-07-14 20:00:00,2.3,47.32
2015-07-14 21:00:00,1.0,46.1
2015-07-14 22:00:00,1.7,46.89
2015-07-14 23:00:00,1.9,37.03
2015-07-15 00:00:00,2.2,43.06
2015-07-15 01:00:00,2.4,36.13
2015-07-15 02:00:00,2.1,31.07
2015-07-15 03:00:00,2.3,30.01
2015-07-15 04:00:00,2.7,30.01
2015-07-15 05:00:00,2.6,36.62
2015-07-15 06:00:00,2.7,44.92
2015-07-15 07:00:00,4.7,56.25
2015-07-15 08:00:00,4.4,54.01
2015-07-15 09:00:00,5.3,58.62
2015-07-15 10:00:00,5.4,57.82
2015-07-15 11:00:00,5.5,59.29
2015-07-15 12:00:00,5.6,52.32
2015-07-15 13:00:00,5.1,46.99
2015-07-15 14:00:00,4.6,46.07
2015-07-15 15:00:00,3.7,45.23
2015-07-15 16:00:00,3.8,45.54
2015-07-15 17:00:00,3.6,49.94
2015-07-15 18:00:00,2.7,56.36
2015-07-15 19:00:00,0.9,59.15
2015-07-15 20:00:00,0.5,54.97
2015-07-15 21:00:00,0.6,52.34
2015-07-15 22:00:00,0.6,53.98
2015-07-15 23:00:00,0.8,44.73
2015-07-16 00:00:00,0.9,40.01
2015-07-16 01:00:00,1.4,36.44
2015-07-16 02:00:00,1.3,33.36
2015-07-16 03:00:00,1.6,31.86
2015-07-16 04:00:00,1.4,31.29
2015-07-16 05:00:00,1.2,38.06
2015-07-16 06:00:00,0.6,43.09
2015-07-16 07:00:00,1.2,55.92
2015-07-16 08:00:00,2.2,54.38
2015-07-16 09:00:00,3.6,53.88
2015-07-16 10:00:00,3.7,52.5
2015-07-16 11:00:00,4.0,52.06
2015-07-16 12:00:00,4.8,45.98
2015-07-16 13:00:00,4.8,42.91
2015-07-16 14:00:00,4.5,42.01
2015-07-16 15:00:00,4.1,42.07
2015-07-16 16:00:00,4.2,42.05
2015-07-16 17:00:00,4.1,49.38
2015-07-16 18:00:00,3.4,56.14
2015-07-16 19:00:00,1.7,55.63
2015-07-16 20:00:00,1.4,53.45
2015-07-16 21:00:00,0.7,51.21
2015-07-16 22:00:00,0.4,50.48
2015-07-16 23:00:00,0.6,39.93
2015-07-17 00:00:00,0.9,37.22
2015-07-17 01:00:00,0.8,34.25
2015-07-17 02:00:00,0.6,32.91
2015-07-17 03:00:00,0.8,30.01
2015-07-17 04:00:00,1.1,29.94
2015-07-17 05:00:00,0.5,31.11
2015-07-17 06:00:00,0.5,38.76
2015-07-17 07:00:00,1.1,45.28
2015-07-17 08:00:00,1.3,46.04
2015-07-17 09:00:00,1.1,44.97
2015-07-17 10:00:00,1.1,43.91
2015-07-17 11:00:00,1.8,42.05
2015-07-17 12:00:00,5.0,32.94
2015-07-17 13:00:00,5.1,29.76
2015-07-17 14:00:00,4.2,29.92
2015-07-17 15:00:00,3.1,29.95
2015-07-17 16:00:00,2.8,30.55
2015-07-17 17:00:00,3.0,36.6
2015-07-17 18:00:00,2.6,40.86
2015-07-17 19:00:00,2.6,45.45
2015-07-17 20:00:00,2.1,44.71
2015-07-17 21:00:00,2.1,46.91
2015-07-17 22:00:00,2.3,47.09
2015-07-17 23:00:00,2.3,41.97
2015-07-18 00:00:00,1.7,41.85
2015-07-18 01:00:00,1.1,38.18
2015-07-18 02:00:00,1.5,35.04
2015-07-18 03:00:00,0.8,33.31
2015-07-18 04:00:00,1.0,32.08
2015-07-18 05:00:00,1.6,31.23
2015-07-18 06:00:00,2.3,30.71
2015-07-18 07:00:00,4.1,34.43
2015-07-18 08:00:00,7.4,36.93
2015-07-18 09:00:00,6.1,41.93
2015-07-18 10:00:00,6.2,36.92
2015-07-18 11:00:00,7.2,36.57
2015-07-18 12:00:00,6.9,35.05
2015-07-18 13:00:00,5.8,31.26
2015-07-18 14:00:00,4.7,31.72
2015-07-18 15:00:00,4.4,32.52
2015-07-18 16:00:00,3.5,34.33
2015-07-18 17:00:00,2.3,38.1
2015-07-18 18:00:00,1.2,43.37
2015-07-18 19:00:00,0.9,46.93
2015-07-18 20:00:00,0.7,45.92
2015-07-18 21:00:00,0.9,44.92
2015-07-18 22:00:00,0.5,46.94
2015-07-18 23:00:00,0.6,43.0
2015-07-19 00:00:00,0.7,40.52
2015-07-19 01:00:00,0.9,35.87
2015-07-19 02:00:00,0.5,31.05
2015-07-19 03:00:00,0.6,28.88
2015-07-19 04:00:00,0.4,27.1
2015-07-19 05:00:00,1.1,25.45
2015-07-19 06:00:00,1.6,25.4
2015-07-19 07:00:00,2.3,27.07
2015-07-19 08:00:00,3.0,29.5
2015-07-19 09:00:00,2.8,33.1
2015-07-19 10:00:00,3.4,34.97
2015-07-19 11:00:00,4.7,34.97
2015-07-19 12:00:00,5.1,30.79
2015-07-19 13:00:00,4.4,27.58
2015-07-19 14:00:00,4.7,25.44
2015-07-19 15:00:00,6.0,22.74
2015-07-19 16:00:00,5.5,21.42
2015-07-19 17:00:00,5.5,22.24
2015-07-19 18:00:00,6.8,26.76
2015-07-19 19:00:00,3.7,31.9
2015-07-19 20:00:00,3.8,32.83
2015-07-19 21:00:00,2.6,33.45
2015-07-19 22:00:00,2.9,36.03
2015-07-19 23:00:00,3.1,31.04
2015-07-20 00:00:00,3.9,25.41
2015-07-20 01:00:00,4.4,23.26
2015-07-20 02:00:00,4.2,24.24
2015-07-20 03:00:00,3.3,23.12
2015-07-20 04:00:00,2.5,22.63
2015-07-20 05:00:00,2.7,25.44
2015-07-20 06:00:00,4.1,37.34
2015-07-20 07:00:00,4.3,45.12
2015-07-20 08:00:00,5.1,47.99
2015-07-20 09:00:00,6.2,47.11
2015-07-20 10:00:00,5.4,45.92
2015-07-20 11:00:00,5.0,48.19
2015-07-20 12:00:00,5.9,48.82
2015-07-20 13:00:00,5.0,48.73
2015-07-20 14:00:00,5.2,47.94
2015-07-20 15:00:00,4.8,48.05
2015-07-20 16:00:00,4.2,49.54
2015-07-20 17:00:00,3.3,50.94
2015-07-20 18:00:00,3.0,49.93
2015-07-20 19:00:00,2.1,56.0
2015-07-20 20:00:00,1.6,50.03
2015-07-20 21:00:00,1.2,48.19
2015-07-20 22:00:00,1.3,46.54
2015-07-20 23:00:00,1.9,41.95
2015-07-21 00:00:00,1.5,40.17
2015-07-21 01:00:00,0.8,35.08
2015-07-21 02:00:00,1.4,32.0
2015-07-21 03:00:00,1.3,28.8
2015-07-21 04:00:00,1.4,28.78
2015-07-21 05:00:00,1.6,32.15
2015-07-21 06:00:00,2.5,41.32
2015-07-21 07:00:00,5.1,48.77
2015-07-21 08:00:00,5.0,55.77
2015-07-21 09:00:00,4.6,52.58
2015-07-21 10:00:00,4.8,52.63
2015-07-21 11:00:00,4.4,50.94
2015-07-21 12:00:00,4.5,45.82
2015-07-21 13:00:00,5.3,37.88
2015-07-21 14:00:00,6.8,36.08
2015-07-21 15:00:00,6.4,39.27
2015-07-21 16:00:00,5.5,43.97
2015-07-21 17:00:00,3.7,48.92
2015-07-21 18:00:00,2.1,56.55
2015-07-21 19:00:00,1.1,66.39
2015-07-21 20:00:00,0.4,60.83
2015-07-21 21:00:00,0.6,55.92
2015-07-21 22:00:00,0.5,55.13
2015-07-21 23:00:00,0.4,48.65
2015-07-22 00:00:00,1.1,37.83
2015-07-22 01:00:00,0.7,37.61
2015-07-22 02:00:00,0.4,35.64
2015-07-22 03:00:00,0.7,31.82
2015-07-22 04:00:00,1.0,32.22
2015-07-22 05:00:00,0.4,35.0
2015-07-22 06:00:00,0.5,44.24
2015-07-22 07:00:00,1.0,53.64
2015-07-22 08:00:00,0.8,56.92
2015-07-22 09:00:00,0.9,52.51
2015-07-22 10:00:00,1.7,55.09
2015-07-22 11:00:00,1.9,54.15
2015-07-22 12:00:00,2.1,49.96
2015-07-22 13:00:00,2.0,48.07
2015-07-22 14:00:00,1.9,48.02
2015-07-22 15:00:00,2.9,49.15
2015-07-22 16:00:00,2.3,51.27
2015-07-22 17:00:00,2.3,52.9
2015-07-22 18:00:00,2.4,50.72
2015-07-22 19:00:00,2.5,51.7
2015-07-22 20:00:00,1.8,50.56
2015-07-22 21:00:00,1.7,49.98
2015-07-22 22:00:00,5.3,49.94
2015-07-22 23:00:00,2.6,41.89
2015-07-23 00:00:00,1.1,36.06
2015-07-23 01:00:00,2.3,35.5
2015-07-23 02:00:00,3.4,33.1
2015-07-23 03:00:00,3.2,30.52
2015-07-23 04:00:00,4.0,32.3
2015-07-23 05:00:00,4.1,35.2
2015-07-23 06:00:00,4.7,39.99
2015-07-23 07:00:00,3.9,49.94
2015-07-23 08:00:00,4.2,50.66
2015-07-23 09:00:00,4.2,54.87
2015-07-23 10:00:00,4.1,51.91
2015-07-23 11:00:00,4.4,52.92
2015-07-23 12:00:00,4.7,54.91
2015-07-23 13:00:00,3.8,54.72
2015-07-23 14:00:00,3.4,51.83
2015-07-23 15:00:00,3.5,51.5
2015-07-23 16:00:00,2.9,51.94
2015-07-23 17:00:00,1.9,51.37
2015-07-23 18:00:00,1.8,51.94
2015-07-23 19:00:00,0.6,53.37
2015-07-23 20:00:00,0.4,55.93
2015-07-23 21:00:00,0.7,52.95
2015-07-23 22:00:00,0.7,53.39
2015-07-23 23:00:00,0.3,45.46
2015-07-24 00:00:00,1.4,41.97
2015-07-24 01:00:00,2.1,36.59
2015-07-24 02:00:00,1.3,34.36
2015-07-24 03:00:00,1.5,32.43
2015-07-24 04:00:00,1.7,33.05
2015-07-24 05:00:00,1.0,34.0
2015-07-24 06:00:00,2.1,42.96
2015-07-24 07:00:00,3.0,55.25
2015-07-24 08:00:00,3.3,55.17
2015-07-24 09:00:00,2.9,56.91
2015-07-24 10:00:00,3.3,53.45
2015-07-24 11:00:00,3.5,52.62
2015-07-24 12:00:00,3.1,51.92
2015-07-24 13:00:00,3.8,49.95
2015-07-24 14:00:00,3.5,48.78
2015-07-24 15:00:00,4.1,47.92
2015-07-24 16:00:00,4.4,48.0
2015-07-24 17:00:00,3.7,49.6
2015-07-24 18:00:00,3.4,51.28
2015-07-24 19:00:00,2.6,49.94
2015-07-24 20:00:00,2.8,45.93
2015-07-24 21:00:00,2.4,43.1
2015-07-24 22:00:00,2.7,42.75
2015-07-24 23:00:00,3.3,34.05
2015-07-25 00:00:00,3.9,22.41
2015-07-25 01:00:00,4.5,19.6
2015-07-25 02:00:00,3.3,16.19
2015-07-25 03:00:00,2.7,16.12
2015-07-25 04:00:00,2.3,16.15
2015-07-25 05:00:00,3.6,15.62
2015-07-25 06:00:00,3.2,15.08
2015-07-25 07:00:00,2.4,22.62
2015-07-25 08:00:00,2.7,25.3
2015-07-25 09:00:00,1.3,24.71
2015-07-25 10:00:00,2.1,20.85
2015-07-25 11:00:00,4.6,16.78
2015-07-25 12:00:00,4.6,16.19
2015-07-25 13:00:00,4.3,12.92
2015-07-25 14:00:00,4.9,6.1
2015-07-25 15:00:00,4.2,5.57
2015-07-25 16:00:00,7.9,10.57
2015-07-25 17:00:00,9.6,14.7
2015-07-25 18:00:00,9.0,16.17
2015-07-25 19:00:00,8.2,15.76
2015-07-25 20:00:00,5.9,15.97
2015-07-25 21:00:00,6.9,15.06
2015-07-25 22:00:00,7.7,12.95
2015-07-25 23:00:00,7.1,6.53
2015-07-26 00:00:00,8.1,-0.09
2015-07-26 01:00:00,8.8,-5.31
2015-07-26 02:00:00,9.4,-1.84
2015-07-26 03:00:00,8.4,0.01
2015-07-26 04:00:00,8.5,0.03
2015-07-26 05:00:00,7.4,0.03
2015-07-26 06:00:00,7.0,1.15
2015-07-26 07:00:00,7.2,1.66
2015-07-26 08:00:00,7.2,2.12
2015-07-26 09:00:00,6.8,2.18
2015-07-26 10:00:00,6.2,0.04
2015-07-26 11:00:00,5.9,2.52
2015-07-26 12:00:00,6.1,2.07
2015-07-26 13:00:00,5.5,0.06
2015-07-26 14:00:00,4.7,0.1
2015-07-26 15:00:00,4.0,4.37
2015-07-26 16:00:00,3.1,10.65
2015-07-26 17:00:00,2.3,24.08
2015-07-26 18:00:00,1.5,35.92
2015-07-26 19:00:00,1.4,36.29
2015-07-26 20:00:00,1.5,36.96
2015-07-26 21:00:00,1.2,39.0
2015-07-26 22:00:00,1.9,39.96
2015-07-26 23:00:00,2.8,32.96
2015-07-27 00:00:00,3.3,25.5
2015-07-27 01:00:00,2.2,20.2
2015-07-27 02:00:00,2.7,16.81
2015-07-27 03:00:00,1.4,15.85
2015-07-27 04:00:00,1.4,15.88
2015-07-27 05:00:00,1.5,23.04
2015-07-27 06:00:00,1.3,35.75
2015-07-27 07:00:00,1.7,42.06
2015-07-27 08:00:00,2.0,43.61
2015-07-27 09:00:00,5.1,44.98
2015-07-27 10:00:00,5.0,42.95
2015-07-27 11:00:00,4.1,41.79
2015-07-27 12:00:00,3.9,40.02
2015-07-27 13:00:00,4.6,35.96
2015-07-27 14:00:00,3.6,31.56
2015-07-27 15:00:00,4.8,29.01
2015-07-27 16:00:00,2.1,26.48
2015-07-27 17:00:00,2.3,29.03
2015-07-27 18:00:00,3.2,31.34
2015-07-27 19:00:00,3.0,34.86
2015-07-27 20:00:00,2.9,33.05
2015-07-27 21:00:00,2.8,30.99
2015-07-27 22:00:00,2.5,30.55
2015-07-27 23:00:00,3.9,25.46
2015-07-28 00:00:00,3.6,19.13
2015-07-28 01:00:00,4.2,16.27
2015-07-28 02:00:00,5.5,15.47
2015-07-28 03:00:00,5.2,10.54
2015-07-28 04:00:00,3.8,12.6
2015-07-28 05:00:00,3.7,16.61
2015-07-28 06:00:00,3.8,23.09
2015-07-28 07:00:00,4.9,30.54
2015-07-28 08:00:00,6.8,31.0
2015-07-28 09:00:00,7.0,31.34
2015-07-28 10:00:00,9.1,27.07
2015-07-28 11:00:00,10.5,26.42
2015-07-28 12:00:00,9.9,23.88
2015-07-28 13:00:00,8.7,22.87
2015-07-28 14:00:00,7.8,19.98
2015-07-28 15:00:00,7.6,20.08
2015-07-28 16:00:00,6.8,23.29
2015-07-28 17:00:00,4.4,27.51
2015-07-28 18:00:00,2.6,32.96
2015-07-28 19:00:00,1.5,33.82
2015-07-28 20:00:00,1.7,31.88
2015-07-28 21:00:00,3.1,32.18
2015-07-28 22:00:00,3.1,34.42
2015-07-28 23:00:00,3.2,26.42
2015-07-29 00:00:00,2.4,21.05
2015-07-29 01:00:00,1.9,19.02
2015-07-29 02:00:00,2.4,16.36
2015-07-29 03:00:00,2.5,15.5
2015-07-29 04:00:00,2.5,16.13
2015-07-29 05:00:00,2.9,18.68
2015-07-29 06:00:00,3.4,27.05
2015-07-29 07:00:00,4.6,34.79
2015-07-29 08:00:00,5.0,37.93
2015-07-29 09:00:00,4.3,37.09
2015-07-29 10:00:00,5.3,34.88
2015-07-29 11:00:00,5.9,36.92
2015-07-29 12:00:00,5.7,35.44
2015-07-29 13:00:00,6.0,30.96
2015-07-29 14:00:00,6.5,29.33
2015-07-29 15:00:00,7.2,25.64
2015-07-29 16:00:00,6.3,25.13
2015-07-29 17:00:00,6.0,25.42
2015-07-29 18:00:00,6.6,27.07
2015-07-29 19:00:00,3.5,31.38
2015-07-29 20:00:00,2.8,31.5
2015-07-29 21:00:00,2.7,30.97
2015-07-29 22:00:00,2.2,27.33
2015-07-29 23:00:00,2.6,22.07
2015-07-30 00:00:00,4.0,16.12
2015-07-30 01:00:00,4.2,15.38
2015-07-30 02:00:00,4.7,8.35
2015-07-30 03:00:00,5.2,5.84
2015-07-30 04:00:00,5.1,11.14
2015-07-30 05:00:00,5.5,16.67
2015-07-30 06:00:00,6.1,20.77
2015-07-30 07:00:00,7.5,30.74
2015-07-30 08:00:00,8.3,33.16
2015-07-30 09:00:00,7.9,26.9
2015-07-30 10:00:00,7.9,23.48
2015-07-30 11:00:00,8.1,25.08
2015-07-30 12:00:00,8.7,22.34
2015-07-30 13:00:00,8.3,23.46
2015-07-30 14:00:00,8.1,23.41
2015-07-30 15:00:00,7.6,25.14
2015-07-30 16:00:00,6.1,26.41
2015-07-30 17:00:00,6.0,26.88
2015-07-30 18:00:00,4.8,32.19
2015-07-30 19:00:00,3.2,37.91
2015-07-30 20:00:00,3.1,37.27
2015-07-30 21:00:00,3.2,36.94
2015-07-30 22:00:00,2.5,34.41
2015-07-30 23:00:00,1.9,27.91
2015-07-31 00:00:00,2.7,25.21
2015-07-31 01:00:00,2.4,22.07
2015-07-31 02:00:00,2.8,18.86
2015-07-31 03:00:00,2.5,16.18
2015-07-31 04:00:00,1.9,18.94
2015-07-31 05:00:00,2.9,22.99
2015-07-31 06:00:00,3.7,32.32
2015-07-31 07:00:00,4.4,37.92
2015-07-31 08:00:00,4.3,38.88
2015-07-31 09:00:00,4.9,33.99
2015-07-31 10:00:00,4.7,29.23
2015-07-31 11:00:00,4.2,28.29
2015-07-31 12:00:00,4.4,26.06
2015-07-31 13:00:00,4.1,25.58
2015-07-31 14:00:00,3.6,25.25
2015-07-31 15:00:00,3.8,25.69
2015-07-31 16:00:00,3.5,29.37
2015-07-31 17:00:00,2.9,34.96
2015-07-31 18:00:00,2.4,39.66
2015-07-31 19:00:00,1.7,44.82
2015-07-31 20:00:00,1.2,45.44
2015-07-31 21:00:00,0.9,41.2
2015-07-31 22:00:00,0.7,37.81
2015-07-31 23:00:00,0.5,31.84
2015-08-01 00:00:00,0.6,25.5
2015-08-01 01:00:00,0.8,23.19
2015-08-01 02:00:00,0.4,21.3
2015-08-01 03:00:00,0.3,22.03
2015-08-01 04:00:00,0.4,21.91
2015-08-01 05:00:00,0.6,22.04
2015-08-01 06:00:00,1.3,22.13
2015-08-01 07:00:00,1.8,22.22
2015-08-01 08:00:00,2.5,24.45
2015-08-01 09:00:00,3.0,23.49
2015-08-01 10:00:00,3.1,17.07
2015-08-01 11:00:00,3.8,16.18
2015-08-01 12:00:00,4.0,15.35
2015-08-01 13:00:00,3.7,12.76
2015-08-01 14:00:00,4.1,12.78
2015-08-01 15:00:00,4.0,14.22
2015-08-01 16:00:00,4.4,16.02
2015-08-01 17:00:00,4.0,25.01
2015-08-01 18:00:00,3.2,30.03
2015-08-01 19:00:00,2.1,32.86
2015-08-01 20:00:00,2.5,30.27
2015-08-01 21:00:00,1.9,30.27
2015-08-01 22:00:00,1.9,31.07
2015-08-01 23:00:00,1.9,25.37
2015-08-02 00:00:00,1.6,17.09
2015-08-02 01:00:00,1.8,16.0
2015-08-02 02:00:00,1.1,14.93
2015-08-02 03:00:00,0.9,14.56
2015-08-02 04:00:00,1.1,15.04
2015-08-02 05:00:00,0.9,14.82
2015-08-02 06:00:00,1.1,15.32
2015-08-02 07:00:00,0.8,15.58
2015-08-02 08:00:00,1.5,14.93
2015-08-02 09:00:00,1.9,14.16
2015-08-02 10:00:00,2.0,12.71
2015-08-02 11:00:00,1.2,13.89
2015-08-02 12:00:00,1.6,11.5
2015-08-02 13:00:00,1.5,10.03
2015-08-02 14:00:00,2.0,9.2
2015-08-02 15:00:00,1.6,9.66
2015-08-02 16:00:00,1.4,12.06
2015-08-02 17:00:00,1.1,15.05
2015-08-02 18:00:00,1.4,22.36
2015-08-02 19:00:00,0.9,27.98
2015-08-02 20:00:00,1.9,30.01
2015-08-02 21:00:00,1.9,33.02
2015-08-02 22:00:00,1.3,29.95
2015-08-02 23:00:00,0.8,25.03
2015-08-03 00:00:00,0.8,23.03
2015-08-03 01:00:00,0.8,17.02
2015-08-03 02:00:00,0.6,16.02
2015-08-03 03:00:00,0.5,15.0
2015-08-03 04:00:00,0.6,14.09
2015-08-03 05:00:00,0.5,19.08
2015-08-03 06:00:00,0.4,25.25
2015-08-03 07:00:00,1.2,33.82
2015-08-03 08:00:00,1.5,38.55
2015-08-03 09:00:00,1.2,36.98
2015-08-03 10:00:00,1.7,34.31
2015-08-03 11:00:00,2.2,31.4
2015-08-03 12:00:00,2.6,26.39
2015-08-03 13:00:00,3.6,25.24
2015-08-03 14:00:00,2.7,24.03
2015-08-03 15:00:00,2.8,25.43
2015-08-03 16:00:00,3.3,26.57
2015-08-03 17:00:00,2.8,34.38
2015-08-03 18:00:00,2.3,37.78
2015-08-03 19:00:00,1.7,40.97
2015-08-03 20:00:00,1.4,40.86
2015-08-03 21:00:00,0.9,40.83
2015-08-03 22:00:00,0.8,39.0
2015-08-03 23:00:00,0.9,28.39
2015-08-04 00:00:00,0.6,26.69
2015-08-04 01:00:00,0.6,26.0
2015-08-04 02:00:00,1.3,24.56
2015-08-04 03:00:00,1.1,19.08
2015-08-04 04:00:00,1.2,21.98
2015-08-04 05:00:00,1.4,25.39
2015-08-04 06:00:00,1.7,28.0
2015-08-04 07:00:00,1.8,37.96
2015-08-04 08:00:00,2.3,36.99
2015-08-04 09:00:00,3.5,36.33
2015-08-04 10:00:00,3.9,35.94
2015-08-04 11:00:00,3.5,35.96
2015-08-04 12:00:00,3.7,33.98
2015-08-04 13:00:00,3.6,30.44
2015-08-04 14:00:00,3.3,32.44
2015-08-04 15:00:00,3.4,37.64
2015-08-04 16:00:00,2.6,38.98
2015-08-04 17:00:00,2.3,39.93
2015-08-04 18:00:00,1.5,39.94
2015-08-04 19:00:00,1.5,39.9
2015-08-04 20:00:00,1.5,40.27
2015-08-04 21:00:00,6.9,38.37
2015-08-04 22:00:00,8.2,38.62
2015-08-04 23:00:00,5.5,31.39
2015-08-05 00:00:00,4.3,30.4
2015-08-05 01:00:00,4.0,28.86
2015-08-05 02:00:00,3.6,28.05
2015-08-05 03:00:00,3.1,25.18
2015-08-05 04:00:00,3.0,24.07
2015-08-05 05:00:00,1.8,27.33
2015-08-05 06:00:00,2.5,33.79
2015-08-05 07:00:00,2.9,40.89
2015-08-05 08:00:00,3.6,43.75
2015-08-05 09:00:00,4.3,41.03
2015-08-05 10:00:00,3.5,38.74
2015-08-05 11:00:00,3.6,36.9
2015-08-05 12:00:00,3.3,31.42
2015-08-05 13:00:00,2.3,29.58
2015-08-05 14:00:00,2.5,29.55
2015-08-05 15:00:00,2.7,29.2
2015-08-05 16:00:00,2.5,29.8
2015-08-05 17:00:00,2.4,37.54
2015-08-05 18:00:00,1.6,44.03
2015-08-05 19:00:00,0.8,46.9
2015-08-05 20:00:00,0.8,41.92
2015-08-05 21:00:00,0.5,43.93
2015-08-05 22:00:00,0.5,41.18
2015-08-05 23:00:00,0.7,31.33
2015-08-06 00:00:00,0.4,30.24
2015-08-06 01:00:00,0.8,27.95
2015-08-06 02:00:00,0.9,25.14
2015-08-06 03:00:00,1.3,23.21
2015-08-06 04:00:00,1.3,23.02
2015-08-06 05:00:00,1.7,25.46
2015-08-06 06:00:00,2.2,31.32
2015-08-06 07:00:00,2.0,39.94
2015-08-06 08:00:00,2.4,42.72
2015-08-06 09:00:00,1.9,38.42
2015-08-06 10:00:00,1.4,36.91
2015-08-06 11:00:00,1.9,34.58
2015-08-06 12:00:00,2.8,30.49
2015-08-06 13:00:00,2.7,29.02
2015-08-06 14:00:00,2.4,28.74
2015-08-06 15:00:00,1.8,28.78
2015-08-06 16:00:00,1.6,30.93
2015-08-06 17:00:00,1.8,38.93
2015-08-06 18:00:00,1.6,43.03
2015-08-06 19:00:00,1.0,48.92
2015-08-06 20:00:00,0.8,45.18
2015-08-06 21:00:00,0.5,44.93
2015-08-06 22:00:00,0.5,42.87
2015-08-06 23:00:00,0.5,35.95
2015-08-07 00:00:00,0.8,30.35
2015-08-07 01:00:00,0.8,28.73
2015-08-07 02:00:00,0.9,26.56
2015-08-07 03:00:00,0.7,25.36
2015-08-07 04:00:00,0.8,25.28
2015-08-07 05:00:00,0.9,27.4
2015-08-07 06:00:00,1.3,32.28
2015-08-07 07:00:00,1.1,38.68
2015-08-07 08:00:00,1.7,39.82
2015-08-07 09:00:00,2.1,38.93
2015-08-07 10:00:00,3.1,38.82
2015-08-07 11:00:00,3.0,36.95
2015-08-07 12:00:00,3.1,32.56
2015-08-07 13:00:00,2.9,29.32
2015-08-07 14:00:00,2.8,28.87
2015-08-07 15:00:00,3.2,29.14
2015-08-07 16:00:00,3.1,30.99
2015-08-07 17:00:00,2.9,38.96
2015-08-07 18:00:00,2.4,42.3
2015-08-07 19:00:00,2.0,43.97
2015-08-07 20:00:00,2.0,41.41
2015-08-07 21:00:00,2.4,41.57
2015-08-07 22:00:00,1.5,40.98
2015-08-07 23:00:00,1.8,31.98
2015-08-08 00:00:00,1.9,31.22
2015-08-08 01:00:00,1.8,27.38
2015-08-08 02:00:00,2.1,26.23
2015-08-08 03:00:00,2.0,25.21
2015-08-08 04:00:00,2.3,23.05
2015-08-08 05:00:00,1.7,23.04
2015-08-08 06:00:00,1.3,25.24
2015-08-08 07:00:00,1.5,28.31
2015-08-08 08:00:00,1.5,29.91
2015-08-08 09:00:00,2.6,31.56
2015-08-08 10:00:00,3.1,28.02
2015-08-08 11:00:00,3.6,27.2
2015-08-08 12:00:00,4.0,25.24
2015-08-08 13:00:00,3.8,23.49
2015-08-08 14:00:00,3.4,22.14
2015-08-08 15:00:00,3.2,24.11
2015-08-08 16:00:00,3.9,25.28
2015-08-08 17:00:00,4.1,29.57
2015-08-08 18:00:00,4.4,31.95
2015-08-08 19:00:00,7.8,33.96
2015-08-08 20:00:00,6.8,33.91
2015-08-08 21:00:00,5.0,34.92
2015-08-08 22:00:00,4.8,35.26
2015-08-08 23:00:00,2.7,32.65
2015-08-09 00:00:00,3.3,27.02
2015-08-09 01:00:00,3.1,25.28
2015-08-09 02:00:00,3.8,24.04
2015-08-09 03:00:00,3.6,22.95
2015-08-09 04:00:00,1.9,22.2
2015-08-09 05:00:00,2.4,22.01
2015-08-09 06:00:00,3.0,21.87
2015-08-09 07:00:00,3.1,21.43
2015-08-09 08:00:00,2.6,22.64
2015-08-09 09:00:00,2.0,23.94
2015-08-09 10:00:00,2.0,25.11
2015-08-09 11:00:00,2.4,26.12
2015-08-09 12:00:00,3.0,23.72
2015-08-09 13:00:00,3.4,23.84
2015-08-09 14:00:00,3.3,23.08
2015-08-09 15:00:00,3.5,23.08
2015-08-09 16:00:00,3.9,24.59
2015-08-09 17:00:00,3.8,28.12
2015-08-09 18:00:00,3.5,35.94
2015-08-09 19:00:00,2.8,37.92
2015-08-09 20:00:00,2.3,36.46
2015-08-09 21:00:00,1.7,36.99
2015-08-09 22:00:00,2.3,36.89
2015-08-09 23:00:00,2.0,32.4
2015-08-10 00:00:00,2.0,30.6
2015-08-10 01:00:00,1.8,27.19
2015-08-10 02:00:00,1.4,25.49
2015-08-10 03:00:00,1.2,23.49
2015-08-10 04:00:00,0.9,23.04
2015-08-10 05:00:00,1.2,25.24
2015-08-10 06:00:00,1.7,37.57
2015-08-10 07:00:00,2.0,41.74
2015-08-10 08:00:00,2.5,43.8
2015-08-10 09:00:00,2.7,40.42
2015-08-10 10:00:00,3.4,39.48
2015-08-10 11:00:00,4.1,39.95
2015-08-10 12:00:00,4.4,36.92
2015-08-10 13:00:00,4.1,35.93
2015-08-10 14:00:00,3.8,31.68
2015-08-10 15:00:00,4.9,31.4
2015-08-10 16:00:00,4.8,34.77
2015-08-10 17:00:00,4.6,39.9
2015-08-10 18:00:00,4.3,39.92
2015-08-10 19:00:00,2.8,39.92
2015-08-10 20:00:00,2.7,36.97
2015-08-10 21:00:00,3.0,36.91
2015-08-10 22:00:00,3.0,31.83
2015-08-10 23:00:00,2.7,29.38
2015-08-11 00:00:00,2.7,29.94
2015-08-11 01:00:00,2.0,28.92
2015-08-11 02:00:00,1.2,27.73
2015-08-11 03:00:00,1.3,26.94
2015-08-11 04:00:00,1.7,27.03
2015-08-11 05:00:00,1.8,29.54
2015-08-11 06:00:00,2.2,37.01
2015-08-11 07:00:00,2.0,44.79
2015-08-11 08:00:00,1.5,46.45
2015-08-11 09:00:00,2.1,45.67
2015-08-11 10:00:00,3.2,45.07
2015-08-11 11:00:00,2.8,47.24
2015-08-11 12:00:00,2.6,43.91
2015-08-11 13:00:00,2.8,40.46
2015-08-11 14:00:00,2.4,36.97
2015-08-11 15:00:00,2.7,36.98
2015-08-11 16:00:00,2.6,38.88
2015-08-11 17:00:00,2.3,43.98
2015-08-11 18:00:00,2.1,43.99
2015-08-11 19:00:00,2.2,44.98
2015-08-11 20:00:00,3.5,44.29
2015-08-11 21:00:00,3.1,45.09
2015-08-11 22:00:00,2.6,42.48
2015-08-11 23:00:00,2.8,32.58
2015-08-12 00:00:00,2.4,29.98
2015-08-12 01:00:00,2.6,28.7
2015-08-12 02:00:00,2.3,27.94
2015-08-12 03:00:00,2.3,26.94
2015-08-12 04:00:00,1.6,27.21
2015-08-12 05:00:00,2.0,29.06
2015-08-12 06:00:00,2.6,37.02
2015-08-12 07:00:00,2.9,45.29
2015-08-12 08:00:00,2.4,42.85
2015-08-12 09:00:00,2.8,43.09
2015-08-12 10:00:00,3.2,42.1
2015-08-12 11:00:00,3.2,44.11
2015-08-12 12:00:00,4.0,40.41
2015-08-12 13:00:00,4.0,37.94
2015-08-12 14:00:00,3.9,36.99
2015-08-12 15:00:00,4.3,37.16
2015-08-12 16:00:00,4.1,39.3
2015-08-12 17:00:00,3.8,42.77
2015-08-12 18:00:00,3.0,42.02
2015-08-12 19:00:00,3.5,43.37
2015-08-12 20:00:00,2.9,43.07
2015-08-12 21:00:00,2.4,43.95
2015-08-12 22:00:00,2.4,40.86
2015-08-12 23:00:00,2.2,29.97
2015-08-13 00:00:00,2.6,28.87
2015-08-13 01:00:00,2.1,28.55
2015-08-13 02:00:00,2.2,25.92
2015-08-13 03:00:00,2.0,25.67
2015-08-13 04:00:00,1.9,25.43
2015-08-13 05:00:00,1.9,27.12
2015-08-13 06:00:00,3.5,31.24
2015-08-13 07:00:00,4.1,40.95
2015-08-13 08:00:00,3.0,44.14
2015-08-13 09:00:00,3.4,42.06
2015-08-13 10:00:00,3.9,40.0
2015-08-13 11:00:00,4.0,39.44
2015-08-13 12:00:00,3.9,35.84
2015-08-13 13:00:00,4.1,31.77
2015-08-13 14:00:00,4.6,31.1
2015-08-13 15:00:00,4.8,31.02
2015-08-13 16:00:00,5.4,32.92
2015-08-13 17:00:00,5.5,40.13
2015-08-13 18:00:00,5.0,42.02
2015-08-13 19:00:00,4.0,41.98
2015-08-13 20:00:00,3.7,39.92
2015-08-13 21:00:00,4.9,37.26
2015-08-13 22:00:00,4.4,30.89
2015-08-13 23:00:00,4.0,26.73
2015-08-14 00:00:00,3.9,24.09
2015-08-14 01:00:00,3.8,23.55
2015-08-14 02:00:00,4.0,17.54
2015-08-14 03:00:00,3.9,18.28
2015-08-14 04:00:00,4.1,17.06
2015-08-14 05:00:00,4.1,25.07
2015-08-14 06:00:00,4.0,28.79
2015-08-14 07:00:00,3.8,36.76
2015-08-14 08:00:00,4.4,35.5
2015-08-14 09:00:00,4.9,36.94
2015-08-14 10:00:00,4.3,32.93
2015-08-14 11:00:00,4.9,31.09
2015-08-14 12:00:00,4.8,28.6
2015-08-14 13:00:00,4.6,27.77
2015-08-14 14:00:00,4.3,26.16
2015-08-14 15:00:00,4.9,27.02
2015-08-14 16:00:00,5.0,29.56
2015-08-14 17:00:00,5.0,39.07
2015-08-14 18:00:00,4.5,38.92
2015-08-14 19:00:00,4.0,38.95
2015-08-14 20:00:00,4.6,37.52
2015-08-14 21:00:00,3.8,38.5
2015-08-14 22:00:00,1.8,38.68
2015-08-14 23:00:00,0.8,32.94
2015-08-15 00:00:00,1.5,32.0
2015-08-15 01:00:00,2.9,27.72
2015-08-15 02:00:00,5.2,29.15
2015-08-15 03:00:00,3.0,27.71
2015-08-15 04:00:00,3.2,26.53
2015-08-15 05:00:00,2.4,24.81
2015-08-15 06:00:00,2.3,26.01
2015-08-15 07:00:00,3.2,27.06
2015-08-15 08:00:00,3.0,30.43
2015-08-15 09:00:00,3.7,33.42
2015-08-15 10:00:00,3.6,36.44
2015-08-15 11:00:00,2.9,35.83
2015-08-15 12:00:00,2.2,36.24
2015-08-15 13:00:00,2.6,34.89
2015-08-15 14:00:00,3.2,30.04
2015-08-15 15:00:00,5.0,27.94
2015-08-15 16:00:00,4.7,30.32
2015-08-15 17:00:00,2.3,36.0
2015-08-15 18:00:00,1.9,37.47
2015-08-15 19:00:00,1.0,38.99
2015-08-15 20:00:00,1.2,38.13
2015-08-15 21:00:00,1.2,39.91
2015-08-15 22:00:00,0.9,38.95
2015-08-15 23:00:00,0.9,31.17
2015-08-16 00:00:00,0.5,31.34
2015-08-16 01:00:00,0.9,29.35
2015-08-16 02:00:00,1.0,28.07
2015-08-16 03:00:00,1.3,27.09
2015-08-16 04:00:00,1.2,27.04
2015-08-16 05:00:00,1.1,27.03
2015-08-16 06:00:00,1.2,26.87
2015-08-16 07:00:00,0.8,26.99
2015-08-16 08:00:00,1.0,28.05
2015-08-16 09:00:00,2.5,30.08
2015-08-16 10:00:00,2.2,32.7
2015-08-16 11:00:00,2.9,37.98
2015-08-16 12:00:00,2.5,37.85
2015-08-16 13:00:00,2.0,31.03
2015-08-16 14:00:00,2.6,29.68
2015-08-16 15:00:00,1.9,28.46
2015-08-16 16:00:00,1.8,27.04
2015-08-16 17:00:00,1.6,29.09
2015-08-16 18:00:00,2.0,32.42
2015-08-16 19:00:00,1.2,33.01
2015-08-16 20:00:00,2.4,31.06
2015-08-16 21:00:00,1.8,33.44
2015-08-16 22:00:00,0.9,30.98
2015-08-16 23:00:00,1.2,24.98
2015-08-17 00:00:00,1.1,29.11
2015-08-17 01:00:00,1.1,28.08
2015-08-17 02:00:00,0.9,26.01
2015-08-17 03:00:00,0.9,28.0
2015-08-17 04:00:00,1.4,26.03
2015-08-17 05:00:00,1.2,28.05
2015-08-17 06:00:00,1.3,34.93
2015-08-17 07:00:00,1.2,43.93
2015-08-17 08:00:00,1.2,46.07
2015-08-17 09:00:00,1.5,48.94
2015-08-17 10:00:00,1.8,51.0
2015-08-17 11:00:00,2.0,50.0
2015-08-17 12:00:00,2.5,49.54
2015-08-17 13:00:00,2.5,48.93
2015-08-17 14:00:00,3.1,47.94
2015-08-17 15:00:00,2.2,44.39
2015-08-17 16:00:00,1.8,43.07
2015-08-17 17:00:00,2.1,44.1
2015-08-17 18:00:00,1.1,44.91
2015-08-17 19:00:00,1.7,45.06
2015-08-17 20:00:00,1.5,44.93
2015-08-17 21:00:00,0.9,43.94
2015-08-17 22:00:00,1.0,39.95
2015-08-17 23:00:00,2.5,33.78
2015-08-18 00:00:00,3.0,28.99
2015-08-18 01:00:00,3.1,27.38
2015-08-18 02:00:00,3.3,25.05
2015-08-18 03:00:00,2.9,23.09
2015-08-18 04:00:00,3.0,22.1
2015-08-18 05:00:00,3.1,27.04
2015-08-18 06:00:00,3.6,32.83
2015-08-18 07:00:00,3.2,36.94
2015-08-18 08:00:00,3.0,41.09
2015-08-18 09:00:00,2.9,42.43
2015-08-18 10:00:00,3.0,42.03
2015-08-18 11:00:00,2.4,42.32
2015-08-18 12:00:00,2.6,40.5
2015-08-18 13:00:00,3.0,41.97
2015-08-18 14:00:00,3.1,41.16
2015-08-18 15:00:00,3.2,40.56
2015-08-18 16:00:00,2.6,40.92
2015-08-18 17:00:00,2.4,43.1
2015-08-18 18:00:00,2.6,44.99
2015-08-18 19:00:00,1.9,45.92
2015-08-18 20:00:00,1.9,45.31
2015-08-18 21:00:00,2.0,45.92
2015-08-18 22:00:00,1.9,44.15
2015-08-18 23:00:00,1.9,36.04
2015-08-19 00:00:00,1.9,33.04
2015-08-19 01:00:00,2.1,29.61
2015-08-19 02:00:00,1.7,28.01
2015-08-19 03:00:00,1.9,27.04
2015-08-19 04:00:00,1.8,27.8
2015-08-19 05:00:00,1.4,30.56
2015-08-19 06:00:00,1.7,36.76
2015-08-19 07:00:00,2.0,42.06
2015-08-19 08:00:00,2.0,45.66
2015-08-19 09:00:00,1.8,45.96
2015-08-19 10:00:00,1.5,45.45
2015-08-19 11:00:00,2.3,45.98
2015-08-19 12:00:00,3.4,43.57
2015-08-19 13:00:00,3.2,42.94
2015-08-19 14:00:00,4.1,41.47
2015-08-19 15:00:00,4.9,41.93
2015-08-19 16:00:00,4.9,41.92
2015-08-19 17:00:00,4.6,43.08
2015-08-19 18:00:00,4.0,44.02
2015-08-19 19:00:00,3.6,46.35
2015-08-19 20:00:00,3.3,45.31
2015-08-19 21:00:00,2.6,43.99
2015-08-19 22:00:00,1.8,41.23
2015-08-19 23:00:00,1.8,33.23
2015-08-20 00:00:00,1.6,30.76
2015-08-20 01:00:00,0.9,30.23
2015-08-20 02:00:00,0.7,27.2
2015-08-20 03:00:00,0.5,25.7
2015-08-20 04:00:00,0.5,24.75
2015-08-20 05:00:00,0.5,28.09
2015-08-20 06:00:00,1.5,33.54
2015-08-20 07:00:00,1.4,41.99
2015-08-20 08:00:00,1.1,43.12
2015-08-20 09:00:00,1.5,44.1
2015-08-20 10:00:00,2.1,44.17
2015-08-20 11:00:00,3.1,44.57
2015-08-20 12:00:00,3.6,42.0
2015-08-20 13:00:00,2.9,40.7
2015-08-20 14:00:00,2.4,39.32
2015-08-20 15:00:00,2.6,39.32
2015-08-20 16:00:00,2.0,37.91
2015-08-20 17:00:00,1.4,40.29
2015-08-20 18:00:00,1.4,42.08
2015-08-20 19:00:00,0.6,42.98
2015-08-20 20:00:00,0.7,42.99
2015-08-20 21:00:00,0.9,42.84
2015-08-20 22:00:00,0.5,37.77
2015-08-20 23:00:00,0.6,29.99
2015-08-21 00:00:00,0.4,25.32
2015-08-21 01:00:00,0.3,24.84
2015-08-21 02:00:00,0.3,25.1
2015-08-21 03:00:00,0.7,24.87
2015-08-21 04:00:00,0.9,25.31
2015-08-21 05:00:00,0.3,28.28
2015-08-21 06:00:00,0.6,33.72
2015-08-21 07:00:00,0.5,37.17
2015-08-21 08:00:00,0.7,39.56
2015-08-21 09:00:00,2.1,39.47
2015-08-21 10:00:00,2.5,37.62
2015-08-21 11:00:00,3.3,35.23
2015-08-21 12:00:00,3.1,28.06
2015-08-21 13:00:00,2.6,26.97
2015-08-21 14:00:00,2.3,26.4
2015-08-21 15:00:00,2.8,27.36
2015-08-21 16:00:00,2.6,28.06
2015-08-21 17:00:00,3.3,34.0
2015-08-21 18:00:00,2.1,38.99
2015-08-21 19:00:00,1.8,40.0
2015-08-21 20:00:00,1.4,39.81
2015-08-21 21:00:00,1.9,39.83
2015-08-21 22:00:00,1.7,31.91
2015-08-21 23:00:00,0.7,28.08
2015-08-22 00:00:00,0.4,33.99
2015-08-22 01:00:00,0.3,31.68
2015-08-22 02:00:00,0.4,28.71
2015-08-22 03:00:00,0.4,25.56
2015-08-22 04:00:00,0.5,25.52
2015-08-22 05:00:00,0.4,26.64
2015-08-22 06:00:00,0.5,30.09
2015-08-22 07:00:00,1.4,32.18
2015-08-22 08:00:00,1.2,32.08
2015-08-22 09:00:00,2.3,30.08
2015-08-22 10:00:00,3.4,24.61
2015-08-22 11:00:00,3.3,22.0
2015-08-22 12:00:00,3.0,20.0
2015-08-22 13:00:00,2.7,16.31
2015-08-22 14:00:00,3.2,16.26
2015-08-22 15:00:00,3.2,17.2
2015-08-22 16:00:00,3.2,16.3
2015-08-22 17:00:00,3.2,26.09
2015-08-22 18:00:00,2.2,37.12
2015-08-22 19:00:00,1.6,40.62
2015-08-22 20:00:00,1.8,39.92
2015-08-22 21:00:00,2.4,34.03
2015-08-22 22:00:00,1.5,28.89
2015-08-22 23:00:00,0.7,24.66
2015-08-23 00:00:00,1.6,21.42
2015-08-23 01:00:00,1.2,16.73
2015-08-23 02:00:00,1.2,17.14
2015-08-23 03:00:00,1.1,15.64
2015-08-23 04:00:00,1.5,15.06
2015-08-23 05:00:00,0.8,14.41
2015-08-23 06:00:00,1.8,15.16
2015-08-23 07:00:00,3.2,16.07
2015-08-23 08:00:00,4.3,17.13
2015-08-23 09:00:00,4.8,17.21
2015-08-23 10:00:00,4.5,16.43
2015-08-23 11:00:00,4.2,14.52
2015-08-23 12:00:00,3.5,12.85
2015-08-23 13:00:00,3.8,10.04
2015-08-23 14:00:00,5.1,5.28
2015-08-23 15:00:00,4.4,7.92
2015-08-23 16:00:00,4.5,11.72
2015-08-23 17:00:00,3.6,16.02
2015-08-23 18:00:00,3.3,19.42
2015-08-23 19:00:00,2.9,25.65
2015-08-23 20:00:00,2.5,27.6
2015-08-23 21:00:00,2.8,27.42
2015-08-23 22:00:00,2.7,25.09
2015-08-23 23:00:00,3.1,19.03
2015-08-24 00:00:00,3.1,16.0
2015-08-24 01:00:00,2.9,16.47
2015-08-24 02:00:00,2.7,16.14
2015-08-24 03:00:00,1.8,16.16
2015-08-24 04:00:00,1.4,16.6
2015-08-24 05:00:00,1.9,23.88
2015-08-24 06:00:00,2.1,35.14
2015-08-24 07:00:00,3.0,39.98
2015-08-24 08:00:00,3.0,45.02
2015-08-24 09:00:00,4.4,42.71
2015-08-24 10:00:00,4.5,41.63
2015-08-24 11:00:00,4.3,39.96
2015-08-24 12:00:00,4.4,37.88
2015-08-24 13:00:00,4.5,36.15
2015-08-24 14:00:00,4.1,34.36
2015-08-24 15:00:00,4.0,34.98
2015-08-24 16:00:00,4.3,34.98
2015-08-24 17:00:00,3.1,37.41
2015-08-24 18:00:00,2.6,38.91
2015-08-24 19:00:00,2.9,37.02
2015-08-24 20:00:00,2.3,31.95
2015-08-24 21:00:00,2.0,29.18
2015-08-24 22:00:00,2.1,23.26
2015-08-24 23:00:00,2.1,16.15
2015-08-25 00:00:00,5.2,16.17
2015-08-25 01:00:00,6.8,14.42
2015-08-25 02:00:00,2.8,12.84
2015-08-25 03:00:00,2.3,11.56
2015-08-25 04:00:00,1.5,12.28
2015-08-25 05:00:00,2.0,16.13
2015-08-25 06:00:00,2.4,25.02
2015-08-25 07:00:00,3.1,33.82
2015-08-25 08:00:00,3.2,37.2
2015-08-25 09:00:00,4.2,33.17
2015-08-25 10:00:00,6.0,27.74
2015-08-25 11:00:00,8.1,23.98
2015-08-25 12:00:00,8.0,21.62
2015-08-25 13:00:00,6.9,21.12
2015-08-25 14:00:00,5.9,21.48
2015-08-25 15:00:00,7.0,22.75
2015-08-25 16:00:00,6.0,23.99
2015-08-25 17:00:00,5.0,31.04
2015-08-25 18:00:00,3.5,36.92
2015-08-25 19:00:00,3.4,41.44
2015-08-25 20:00:00,3.2,39.35
2015-08-25 21:00:00,2.4,37.0
2015-08-25 22:00:00,1.4,34.76
2015-08-25 23:00:00,1.2,28.13
2015-08-26 00:00:00,1.4,25.29
2015-08-26 01:00:00,1.3,23.47
2015-08-26 02:00:00,1.4,20.66
2015-08-26 03:00:00,1.5,20.06
2015-08-26 04:00:00,2.1,19.27
2015-08-26 05:00:00,1.9,23.69
2015-08-26 06:00:00,1.6,31.16
2015-08-26 07:00:00,2.2,38.74
2015-08-26 08:00:00,2.8,36.39
2015-08-26 09:00:00,3.3,33.74
2015-08-26 10:00:00,2.9,29.97
2015-08-26 11:00:00,3.5,28.51
2015-08-26 12:00:00,3.3,25.56
2015-08-26 13:00:00,3.5,25.06
2015-08-26 14:00:00,3.4,24.99
2015-08-26 15:00:00,3.2,25.29
2015-08-26 16:00:00,3.0,28.27
2015-08-26 17:00:00,2.5,32.02
2015-08-26 18:00:00,1.7,38.98
2015-08-26 19:00:00,1.9,44.66
2015-08-26 20:00:00,2.2,42.44
2015-08-26 21:00:00,2.1,35.07
2015-08-26 22:00:00,1.8,26.97
2015-08-26 23:00:00,1.9,23.11
2015-08-27 00:00:00,2.6,16.56
2015-08-27 01:00:00,2.2,16.17
2015-08-27 02:00:00,2.3,16.57
2015-08-27 03:00:00,1.7,16.24
2015-08-27 04:00:00,2.9,17.54
2015-08-27 05:00:00,3.0,23.44
2015-08-27 06:00:00,2.9,28.3
2015-08-27 07:00:00,3.1,32.37
2015-08-27 08:00:00,3.8,35.64
2015-08-27 09:00:00,3.5,37.92
2015-08-27 10:00:00,2.7,32.93
2015-08-27 11:00:00,2.0,33.92
2015-08-27 12:00:00,2.2,28.8
2015-08-27 13:00:00,3.1,28.59
2015-08-27 14:00:00,3.2,29.06
2015-08-27 15:00:00,3.0,32.22
2015-08-27 16:00:00,3.5,36.89
2015-08-27 17:00:00,3.4,40.84
2015-08-27 18:00:00,2.3,41.98
2015-08-27 19:00:00,2.3,43.05
2015-08-27 20:00:00,2.6,43.02
2015-08-27 21:00:00,3.1,41.02
2015-08-27 22:00:00,2.5,37.4
2015-08-27 23:00:00,2.8,30.8
2015-08-28 00:00:00,2.5,28.59
2015-08-28 01:00:00,3.0,27.92
2015-08-28 02:00:00,3.1,28.56
2015-08-28 03:00:00,2.1,27.97
2015-08-28 04:00:00,1.7,27.8
2015-08-28 05:00:00,1.7,30.1
2015-08-28 06:00:00,1.9,42.05
2015-08-28 07:00:00,1.3,48.13
2015-08-28 08:00:00,2.0,51.78
2015-08-28 09:00:00,4.1,51.43
2015-08-28 10:00:00,3.6,50.0
2015-08-28 11:00:00,2.7,47.36
2015-08-28 12:00:00,2.1,42.96
2015-08-28 13:00:00,2.1,40.01
2015-08-28 14:00:00,2.1,37.08
2015-08-28 15:00:00,2.8,37.59
2015-08-28 16:00:00,2.5,42.0
2015-08-28 17:00:00,2.4,44.92
2015-08-28 18:00:00,1.6,49.48
2015-08-28 19:00:00,1.3,49.94
2015-08-28 20:00:00,1.0,49.0
2015-08-28 21:00:00,0.6,48.51
2015-08-28 22:00:00,0.7,42.43
2015-08-28 23:00:00,0.7,38.46
2015-08-29 00:00:00,0.6,34.87
2015-08-29 01:00:00,0.6,29.36
2015-08-29 02:00:00,0.7,29.54
2015-08-29 03:00:00,0.4,29.18
2015-08-29 04:00:00,0.7,26.98
2015-08-29 05:00:00,0.6,28.28
2015-08-29 06:00:00,0.7,31.44
2015-08-29 07:00:00,0.6,32.02
2015-08-29 08:00:00,1.2,34.32
2015-08-29 09:00:00,1.5,29.57
2015-08-29 10:00:00,1.8,24.9
2015-08-29 11:00:00,2.4,22.02
2015-08-29 12:00:00,2.2,20.05
2015-08-29 13:00:00,1.9,18.29
2015-08-29 14:00:00,2.0,17.91
2015-08-29 15:00:00,1.2,20.58
2015-08-29 16:00:00,1.2,23.48
2015-08-29 17:00:00,1.2,29.3
2015-08-29 18:00:00,1.0,40.7
2015-08-29 19:00:00,0.9,43.2
2015-08-29 20:00:00,0.4,43.09
2015-08-29 21:00:00,0.3,41.22
2015-08-29 22:00:00,0.6,39.03
2015-08-29 23:00:00,0.7,31.62
2015-08-30 00:00:00,0.5,30.16
2015-08-30 01:00:00,0.9,26.01
2015-08-30 02:00:00,0.5,24.51
2015-08-30 03:00:00,0.8,23.92
2015-08-30 04:00:00,1.0,24.03
2015-08-30 05:00:00,0.7,24.19
2015-08-30 06:00:00,0.9,24.14
2015-08-30 07:00:00,1.7,24.93
2015-08-30 08:00:00,1.6,27.14
2015-08-30 09:00:00,2.1,25.55
2015-08-30 10:00:00,2.7,24.02
2015-08-30 11:00:00,2.3,22.26
2015-08-30 12:00:00,2.8,18.23
2015-08-30 13:00:00,1.9,17.33
2015-08-30 14:00:00,1.6,18.01
2015-08-30 15:00:00,1.1,19.17
2015-08-30 16:00:00,1.2,19.98
2015-08-30 17:00:00,0.4,24.27
2015-08-30 18:00:00,0.6,34.8
2015-08-30 19:00:00,0.4,38.8
2015-08-30 20:00:00,0.5,40.98
2015-08-30 21:00:00,0.9,39.09
2015-08-30 22:00:00,1.3,38.91
2015-08-30 23:00:00,1.3,27.94
2015-08-31 00:00:00,1.0,28.19
2015-08-31 01:00:00,0.9,27.98
2015-08-31 02:00:00,0.7,26.71
2015-08-31 03:00:00,1.1,25.09
2015-08-31 04:00:00,1.0,25.02
2015-08-31 05:00:00,0.9,30.29
2015-08-31 06:00:00,0.5,42.98
2015-08-31 07:00:00,0.6,48.01
2015-08-31 08:00:00,1.1,46.92
2015-08-31 09:00:00,1.4,45.03
2015-08-31 10:00:00,1.1,40.2
2015-08-31 11:00:00,1.7,34.15
2015-08-31 12:00:00,2.1,29.53
2015-08-31 13:00:00,2.3,27.92
2015-08-31 14:00:00,2.9,28.93
2015-08-31 15:00:00,2.8,29.34
2015-08-31 16:00:00,2.2,32.08
2015-08-31 17:00:00,2.3,41.81
2015-08-31 18:00:00,0.7,45.08
2015-08-31 19:00:00,0.8,46.61
2015-08-31 20:00:00,0.4,44.76
2015-08-31 21:00:00,0.5,42.44
2015-08-31 22:00:00,0.9,34.97
2015-08-31 23:00:00,1.5,27.95
2015-09-01 00:00:00,3.6,27.72
2015-09-01 01:00:00,1.9,27.15
2015-09-01 02:00:00,1.3,26.38
2015-09-01 03:00:00,0.9,25.04
2015-09-01 04:00:00,0.9,25.99
2015-09-01 05:00:00,1.1,29.06
2015-09-01 06:00:00,1.1,42.03
2015-09-01 07:00:00,2.8,49.61
2015-09-01 08:00:00,3.8,49.93
2015-09-01 09:00:00,2.4,48.08
2015-09-01 10:00:00,2.6,46.9
2015-09-01 11:00:00,2.3,45.83
2015-09-01 12:00:00,2.2,42.46
2015-09-01 13:00:00,2.3,40.21
2015-09-01 14:00:00,1.6,39.94
2015-09-01 15:00:00,1.8,40.94
2015-09-01 16:00:00,3.2,41.96
2015-09-01 17:00:00,9.3,44.62
2015-09-01 18:00:00,3.3,44.95
2015-09-01 19:00:00,4.1,45.1
2015-09-01 20:00:00,6.3,46.67
2015-09-01 21:00:00,5.5,44.02
2015-09-01 22:00:00,4.9,35.38
2015-09-01 23:00:00,4.2,29.27
2015-09-02 00:00:00,4.5,27.58
2015-09-02 01:00:00,4.5,26.77
2015-09-02 02:00:00,3.5,25.31
2015-09-02 03:00:00,3.7,24.43
2015-09-02 04:00:00,3.5,25.09
2015-09-02 05:00:00,3.3,28.66
2015-09-02 06:00:00,3.1,39.04
2015-09-02 07:00:00,4.1,44.78
2015-09-02 08:00:00,4.2,45.01
2015-09-02 09:00:00,4.5,43.62
2015-09-02 10:00:00,3.8,37.99
2015-09-02 11:00:00,3.9,38.22
2015-09-02 12:00:00,4.3,32.43
2015-09-02 13:00:00,3.5,30.55
2015-09-02 14:00:00,3.2,31.95
2015-09-02 15:00:00,3.4,35.68
2015-09-02 16:00:00,3.2,40.97
2015-09-02 17:00:00,2.6,45.58
2015-09-02 18:00:00,1.3,49.97
2015-09-02 19:00:00,0.7,55.1
2015-09-02 20:00:00,0.3,53.32
2015-09-02 21:00:00,1.0,47.96
2015-09-02 22:00:00,1.1,41.95
2015-09-02 23:00:00,1.0,31.03
2015-09-03 00:00:00,0.6,29.44
2015-09-03 01:00:00,0.7,29.97
2015-09-03 02:00:00,1.1,28.68
2015-09-03 03:00:00,1.3,26.65
2015-09-03 04:00:00,1.9,27.42
2015-09-03 05:00:00,2.1,29.49
2015-09-03 06:00:00,1.5,41.44
2015-09-03 07:00:00,1.7,50.0
2015-09-03 08:00:00,2.3,52.02
2015-09-03 09:00:00,3.4,49.25
2015-09-03 10:00:00,3.3,48.07
2015-09-03 11:00:00,4.8,48.08
2015-09-03 12:00:00,3.8,46.86
2015-09-03 13:00:00,2.4,43.63
2015-09-03 14:00:00,2.2,42.37
2015-09-03 15:00:00,3.8,41.2
2015-09-03 16:00:00,2.5,41.43
2015-09-03 17:00:00,3.6,44.03
2015-09-03 18:00:00,1.9,44.93
2015-09-03 19:00:00,1.1,48.53
2015-09-03 20:00:00,1.5,49.1
2015-09-03 21:00:00,1.2,45.23
2015-09-03 22:00:00,1.6,40.23
2015-09-03 23:00:00,1.5,30.09
2015-09-04 00:00:00,1.1,28.18
2015-09-04 01:00:00,1.4,27.99
2015-09-04 02:00:00,1.5,26.95
2015-09-04 03:00:00,1.1,26.2
2015-09-04 04:00:00,0.6,26.08
2015-09-04 05:00:00,1.4,26.96
2015-09-04 06:00:00,1.8,37.94
2015-09-04 07:00:00,2.4,46.72
2015-09-04 08:00:00,2.0,47.98
2015-09-04 09:00:00,1.6,44.97
2015-09-04 10:00:00,2.0,40.76
2015-09-04 11:00:00,2.5,34.9
2015-09-04 12:00:00,2.3,28.62
2015-09-04 13:00:00,2.7,27.76
2015-09-04 14:00:00,3.1,27.18
2015-09-04 15:00:00,4.2,26.99
2015-09-04 16:00:00,5.0,26.21
2015-09-04 17:00:00,2.5,30.94
2015-09-04 18:00:00,2.6,38.15
2015-09-04 19:00:00,2.1,40.87
2015-09-04 20:00:00,1.8,42.44
2015-09-04 21:00:00,1.0,32.75
2015-09-04 22:00:00,1.0,28.65
2015-09-04 23:00:00,1.1,26.29
2015-09-05 00:00:00,1.1,24.39
2015-09-05 01:00:00,1.9,23.5
2015-09-05 02:00:00,2.3,17.37
2015-09-05 03:00:00,3.2,16.9
2015-09-05 04:00:00,2.9,16.95
2015-09-05 05:00:00,2.6,18.5
2015-09-05 06:00:00,5.2,18.8
2015-09-05 07:00:00,5.5,25.07
2015-09-05 08:00:00,5.5,27.3
2015-09-05 09:00:00,6.1,27.12
2015-09-05 10:00:00,6.4,23.99
2015-09-05 11:00:00,6.1,16.87
2015-09-05 12:00:00,6.4,16.06
2015-09-05 13:00:00,6.5,15.33
2015-09-05 14:00:00,6.7,13.15
2015-09-05 15:00:00,6.9,13.37
2015-09-05 16:00:00,6.8,14.57
2015-09-05 17:00:00,6.2,16.07
2015-09-05 18:00:00,6.2,23.91
2015-09-05 19:00:00,5.9,27.82
2015-09-05 20:00:00,4.5,25.07
2015-09-05 21:00:00,4.5,22.59
2015-09-05 22:00:00,5.1,16.17
2015-09-05 23:00:00,5.0,12.85
2015-09-06 00:00:00,5.2,0.07
2015-09-06 01:00:00,6.1,0.0
2015-09-06 02:00:00,6.1,-0.09
2015-09-06 03:00:00,6.9,-0.09
2015-09-06 04:00:00,7.2,-1.87
2015-09-06 05:00:00,7.0,-2.19
2015-09-06 06:00:00,7.9,-2.33
2015-09-06 07:00:00,7.8,-0.07
2015-09-06 08:00:00,7.0,3.74
2015-09-06 09:00:00,8.3,3.2
2015-09-06 10:00:00,8.1,-0.81
2015-09-06 11:00:00,8.1,-1.75
2015-09-06 12:00:00,8.7,-11.05
2015-09-06 13:00:00,8.3,-19.99
2015-09-06 14:00:00,7.4,-29.93
2015-09-06 15:00:00,9.2,-24.41
2015-09-06 16:00:00,6.9,-14.34
2015-09-06 17:00:00,6.3,5.24
2015-09-06 18:00:00,6.4,15.97
2015-09-06 19:00:00,6.1,23.9
2015-09-06 20:00:00,6.0,28.99
2015-09-06 21:00:00,4.5,25.01
2015-09-06 22:00:00,6.2,21.29
2015-09-06 23:00:00,6.9,17.86
2015-09-07 00:00:00,6.4,16.47
2015-09-07 01:00:00,6.1,16.09
2015-09-07 02:00:00,5.3,15.77
2015-09-07 03:00:00,5.1,16.07
2015-09-07 04:00:00,5.4,13.8
2015-09-07 05:00:00,4.8,18.58
2015-09-07 06:00:00,4.7,31.75
2015-09-07 07:00:00,5.3,42.1
2015-09-07 08:00:00,5.4,43.57
2015-09-07 09:00:00,4.7,41.27
2015-09-07 10:00:00,4.1,39.92
2015-09-07 11:00:00,5.0,42.08
2015-09-07 12:00:00,5.0,41.76
2015-09-07 13:00:00,5.4,40.18
2015-09-07 14:00:00,4.7,38.11
2015-09-07 15:00:00,3.4,34.52
2015-09-07 16:00:00,2.7,31.75
2015-09-07 17:00:00,2.7,32.73
2015-09-07 18:00:00,2.8,40.48
2015-09-07 19:00:00,2.0,45.0
2015-09-07 20:00:00,1.8,45.17
2015-09-07 21:00:00,1.6,39.82
2015-09-07 22:00:00,1.6,29.01
2015-09-07 23:00:00,1.5,24.55
2015-09-08 00:00:00,1.4,28.7
2015-09-08 01:00:00,1.9,28.2
2015-09-08 02:00:00,1.8,26.48
2015-09-08 03:00:00,2.1,24.48
2015-09-08 04:00:00,1.8,24.47
2015-09-08 05:00:00,1.5,28.48
2015-09-08 06:00:00,1.8,39.94
2015-09-08 07:00:00,2.1,45.92
2015-09-08 08:00:00,3.1,46.34
2015-09-08 09:00:00,3.6,40.98
2015-09-08 10:00:00,4.1,37.9
2015-09-08 11:00:00,4.9,34.99
2015-09-08 12:00:00,5.1,34.63
2015-09-08 13:00:00,4.8,32.44
2015-09-08 14:00:00,5.3,33.27
2015-09-08 15:00:00,5.4,32.33
2015-09-08 16:00:00,3.8,33.79
2015-09-08 17:00:00,3.2,39.91
2015-09-08 18:00:00,2.3,43.78
2015-09-08 19:00:00,2.5,46.98
2015-09-08 20:00:00,2.6,47.08
2015-09-08 21:00:00,2.4,42.24
2015-09-08 22:00:00,3.0,30.0
2015-09-08 23:00:00,1.6,27.96
2015-09-09 00:00:00,1.0,28.52
2015-09-09 01:00:00,1.2,28.5
2015-09-09 02:00:00,1.2,26.46
2015-09-09 03:00:00,0.8,26.0
2015-09-09 04:00:00,0.8,26.41
2015-09-09 05:00:00,0.6,29.06
2015-09-09 06:00:00,0.6,39.97
2015-09-09 07:00:00,1.3,44.96
2015-09-09 08:00:00,2.0,46.43
2015-09-09 09:00:00,2.4,44.25
2015-09-09 10:00:00,2.8,38.61
2015-09-09 11:00:00,2.5,33.97
2015-09-09 12:00:00,2.5,31.17
2015-09-09 13:00:00,2.6,29.96
2015-09-09 14:00:00,3.5,29.1
2015-09-09 15:00:00,2.0,29.51
2015-09-09 16:00:00,3.0,29.9
2015-09-09 17:00:00,2.7,37.94
2015-09-09 18:00:00,1.9,43.18
2015-09-09 19:00:00,1.8,44.01
2015-09-09 20:00:00,2.1,45.06
2015-09-09 21:00:00,1.2,38.93
2015-09-09 22:00:00,0.7,30.41
2015-09-09 23:00:00,0.6,26.49
2015-09-10 00:00:00,0.6,27.04
2015-09-10 01:00:00,0.5,26.1
2015-09-10 02:00:00,0.5,25.51
2015-09-10 03:00:00,0.8,25.03
2015-09-10 04:00:00,0.6,25.91
2015-09-10 05:00:00,1.2,28.73
2015-09-10 06:00:00,1.6,40.02
2015-09-10 07:00:00,1.6,45.78
2015-09-10 08:00:00,1.9,47.03
2015-09-10 09:00:00,2.2,43.99
2015-09-10 10:00:00,3.0,37.4
2015-09-10 11:00:00,4.7,32.38
2015-09-10 12:00:00,4.4,29.02
2015-09-10 13:00:00,4.3,29.02
2015-09-10 14:00:00,5.5,29.04
2015-09-10 15:00:00,5.0,32.05
2015-09-10 16:00:00,3.3,31.94
2015-09-10 17:00:00,3.0,38.5
2015-09-10 18:00:00,3.3,42.0
2015-09-10 19:00:00,2.9,44.4
2015-09-10 20:00:00,1.7,43.62
2015-09-10 21:00:00,1.5,31.93
2015-09-10 22:00:00,1.3,28.46
2015-09-10 23:00:00,1.0,25.07
2015-09-11 00:00:00,0.8,25.24
2015-09-11 01:00:00,0.4,24.54
2015-09-11 02:00:00,0.8,24.2
2015-09-11 03:00:00,1.0,24.14
2015-09-11 04:00:00,1.2,26.06
2015-09-11 05:00:00,1.8,26.21
2015-09-11 06:00:00,2.3,36.42
2015-09-11 07:00:00,2.2,43.94
2015-09-11 08:00:00,2.7,43.7
2015-09-11 09:00:00,3.5,40.8
2015-09-11 10:00:00,3.1,34.2
2015-09-11 11:00:00,3.4,32.07
2015-09-11 12:00:00,3.3,28.07
2015-09-11 13:00:00,4.0,27.07
2015-09-11 14:00:00,3.7,27.07
2015-09-11 15:00:00,3.4,29.52
2015-09-11 16:00:00,4.0,30.01
2015-09-11 17:00:00,2.6,36.67
2015-09-11 18:00:00,2.2,42.04
2015-09-11 19:00:00,2.1,45.19
2015-09-11 20:00:00,1.8,45.05
2015-09-11 21:00:00,2.3,40.41
2015-09-11 22:00:00,1.7,38.03
2015-09-11 23:00:00,1.9,32.64
2015-09-12 00:00:00,2.1,34.79
2015-09-12 01:00:00,2.3,31.97
2015-09-12 02:00:00,1.8,29.94
2015-09-12 03:00:00,1.7,25.01
2015-09-12 04:00:00,1.7,25.91
2015-09-12 05:00:00,1.6,25.26
2015-09-12 06:00:00,1.9,27.92
2015-09-12 07:00:00,1.9,32.06
2015-09-12 08:00:00,2.4,37.91
2015-09-12 09:00:00,2.9,40.09
2015-09-12 10:00:00,2.9,34.15
2015-09-12 11:00:00,3.1,27.95
2015-09-12 12:00:00,3.4,24.97
2015-09-12 13:00:00,3.6,22.4
2015-09-12 14:00:00,3.5,17.99
2015-09-12 15:00:00,3.3,24.05
2015-09-12 16:00:00,2.8,27.8
2015-09-12 17:00:00,2.8,34.13
2015-09-12 18:00:00,1.7,39.21
2015-09-12 19:00:00,1.8,41.3
2015-09-12 20:00:00,1.5,41.1
2015-09-12 21:00:00,1.7,31.29
2015-09-12 22:00:00,1.4,31.7
2015-09-12 23:00:00,1.9,26.17
2015-09-13 00:00:00,1.8,17.1
2015-09-13 01:00:00,2.3,19.59
2015-09-13 02:00:00,3.2,23.04
2015-09-13 03:00:00,3.2,23.04
2015-09-13 04:00:00,2.8,23.3
2015-09-13 05:00:00,2.3,23.45
2015-09-13 06:00:00,2.1,24.06
2015-09-13 07:00:00,2.0,23.68
2015-09-13 08:00:00,2.8,24.06
2015-09-13 09:00:00,3.1,25.48
2015-09-13 10:00:00,3.6,25.82
2015-09-13 11:00:00,4.0,28.46
2015-09-13 12:00:00,4.4,25.11
2015-09-13 13:00:00,4.4,23.93
2015-09-13 14:00:00,4.6,22.24
2015-09-13 15:00:00,4.1,22.34
2015-09-13 16:00:00,4.0,22.86
2015-09-13 17:00:00,4.2,26.17
2015-09-13 18:00:00,4.2,31.35
2015-09-13 19:00:00,3.2,36.8
2015-09-13 20:00:00,2.8,40.22
2015-09-13 21:00:00,3.3,34.96
2015-09-13 22:00:00,3.2,32.01
2015-09-13 23:00:00,3.1,24.2
2015-09-14 00:00:00,3.4,22.61
2015-09-14 01:00:00,3.1,18.63
2015-09-14 02:00:00,2.6,16.77
2015-09-14 03:00:00,3.0,16.12
2015-09-14 04:00:00,2.5,21.42
2015-09-14 05:00:00,2.2,24.08
2015-09-14 06:00:00,2.3,37.97
2015-09-14 07:00:00,2.7,42.54
2015-09-14 08:00:00,3.1,42.03
2015-09-14 09:00:00,3.1,41.69
2015-09-14 10:00:00,2.8,42.04
2015-09-14 11:00:00,3.0,44.92
2015-09-14 12:00:00,4.0,44.93
2015-09-14 13:00:00,2.4,42.04
2015-09-14 14:00:00,1.8,41.91
2015-09-14 15:00:00,2.0,39.98
2015-09-14 16:00:00,2.1,39.47
2015-09-14 17:00:00,1.5,39.92
2015-09-14 18:00:00,1.6,40.05
2015-09-14 19:00:00,2.1,41.27
2015-09-14 20:00:00,2.0,41.92
2015-09-14 21:00:00,2.4,29.58
2015-09-14 22:00:00,2.2,25.0
2015-09-14 23:00:00,2.3,16.89
2015-09-15 00:00:00,1.9,18.15
2015-09-15 01:00:00,2.2,14.56
2015-09-15 02:00:00,2.3,12.98
2015-09-15 03:00:00,3.7,12.86
2015-09-15 04:00:00,2.8,13.79
2015-09-15 05:00:00,1.9,18.91
2015-09-15 06:00:00,1.7,30.08
2015-09-15 07:00:00,2.2,42.03
2015-09-15 08:00:00,2.2,42.07
2015-09-15 09:00:00,2.7,35.3
2015-09-15 10:00:00,4.0,30.08
2015-09-15 11:00:00,3.2,28.6
2015-09-15 12:00:00,3.5,26.75
2015-09-15 13:00:00,3.3,26.39
2015-09-15 14:00:00,2.6,25.35
2015-09-15 15:00:00,2.2,25.08
2015-09-15 16:00:00,2.1,26.6
2015-09-15 17:00:00,2.2,30.28
2015-09-15 18:00:00,2.4,40.69
2015-09-15 19:00:00,2.0,43.97
2015-09-15 20:00:00,1.9,45.83
2015-09-15 21:00:00,2.5,35.01
2015-09-15 22:00:00,2.3,28.59
2015-09-15 23:00:00,1.6,24.15
2015-09-16 00:00:00,1.1,24.34
2015-09-16 01:00:00,1.2,24.03
2015-09-16 02:00:00,1.9,24.06
2015-09-16 03:00:00,2.2,23.69
2015-09-16 04:00:00,1.6,20.0
2015-09-16 05:00:00,1.7,25.03
2015-09-16 06:00:00,2.2,39.45
2015-09-16 07:00:00,1.5,46.41
2015-09-16 08:00:00,1.5,52.06
2015-09-16 09:00:00,1.8,50.33
2015-09-16 10:00:00,2.7,45.28
2015-09-16 11:00:00,3.2,45.1
2015-09-16 12:00:00,3.3,40.79
2015-09-16 13:00:00,2.8,39.91
2015-09-16 14:00:00,2.6,33.76
2015-09-16 15:00:00,2.2,33.62
2015-09-16 16:00:00,2.0,32.59
2015-09-16 17:00:00,1.9,35.93
2015-09-16 18:00:00,1.1,37.44
2015-09-16 19:00:00,1.7,39.91
2015-09-16 20:00:00,2.2,32.62
2015-09-16 21:00:00,2.2,27.05
2015-09-16 22:00:00,2.3,24.02
2015-09-16 23:00:00,2.0,16.81
2015-09-17 00:00:00,2.4,15.88
2015-09-17 01:00:00,2.1,14.73
2015-09-17 02:00:00,2.3,16.0
2015-09-17 03:00:00,1.8,14.63
2015-09-17 04:00:00,1.7,11.32
2015-09-17 05:00:00,2.4,16.18
2015-09-17 06:00:00,1.4,28.17
2015-09-17 07:00:00,2.4,39.92
2015-09-17 08:00:00,2.5,36.03
2015-09-17 09:00:00,2.4,31.04
2015-09-17 10:00:00,2.9,29.13
2015-09-17 11:00:00,3.2,29.07
2015-09-17 12:00:00,2.8,28.26
2015-09-17 13:00:00,2.3,28.6
2015-09-17 14:00:00,3.6,28.49
2015-09-17 15:00:00,4.4,29.75
2015-09-17 16:00:00,9.0,30.01
2015-09-17 17:00:00,6.0,34.76
2015-09-17 18:00:00,7.4,36.8
2015-09-17 19:00:00,6.3,42.04
2015-09-17 20:00:00,3.2,40.98
2015-09-17 21:00:00,2.7,32.52
2015-09-17 22:00:00,3.0,27.17
2015-09-17 23:00:00,4.2,23.43
2015-09-18 00:00:00,3.1,21.98
2015-09-18 01:00:00,3.4,18.61
2015-09-18 02:00:00,4.1,18.91
2015-09-18 03:00:00,4.3,19.01
2015-09-18 04:00:00,3.6,21.72
2015-09-18 05:00:00,3.1,25.0
2015-09-18 06:00:00,2.4,34.99
2015-09-18 07:00:00,2.6,47.0
2015-09-18 08:00:00,3.8,51.16
2015-09-18 09:00:00,3.7,48.44
2015-09-18 10:00:00,2.4,46.4
2015-09-18 11:00:00,1.8,44.62
2015-09-18 12:00:00,2.0,39.99
2015-09-18 13:00:00,2.5,35.14
2015-09-18 14:00:00,2.5,33.36
2015-09-18 15:00:00,2.7,38.0
2015-09-18 16:00:00,2.1,40.05
2015-09-18 17:00:00,1.1,44.16
2015-09-18 18:00:00,1.0,46.73
2015-09-18 19:00:00,0.9,48.9
2015-09-18 20:00:00,0.9,47.7
2015-09-18 21:00:00,0.9,42.57
2015-09-18 22:00:00,1.0,34.1
2015-09-18 23:00:00,1.1,26.68
2015-09-19 00:00:00,1.3,28.54
2015-09-19 01:00:00,1.3,26.25
2015-09-19 02:00:00,1.1,24.78
2015-09-19 03:00:00,1.1,24.2
2015-09-19 04:00:00,0.8,23.73
2015-09-19 05:00:00,1.0,25.08
2015-09-19 06:00:00,1.2,24.74
2015-09-19 07:00:00,1.3,27.6
2015-09-19 08:00:00,2.7,32.0
2015-09-19 09:00:00,1.9,32.99
2015-09-19 10:00:00,2.1,30.06
2015-09-19 11:00:00,2.4,30.24
2015-09-19 12:00:00,2.7,30.87
2015-09-19 13:00:00,2.9,28.09
2015-09-19 14:00:00,2.6,25.97
2015-09-19 15:00:00,2.4,26.01
2015-09-19 16:00:00,2.4,28.01
2015-09-19 17:00:00,4.7,32.67
2015-09-19 18:00:00,3.8,38.73
2015-09-19 19:00:00,3.0,43.91
2015-09-19 20:00:00,2.1,44.74
2015-09-19 21:00:00,1.3,38.39
2015-09-19 22:00:00,1.4,35.31
2015-09-19 23:00:00,1.7,30.09
2015-09-20 00:00:00,2.3,23.94
2015-09-20 01:00:00,2.3,17.33
2015-09-20 02:00:00,2.1,15.87
2015-09-20 03:00:00,2.5,16.86
2015-09-20 04:00:00,3.5,16.08
2015-09-20 05:00:00,2.7,16.09
2015-09-20 06:00:00,3.1,16.81
2015-09-20 07:00:00,2.8,16.88
2015-09-20 08:00:00,4.0,20.13
2015-09-20 09:00:00,4.7,19.73
2015-09-20 10:00:00,5.0,19.38
2015-09-20 11:00:00,5.2,19.95
2015-09-20 12:00:00,5.0,18.36
2015-09-20 13:00:00,5.1,15.72
2015-09-20 14:00:00,4.4,15.91
2015-09-20 15:00:00,4.5,16.03
2015-09-20 16:00:00,5.0,16.04
2015-09-20 17:00:00,3.0,21.06
2015-09-20 18:00:00,3.8,29.37
2015-09-20 19:00:00,4.2,37.37
2015-09-20 20:00:00,3.6,38.03
2015-09-20 21:00:00,3.0,33.95
2015-09-20 22:00:00,3.3,33.01
2015-09-20 23:00:00,3.3,31.31
2015-09-21 00:00:00,3.0,26.76
2015-09-21 01:00:00,3.2,23.97
2015-09-21 02:00:00,2.9,21.64
2015-09-21 03:00:00,2.5,22.34
2015-09-21 04:00:00,2.9,21.7
2015-09-21 05:00:00,2.8,26.31
2015-09-21 06:00:00,2.8,42.67
2015-09-21 07:00:00,2.7,49.54
2015-09-21 08:00:00,3.3,50.55
2015-09-21 09:00:00,3.0,46.93
2015-09-21 10:00:00,3.0,42.01
2015-09-21 11:00:00,3.9,38.99
2015-09-21 12:00:00,3.4,34.75
2015-09-21 13:00:00,4.0,30.65
2015-09-21 14:00:00,3.6,29.88
2015-09-21 15:00:00,4.0,32.24
2015-09-21 16:00:00,2.4,37.94
2015-09-21 17:00:00,1.5,44.19
2015-09-21 18:00:00,1.4,47.77
2015-09-21 19:00:00,1.3,52.45
2015-09-21 20:00:00,1.4,48.99
2015-09-21 21:00:00,1.3,42.1
2015-09-21 22:00:00,1.3,38.97
2015-09-21 23:00:00,0.9,28.0
2015-09-22 00:00:00,1.4,27.19
2015-09-22 01:00:00,1.6,25.74
2015-09-22 02:00:00,1.9,23.58
2015-09-22 03:00:00,2.3,18.56
2015-09-22 04:00:00,2.2,20.45
2015-09-22 05:00:00,2.7,24.25
2015-09-22 06:00:00,2.1,34.11
2015-09-22 07:00:00,1.9,32.53
2015-09-22 08:00:00,3.1,32.57
2015-09-22 09:00:00,3.8,34.22
2015-09-22 10:00:00,4.8,35.9
2015-09-22 11:00:00,4.2,36.07
2015-09-22 12:00:00,4.6,32.75
2015-09-22 13:00:00,4.2,36.73
2015-09-22 14:00:00,2.9,38.25
2015-09-22 15:00:00,3.1,40.37
2015-09-22 16:00:00,2.6,40.82
2015-09-22 17:00:00,2.2,41.7
2015-09-22 18:00:00,1.5,42.06
2015-09-22 19:00:00,1.5,44.99
2015-09-22 20:00:00,1.8,40.81
2015-09-22 21:00:00,1.6,37.25
2015-09-22 22:00:00,2.5,33.1
2015-09-22 23:00:00,1.7,28.51
2015-09-23 00:00:00,1.4,30.96
2015-09-23 01:00:00,1.0,28.55
2015-09-23 02:00:00,1.0,28.33
2015-09-23 03:00:00,1.1,27.71
2015-09-23 04:00:00,0.8,28.53
2015-09-23 05:00:00,0.9,33.2
2015-09-23 06:00:00,1.3,45.47
2015-09-23 07:00:00,2.1,47.98
2015-09-23 08:00:00,4.0,59.39
2015-09-23 09:00:00,3.7,55.55
2015-09-23 10:00:00,2.7,54.9
2015-09-23 11:00:00,2.7,55.61
2015-09-23 12:00:00,2.4,51.3
2015-09-23 13:00:00,1.3,49.91
2015-09-23 14:00:00,1.9,48.81
2015-09-23 15:00:00,1.2,46.96
2015-09-23 16:00:00,1.4,47.03
2015-09-23 17:00:00,2.0,47.92
2015-09-23 18:00:00,1.8,46.81
2015-09-23 19:00:00,2.0,50.07
2015-09-23 20:00:00,1.9,46.8
2015-09-23 21:00:00,1.6,43.99
2015-09-23 22:00:00,1.9,33.94
2015-09-23 23:00:00,1.5,28.26
2015-09-24 00:00:00,1.3,26.17
2015-09-24 01:00:00,1.4,26.97
2015-09-24 02:00:00,1.5,25.83
2015-09-24 03:00:00,1.3,24.08
2015-09-24 04:00:00,1.0,25.64
2015-09-24 05:00:00,1.4,26.79
2015-09-24 06:00:00,1.2,36.29
2015-09-24 07:00:00,1.7,43.92
2015-09-24 08:00:00,2.3,43.98
2015-09-24 09:00:00,4.0,41.92
2015-09-24 10:00:00,3.5,34.72
2015-09-24 11:00:00,3.8,29.1
2015-09-24 12:00:00,3.3,27.0
2015-09-24 13:00:00,3.1,27.43
2015-09-24 14:00:00,2.4,27.45
2015-09-24 15:00:00,2.7,27.43
2015-09-24 16:00:00,2.5,28.21
2015-09-24 17:00:00,1.4,33.97
2015-09-24 18:00:00,1.3,40.0
2015-09-24 19:00:00,0.6,44.94
2015-09-24 20:00:00,0.6,42.1
2015-09-24 21:00:00,0.6,30.03
2015-09-24 22:00:00,1.0,27.87
2015-09-24 23:00:00,0.9,26.69
2015-09-25 00:00:00,0.6,26.05
2015-09-25 01:00:00,0.9,25.44
2015-09-25 02:00:00,1.0,24.05
2015-09-25 03:00:00,0.9,24.05
2015-09-25 04:00:00,0.9,25.22
2015-09-25 05:00:00,1.0,27.55
2015-09-25 06:00:00,0.5,42.04
2015-09-25 07:00:00,0.6,46.99
2015-09-25 08:00:00,2.6,46.94
2015-09-25 09:00:00,3.1,42.04
2015-09-25 10:00:00,2.4,39.91
2015-09-25 11:00:00,2.3,34.92
2015-09-25 12:00:00,3.1,28.74
2015-09-25 13:00:00,4.1,28.58
2015-09-25 14:00:00,3.0,28.78
2015-09-25 15:00:00,2.8,31.45
2015-09-25 16:00:00,3.8,34.24
2015-09-25 17:00:00,3.1,43.92
2015-09-25 18:00:00,2.7,45.97
2015-09-25 19:00:00,1.5,49.36
2015-09-25 20:00:00,1.4,44.99
2015-09-25 21:00:00,1.4,42.08
2015-09-25 22:00:00,1.6,36.31
2015-09-25 23:00:00,1.5,29.55
2015-09-26 00:00:00,1.2,31.72
2015-09-26 01:00:00,1.0,28.63
2015-09-26 02:00:00,0.8,27.86
2015-09-26 03:00:00,1.2,28.51
2015-09-26 04:00:00,1.4,28.64
2015-09-26 05:00:00,1.1,29.76
2015-09-26 06:00:00,1.3,30.01
2015-09-26 07:00:00,1.6,38.34
2015-09-26 08:00:00,1.3,42.07
2015-09-26 09:00:00,2.0,38.05
2015-09-26 10:00:00,2.5,31.82
2015-09-26 11:00:00,2.8,29.04
2015-09-26 12:00:00,3.0,27.34
2015-09-26 13:00:00,3.1,27.57
2015-09-26 14:00:00,2.7,28.4
2015-09-26 15:00:00,2.6,28.68
2015-09-26 16:00:00,2.1,28.66
2015-09-26 17:00:00,2.7,36.76
2015-09-26 18:00:00,1.9,43.71
2015-09-26 19:00:00,1.1,47.97
2015-09-26 20:00:00,1.0,42.29
2015-09-26 21:00:00,1.2,35.44
2015-09-26 22:00:00,0.8,31.07
2015-09-26 23:00:00,0.7,28.31
2015-09-27 00:00:00,0.7,28.07
2015-09-27 01:00:00,0.7,26.03
2015-09-27 02:00:00,0.8,24.01
2015-09-27 03:00:00,1.0,25.13
2015-09-27 04:00:00,0.9,23.78
2015-09-27 05:00:00,1.1,23.48
2015-09-27 06:00:00,0.8,25.49
2015-09-27 07:00:00,1.0,28.5
2015-09-27 08:00:00,2.1,30.09
2015-09-27 09:00:00,2.4,29.06
2015-09-27 10:00:00,3.2,23.33
2015-09-27 11:00:00,4.1,19.05
2015-09-27 12:00:00,4.0,15.96
2015-09-27 13:00:00,4.6,15.09
2015-09-27 14:00:00,4.4,14.31
2015-09-27 15:00:00,3.6,14.5
2015-09-27 16:00:00,4.1,16.83
2015-09-27 17:00:00,2.8,28.09
2015-09-27 18:00:00,1.3,38.97
2015-09-27 19:00:00,1.1,44.93
2015-09-27 20:00:00,0.9,41.94
2015-09-27 21:00:00,0.8,31.96
2015-09-27 22:00:00,0.6,31.43
2015-09-27 23:00:00,0.6,24.27
2015-09-28 00:00:00,0.7,24.37
2015-09-28 01:00:00,0.7,23.97
2015-09-28 02:00:00,0.6,23.9
2015-09-28 03:00:00,0.8,23.43
2015-09-28 04:00:00,0.4,20.16
2015-09-28 05:00:00,0.8,24.84
2015-09-28 06:00:00,0.7,43.25
2015-09-28 07:00:00,0.5,53.33
2015-09-28 08:00:00,0.9,54.42
2015-09-28 09:00:00,1.4,42.59
2015-09-28 10:00:00,2.3,35.85
2015-09-28 11:00:00,2.5,28.58
2015-09-28 12:00:00,2.7,26.87
2015-09-28 13:00:00,2.9,26.72
2015-09-28 14:00:00,3.3,26.71
2015-09-28 15:00:00,2.8,29.04
2015-09-28 16:00:00,2.2,32.06
2015-09-28 17:00:00,2.1,42.42
2015-09-28 18:00:00,1.5,46.95
2015-09-28 19:00:00,1.2,54.99
2015-09-28 20:00:00,1.6,46.42
2015-09-28 21:00:00,1.8,38.9
2015-09-28 22:00:00,1.6,31.26
2015-09-28 23:00:00,1.5,26.19
2015-09-29 00:00:00,1.2,28.51
2015-09-29 01:00:00,1.1,28.47
2015-09-29 02:00:00,0.8,26.04
2015-09-29 03:00:00,0.5,24.87
2015-09-29 04:00:00,0.4,26.55
2015-09-29 05:00:00,0.7,28.5
2015-09-29 06:00:00,0.5,41.59
2015-09-29 07:00:00,0.5,50.94
2015-09-29 08:00:00,1.8,55.44
2015-09-29 09:00:00,2.2,39.6
2015-09-29 10:00:00,2.7,33.77
2015-09-29 11:00:00,3.1,28.39
2015-09-29 12:00:00,4.1,26.98
2015-09-29 13:00:00,4.7,27.48
2015-09-29 14:00:00,4.4,27.71
2015-09-29 15:00:00,4.5,28.33
2015-09-29 16:00:00,3.2,29.02
2015-09-29 17:00:00,2.1,34.04
2015-09-29 18:00:00,2.0,43.36
2015-09-29 19:00:00,1.8,51.64
2015-09-29 20:00:00,2.1,43.76
2015-09-29 21:00:00,1.1,38.02
2015-09-29 22:00:00,1.2,33.33
2015-09-29 23:00:00,2.3,28.54
2015-09-30 00:00:00,1.6,28.17
2015-09-30 01:00:00,1.0,28.12
2015-09-30 02:00:00,0.9,26.91
2015-09-30 03:00:00,0.5,26.66
2015-09-30 04:00:00,0.6,27.0
2015-09-30 05:00:00,0.8,28.63
2015-09-30 06:00:00,0.4,42.93
2015-09-30 07:00:00,0.3,53.78
2015-09-30 08:00:00,0.6,55.5
2015-09-30 09:00:00,0.9,43.09
2015-09-30 10:00:00,1.1,37.09
2015-09-30 11:00:00,1.8,32.14
2015-09-30 12:00:00,2.9,28.13
2015-09-30 13:00:00,2.8,29.25
2015-09-30 14:00:00,3.3,30.07
2015-09-30 15:00:00,3.4,31.7
2015-09-30 16:00:00,3.9,33.28
2015-09-30 17:00:00,2.1,42.7
2015-09-30 18:00:00,1.6,50.0
2015-09-30 19:00:00,1.7,58.0
2015-09-30 20:00:00,2.4,48.93
2015-09-30 21:00:00,2.1,42.0
2015-09-30 22:00:00,1.6,34.56
2015-09-30 23:00:00,0.7,29.72
2015-10-01 00:00:00,0.3,30.03
2015-10-01 01:00:00,0.4,30.09
2015-10-01 02:00:00,0.5,28.62
2015-10-01 03:00:00,0.5,29.14
2015-10-01 04:00:00,0.5,29.4
2015-10-01 05:00:00,0.4,32.77
2015-10-01 06:00:00,0.8,44.97
2015-10-01 07:00:00,0.9,56.0
2015-10-01 08:00:00,1.2,59.06
2015-10-01 09:00:00,1.9,48.46
2015-10-01 10:00:00,3.1,34.45
2015-10-01 11:00:00,3.9,30.44
2015-10-01 12:00:00,3.4,29.14
2015-10-01 13:00:00,3.4,30.02
2015-10-01 14:00:00,2.4,28.81
2015-10-01 15:00:00,2.6,31.38
2015-10-01 16:00:00,1.9,36.26
2015-10-01 17:00:00,1.3,44.48
2015-10-01 18:00:00,0.7,51.57
2015-10-01 19:00:00,0.3,61.0
2015-10-01 20:00:00,0.3,55.0
2015-10-01 21:00:00,0.3,44.95
2015-10-01 22:00:00,0.3,39.96
2015-10-01 23:00:00,0.4,30.43
2015-10-02 00:00:00,0.9,31.37
2015-10-02 01:00:00,0.7,30.98
2015-10-02 02:00:00,0.5,29.93
2015-10-02 03:00:00,0.4,30.15
2015-10-02 04:00:00,0.6,30.82
2015-10-02 05:00:00,0.6,32.3
2015-10-02 06:00:00,0.5,44.68
2015-10-02 07:00:00,1.0,54.92
2015-10-02 08:00:00,1.3,60.0
2015-10-02 09:00:00,1.2,46.96
2015-10-02 10:00:00,1.5,37.92
2015-10-02 11:00:00,2.7,32.01
2015-10-02 12:00:00,2.0,30.07
2015-10-02 13:00:00,2.3,28.65
2015-10-02 14:00:00,2.5,28.91
2015-10-02 15:00:00,2.6,29.6
2015-10-02 16:00:00,2.3,32.02
2015-10-02 17:00:00,1.5,44.68
2015-10-02 18:00:00,1.6,48.1
2015-10-02 19:00:00,0.8,55.0
2015-10-02 20:00:00,1.0,49.03
2015-10-02 21:00:00,1.5,39.8
2015-10-02 22:00:00,1.5,33.5
2015-10-02 23:00:00,0.7,30.13
2015-10-03 00:00:00,1.0,26.75
2015-10-03 01:00:00,1.1,26.26
2015-10-03 02:00:00,0.9,26.39
2015-10-03 03:00:00,0.5,26.04
2015-10-03 04:00:00,0.5,24.77
2015-10-03 05:00:00,0.7,25.49
2015-10-03 06:00:00,1.6,24.03
2015-10-03 07:00:00,2.1,26.14
2015-10-03 08:00:00,1.7,28.06
2015-10-03 09:00:00,2.5,26.4
2015-10-03 10:00:00,3.5,24.67
2015-10-03 11:00:00,3.1,24.63
2015-10-03 12:00:00,3.1,23.53
2015-10-03 13:00:00,3.1,20.24
2015-10-03 14:00:00,2.7,21.94
2015-10-03 15:00:00,2.4,23.52
2015-10-03 16:00:00,2.2,24.05
2015-10-03 17:00:00,1.2,31.88
2015-10-03 18:00:00,1.4,40.3
2015-10-03 19:00:00,1.3,47.01
2015-10-03 20:00:00,1.9,41.95
2015-10-03 21:00:00,1.8,37.79
2015-10-03 22:00:00,1.5,40.28
2015-10-03 23:00:00,1.4,30.35
2015-10-04 00:00:00,0.9,27.63
2015-10-04 01:00:00,2.0,27.01
2015-10-04 02:00:00,2.0,26.82
2015-10-04 03:00:00,1.4,24.0
2015-10-04 04:00:00,1.3,25.7
2015-10-04 05:00:00,1.5,26.13
2015-10-04 06:00:00,1.5,26.14
2015-10-04 07:00:00,1.6,27.52
2015-10-04 08:00:00,3.2,30.02
2015-10-04 09:00:00,4.0,31.95
2015-10-04 10:00:00,3.6,30.53
2015-10-04 11:00:00,4.1,31.62
2015-10-04 12:00:00,3.9,29.24
2015-10-04 13:00:00,3.9,27.09
2015-10-04 14:00:00,3.3,26.06
2015-10-04 15:00:00,2.2,26.01
2015-10-04 16:00:00,2.4,25.44
2015-10-04 17:00:00,1.6,31.8
2015-10-04 18:00:00,1.8,40.48
2015-10-04 19:00:00,1.0,46.99
2015-10-04 20:00:00,0.6,44.9
2015-10-04 21:00:00,1.1,40.95
2015-10-04 22:00:00,0.5,40.41
2015-10-04 23:00:00,0.7,33.96
2015-10-05 00:00:00,0.6,27.66
2015-10-05 01:00:00,0.3,26.68
2015-10-05 02:00:00,0.7,26.82
2015-10-05 03:00:00,0.7,26.02
2015-10-05 04:00:00,0.9,25.84
2015-10-05 05:00:00,0.7,28.25
2015-10-05 06:00:00,1.0,42.17
2015-10-05 07:00:00,0.4,52.0
2015-10-05 08:00:00,0.9,55.07
2015-10-05 09:00:00,1.1,53.01
2015-10-05 10:00:00,1.0,51.56
2015-10-05 11:00:00,1.3,49.08
2015-10-05 12:00:00,1.4,42.17
2015-10-05 13:00:00,1.8,40.4
2015-10-05 14:00:00,1.3,38.84
2015-10-05 15:00:00,1.4,40.97
2015-10-05 16:00:00,1.3,41.38
2015-10-05 17:00:00,1.3,44.61
2015-10-05 18:00:00,1.4,45.1
2015-10-05 19:00:00,2.2,51.75
2015-10-05 20:00:00,2.0,45.45
2015-10-05 21:00:00,1.4,33.26
2015-10-05 22:00:00,1.4,28.06
2015-10-05 23:00:00,2.7,27.01
2015-10-06 00:00:00,2.2,25.05
2015-10-06 01:00:00,2.3,26.16
2015-10-06 02:00:00,2.6,23.87
2015-10-06 03:00:00,2.1,23.06
2015-10-06 04:00:00,2.3,23.66
2015-10-06 05:00:00,2.4,26.4
2015-10-06 06:00:00,2.4,35.29
2015-10-06 07:00:00,2.9,45.81
2015-10-06 08:00:00,2.1,48.08
2015-10-06 09:00:00,2.3,46.87
2015-10-06 10:00:00,2.6,47.21
2015-10-06 11:00:00,3.0,46.95
2015-10-06 12:00:00,3.2,45.69
2015-10-06 13:00:00,3.9,46.12
2015-10-06 14:00:00,4.0,43.92
2015-10-06 15:00:00,3.8,41.27
2015-10-06 16:00:00,3.1,40.0
2015-10-06 17:00:00,2.7,40.55
2015-10-06 18:00:00,2.6,41.91
2015-10-06 19:00:00,2.4,45.87
2015-10-06 20:00:00,2.9,39.91
2015-10-06 21:00:00,2.8,32.18
2015-10-06 22:00:00,2.7,30.05
2015-10-06 23:00:00,2.8,27.56
2015-10-07 00:00:00,2.9,28.07
2015-10-07 01:00:00,2.8,25.19
2015-10-07 02:00:00,3.3,24.08
2015-10-07 03:00:00,3.6,23.45
2015-10-07 04:00:00,3.5,23.66
2015-10-07 05:00:00,3.6,26.26
2015-10-07 06:00:00,3.3,34.3
2015-10-07 07:00:00,4.0,47.68
2015-10-07 08:00:00,4.2,50.03
2015-10-07 09:00:00,4.0,49.84
2015-10-07 10:00:00,3.4,49.02
2015-10-07 11:00:00,2.5,48.97
2015-10-07 12:00:00,2.0,47.51
2015-10-07 13:00:00,2.2,47.07
2015-10-07 14:00:00,2.2,45.94
2015-10-07 15:00:00,2.5,45.95
2015-10-07 16:00:00,3.1,44.2
2015-10-07 17:00:00,3.0,45.74
2015-10-07 18:00:00,2.1,49.58
2015-10-07 19:00:00,1.9,56.56
2015-10-07 20:00:00,2.3,49.56
2015-10-07 21:00:00,3.6,41.52
2015-10-07 22:00:00,3.5,36.36
2015-10-07 23:00:00,3.0,30.99
2015-10-08 00:00:00,2.8,32.2
2015-10-08 01:00:00,2.8,28.72
2015-10-08 02:00:00,3.1,28.08
2015-10-08 03:00:00,2.7,27.95
2015-10-08 04:00:00,3.0,28.42
2015-10-08 05:00:00,2.2,34.76
2015-10-08 06:00:00,2.7,46.49
2015-10-08 07:00:00,2.2,55.7
2015-10-08 08:00:00,2.0,59.84
2015-10-08 09:00:00,2.3,61.14
2015-10-08 10:00:00,2.1,59.13
2015-10-08 11:00:00,2.2,56.0
2015-10-08 12:00:00,2.0,52.46
2015-10-08 13:00:00,2.0,51.05
2015-10-08 14:00:00,2.0,50.78
2015-10-08 15:00:00,1.7,50.22
2015-10-08 16:00:00,1.7,50.0
2015-10-08 17:00:00,1.7,51.69
2015-10-08 18:00:00,0.8,55.99
2015-10-08 19:00:00,0.8,72.7
2015-10-08 20:00:00,0.7,58.04
2015-10-08 21:00:00,0.8,43.98
2015-10-08 22:00:00,1.0,40.99
2015-10-08 23:00:00,1.2,35.06
2015-10-09 00:00:00,0.8,33.12
2015-10-09 01:00:00,0.5,32.02
2015-10-09 02:00:00,0.9,30.26
2015-10-09 03:00:00,1.0,28.22
2015-10-09 04:00:00,1.0,30.47
2015-10-09 05:00:00,0.9,32.09
2015-10-09 06:00:00,1.5,46.62
2015-10-09 07:00:00,1.4,55.48
2015-10-09 08:00:00,2.2,61.04
2015-10-09 09:00:00,2.1,61.0
2015-10-09 10:00:00,1.7,55.09
2015-10-09 11:00:00,2.7,52.93
2015-10-09 12:00:00,2.9,50.85
2015-10-09 13:00:00,3.5,47.8
2015-10-09 14:00:00,3.4,46.8
2015-10-09 15:00:00,3.0,45.17
2015-10-09 16:00:00,2.7,44.48
2015-10-09 17:00:00,2.6,46.66
2015-10-09 18:00:00,2.2,49.56
2015-10-09 19:00:00,2.3,55.44
2015-10-09 20:00:00,2.8,49.99
2015-10-09 21:00:00,3.0,40.07
2015-10-09 22:00:00,2.7,36.47
2015-10-09 23:00:00,3.2,32.43
2015-10-10 00:00:00,4.0,32.46
2015-10-10 01:00:00,2.8,28.53
2015-10-10 02:00:00,2.6,32.21
2015-10-10 03:00:00,2.3,30.35
2015-10-10 04:00:00,1.7,29.95
2015-10-10 05:00:00,1.7,31.01
2015-10-10 06:00:00,1.6,32.88
2015-10-10 07:00:00,2.2,36.0
2015-10-10 08:00:00,4.2,42.9
2015-10-10 09:00:00,4.2,43.97
2015-10-10 10:00:00,5.0,42.92
2015-10-10 11:00:00,5.1,39.13
2015-10-10 12:00:00,5.1,29.42
2015-10-10 13:00:00,5.0,27.31
2015-10-10 14:00:00,5.0,28.03
2015-10-10 15:00:00,4.5,28.94
2015-10-10 16:00:00,4.7,31.62
2015-10-10 17:00:00,2.9,36.14
2015-10-10 18:00:00,3.7,42.97
2015-10-10 19:00:00,3.4,42.99
2015-10-10 20:00:00,3.5,35.06
2015-10-10 21:00:00,3.4,30.07
2015-10-10 22:00:00,3.1,29.06
2015-10-10 23:00:00,4.3,23.55
2015-10-11 00:00:00,4.9,19.71
2015-10-11 01:00:00,5.1,18.94
2015-10-11 02:00:00,4.1,19.03
2015-10-11 03:00:00,3.9,19.21
2015-10-11 04:00:00,4.1,19.45
2015-10-11 05:00:00,3.3,19.01
2015-10-11 06:00:00,2.6,19.03
2015-10-11 07:00:00,3.2,19.52
2015-10-11 08:00:00,4.3,20.82
2015-10-11 09:00:00,5.8,20.62
2015-10-11 10:00:00,6.0,20.2
2015-10-11 11:00:00,5.8,19.99
2015-10-11 12:00:00,5.6,16.5
2015-10-11 13:00:00,5.7,13.19
2015-10-11 14:00:00,5.4,12.89
2015-10-11 15:00:00,5.3,13.1
2015-10-11 16:00:00,4.9,16.57
2015-10-11 17:00:00,3.1,23.35
2015-10-11 18:00:00,3.1,35.23
2015-10-11 19:00:00,3.0,42.97
2015-10-11 20:00:00,2.8,32.28
2015-10-11 21:00:00,2.7,29.13
2015-10-11 22:00:00,2.8,31.2
2015-10-11 23:00:00,2.5,23.78
2015-10-12 00:00:00,2.8,23.09
2015-10-12 01:00:00,2.7,19.6
2015-10-12 02:00:00,2.6,19.78
2015-10-12 03:00:00,2.7,19.47
2015-10-12 04:00:00,2.2,19.64
2015-10-12 05:00:00,1.7,26.14
2015-10-12 06:00:00,2.0,40.73
2015-10-12 07:00:00,2.3,49.15
2015-10-12 08:00:00,3.6,49.88
2015-10-12 09:00:00,4.3,42.0
2015-10-12 10:00:00,3.5,32.23
2015-10-12 11:00:00,4.2,28.06
2015-10-12 12:00:00,3.9,26.4
2015-10-12 13:00:00,4.2,26.35
2015-10-12 14:00:00,4.4,27.33
2015-10-12 15:00:00,4.6,29.08
2015-10-12 16:00:00,4.7,32.65
2015-10-12 17:00:00,5.1,47.01
2015-10-12 18:00:00,5.2,53.33
2015-10-12 19:00:00,4.7,66.87
2015-10-12 20:00:00,4.4,51.61
2015-10-12 21:00:00,4.2,41.51
2015-10-12 22:00:00,3.6,32.72
2015-10-12 23:00:00,2.6,31.42
2015-10-13 00:00:00,2.8,30.39
2015-10-13 01:00:00,2.8,30.0
2015-10-13 02:00:00,2.4,29.76
2015-10-13 03:00:00,2.2,28.87
2015-10-13 04:00:00,2.4,29.05
2015-10-13 05:00:00,2.0,31.7
2015-10-13 06:00:00,2.0,43.98
2015-10-13 07:00:00,2.2,52.62
2015-10-13 08:00:00,2.2,56.6
2015-10-13 09:00:00,2.2,53.94
2015-10-13 10:00:00,2.3,46.7
2015-10-13 11:00:00,1.7,43.97
2015-10-13 12:00:00,2.1,40.82
2015-10-13 13:00:00,2.2,41.45
2015-10-13 14:00:00,2.0,41.91
2015-10-13 15:00:00,1.9,42.54
2015-10-13 16:00:00,1.6,43.85
2015-10-13 17:00:00,1.6,48.17
2015-10-13 18:00:00,2.3,53.91
2015-10-13 19:00:00,2.2,61.89
2015-10-13 20:00:00,2.3,50.12
2015-10-13 21:00:00,2.4,40.09
2015-10-13 22:00:00,2.5,37.16
2015-10-13 23:00:00,2.2,32.22
2015-10-14 00:00:00,2.2,31.47
2015-10-14 01:00:00,2.2,29.15
2015-10-14 02:00:00,2.6,27.77
2015-10-14 03:00:00,2.8,27.75
2015-10-14 04:00:00,2.5,28.08
2015-10-14 05:00:00,2.9,30.47
2015-10-14 06:00:00,3.2,41.49
2015-10-14 07:00:00,2.4,55.08
2015-10-14 08:00:00,2.2,63.06
2015-10-14 09:00:00,2.1,61.21
2015-10-14 10:00:00,2.7,60.05
2015-10-14 11:00:00,2.4,61.95
2015-10-14 12:00:00,1.5,55.17
2015-10-14 13:00:00,1.5,51.95
2015-10-14 14:00:00,0.9,46.81
2015-10-14 15:00:00,1.4,45.99
2015-10-14 16:00:00,1.7,46.87
2015-10-14 17:00:00,1.4,47.95
2015-10-14 18:00:00,1.2,51.98
2015-10-14 19:00:00,0.9,57.07
2015-10-14 20:00:00,1.1,46.0
2015-10-14 21:00:00,1.3,36.95
2015-10-14 22:00:00,1.8,36.99
2015-10-14 23:00:00,1.7,31.59
2015-10-15 00:00:00,1.6,32.09
2015-10-15 01:00:00,1.4,30.66
2015-10-15 02:00:00,1.1,28.76
2015-10-15 03:00:00,3.1,28.25
2015-10-15 04:00:00,3.2,28.09
2015-10-15 05:00:00,3.6,29.31
2015-10-15 06:00:00,3.7,36.93
2015-10-15 07:00:00,3.8,51.9
2015-10-15 08:00:00,3.9,50.41
2015-10-15 09:00:00,4.2,51.16
2015-10-15 10:00:00,3.8,57.91
2015-10-15 11:00:00,3.6,57.01
2015-10-15 12:00:00,3.7,51.46
2015-10-15 13:00:00,4.2,50.0
2015-10-15 14:00:00,4.2,42.44
2015-10-15 15:00:00,3.1,36.08
2015-10-15 16:00:00,3.2,35.0
2015-10-15 17:00:00,3.5,37.44
2015-10-15 18:00:00,3.9,44.0
2015-10-15 19:00:00,2.5,47.97
2015-10-15 20:00:00,2.6,36.07
2015-10-15 21:00:00,2.2,32.0
2015-10-15 22:00:00,1.9,32.41
2015-10-15 23:00:00,1.9,29.1
2015-10-16 00:00:00,1.0,29.38
2015-10-16 01:00:00,1.4,29.03
2015-10-16 02:00:00,1.2,28.06
2015-10-16 03:00:00,1.2,29.48
2015-10-16 04:00:00,1.1,30.79
2015-10-16 05:00:00,1.1,30.73
2015-10-16 06:00:00,1.0,45.86
2015-10-16 07:00:00,1.7,61.8
2015-10-16 08:00:00,2.3,65.99
2015-10-16 09:00:00,2.8,65.99
2015-10-16 10:00:00,3.1,66.23
2015-10-16 11:00:00,2.8,61.0
2015-10-16 12:00:00,2.6,54.7
2015-10-16 13:00:00,2.7,52.37
2015-10-16 14:00:00,2.1,55.0
2015-10-16 15:00:00,2.1,53.73
2015-10-16 16:00:00,1.8,51.94
2015-10-16 17:00:00,0.7,55.17
2015-10-16 18:00:00,1.2,59.87
2015-10-16 19:00:00,1.1,50.4
2015-10-16 20:00:00,1.2,44.8
2015-10-16 21:00:00,0.9,39.82
2015-10-16 22:00:00,1.3,38.69
2015-10-16 23:00:00,1.4,35.27
2015-10-17 00:00:00,1.8,34.19
2015-10-17 01:00:00,1.6,34.07
2015-10-17 02:00:00,1.6,33.49
2015-10-17 03:00:00,1.7,33.42
2015-10-17 04:00:00,1.6,33.97
2015-10-17 05:00:00,1.7,32.34
2015-10-17 06:00:00,1.0,32.13
2015-10-17 07:00:00,0.9,35.06
2015-10-17 08:00:00,1.5,46.3
2015-10-17 09:00:00,1.3,48.13
2015-10-17 10:00:00,1.3,48.28
2015-10-17 11:00:00,1.0,46.52
2015-10-17 12:00:00,0.9,43.96
2015-10-17 13:00:00,1.1,41.62
2015-10-17 14:00:00,1.8,38.96
2015-10-17 15:00:00,1.4,38.48
2015-10-17 16:00:00,1.2,39.18
2015-10-17 17:00:00,1.6,42.6
2015-10-17 18:00:00,1.0,48.8
2015-10-17 19:00:00,1.0,55.99
2015-10-17 20:00:00,0.9,47.21
2015-10-17 21:00:00,0.9,41.81
2015-10-17 22:00:00,0.9,42.43
2015-10-17 23:00:00,0.9,32.18
2015-10-18 00:00:00,1.1,32.18
2015-10-18 01:00:00,0.8,32.02
2015-10-18 02:00:00,1.2,31.04
2015-10-18 03:00:00,1.1,32.03
2015-10-18 04:00:00,0.9,30.91
2015-10-18 05:00:00,0.9,31.03
2015-10-18 06:00:00,0.9,29.03
2015-10-18 07:00:00,0.8,31.96
2015-10-18 08:00:00,0.5,32.98
2015-10-18 09:00:00,0.7,35.06
2015-10-18 10:00:00,1.1,39.98
2015-10-18 11:00:00,1.3,41.94
2015-10-18 12:00:00,2.3,38.32
2015-10-18 13:00:00,1.1,38.38
2015-10-18 14:00:00,1.1,36.2
2015-10-18 15:00:00,1.2,33.56
2015-10-18 16:00:00,1.2,35.01
2015-10-18 17:00:00,0.7,39.18
2015-10-18 18:00:00,0.7,47.44
2015-10-18 19:00:00,0.8,56.05
2015-10-18 20:00:00,0.8,51.71
2015-10-18 21:00:00,0.7,45.66
2015-10-18 22:00:00,0.7,42.81
2015-10-18 23:00:00,0.8,35.0
2015-10-19 00:00:00,0.5,36.72
2015-10-19 01:00:00,0.6,34.43
2015-10-19 02:00:00,0.9,34.15
2015-10-19 03:00:00,0.8,32.59
2015-10-19 04:00:00,0.8,32.34
2015-10-19 05:00:00,0.8,35.15
2015-10-19 06:00:00,0.7,47.74
2015-10-19 07:00:00,1.3,60.01
2015-10-19 08:00:00,1.7,66.32
2015-10-19 09:00:00,2.3,69.68
2015-10-19 10:00:00,1.5,61.67
2015-10-19 11:00:00,1.9,59.9
2015-10-19 12:00:00,2.5,60.0
2015-10-19 13:00:00,2.6,59.59
2015-10-19 14:00:00,3.2,57.19
2015-10-19 15:00:00,3.3,55.63
2015-10-19 16:00:00,2.4,54.32
2015-10-19 17:00:00,0.6,55.8
2015-10-19 18:00:00,0.6,60.17
2015-10-19 19:00:00,0.4,69.47
2015-10-19 20:00:00,0.6,57.84
2015-10-19 21:00:00,0.6,43.5
2015-10-19 22:00:00,0.7,38.22
2015-10-19 23:00:00,0.4,34.86
2015-10-20 00:00:00,0.4,33.02
2015-10-20 01:00:00,0.9,31.77
2015-10-20 02:00:00,0.9,30.5
2015-10-20 03:00:00,0.4,29.86
2015-10-20 04:00:00,0.3,31.93
2015-10-20 05:00:00,0.8,33.91
2015-10-20 06:00:00,1.2,43.4
2015-10-20 07:00:00,1.2,58.64
2015-10-20 08:00:00,2.1,65.56
2015-10-20 09:00:00,2.3,64.74
2015-10-20 10:00:00,2.6,62.01
2015-10-20 11:00:00,3.0,60.26
2015-10-20 12:00:00,3.2,55.99
2015-10-20 13:00:00,3.3,54.0
2015-10-20 14:00:00,2.5,54.6
2015-10-20 15:00:00,2.2,53.19
2015-10-20 16:00:00,1.9,52.73
2015-10-20 17:00:00,2.3,54.26
2015-10-20 18:00:00,2.0,60.42
2015-10-20 19:00:00,1.3,66.98
2015-10-20 20:00:00,1.9,51.05
2015-10-20 21:00:00,1.8,40.5
2015-10-20 22:00:00,2.3,38.43
2015-10-20 23:00:00,2.6,33.92
2015-10-21 00:00:00,3.4,32.34
2015-10-21 01:00:00,2.6,31.1
2015-10-21 02:00:00,2.9,29.48
2015-10-21 03:00:00,3.0,29.14
2015-10-21 04:00:00,3.1,31.27
2015-10-21 05:00:00,3.2,32.41
2015-10-21 06:00:00,3.0,36.93
2015-10-21 07:00:00,3.7,54.24
2015-10-21 08:00:00,3.8,61.96
2015-10-21 09:00:00,4.0,57.69
2015-10-21 10:00:00,4.0,53.61
2015-10-21 11:00:00,3.9,52.76
2015-10-21 12:00:00,4.1,46.37
2015-10-21 13:00:00,3.6,44.03
2015-10-21 14:00:00,3.8,43.31
2015-10-21 15:00:00,3.4,42.09
2015-10-21 16:00:00,2.7,39.34
2015-10-21 17:00:00,2.3,46.18
2015-10-21 18:00:00,1.9,47.93
2015-10-21 19:00:00,1.6,47.31
2015-10-21 20:00:00,1.6,38.25
2015-10-21 21:00:00,1.2,36.02
2015-10-21 22:00:00,1.2,36.08
2015-10-21 23:00:00,1.4,30.85
2015-10-22 00:00:00,1.4,27.38
2015-10-22 01:00:00,1.2,26.49
2015-10-22 02:00:00,1.6,26.3
2015-10-22 03:00:00,1.4,27.13
2015-10-22 04:00:00,1.6,27.92
2015-10-22 05:00:00,1.7,29.03
2015-10-22 06:00:00,1.7,35.92
2015-10-22 07:00:00,1.6,46.95
2015-10-22 08:00:00,2.6,46.59
2015-10-22 09:00:00,2.9,46.95
2015-10-22 10:00:00,2.9,45.83
2015-10-22 11:00:00,3.7,46.94
2015-10-22 12:00:00,3.8,45.87
2015-10-22 13:00:00,4.5,46.2
2015-10-22 14:00:00,4.2,45.0
2015-10-22 15:00:00,4.2,41.72
2015-10-22 16:00:00,3.8,36.09
2015-10-22 17:00:00,3.1,38.93
2015-10-22 18:00:00,3.5,41.98
2015-10-22 19:00:00,4.6,41.71
2015-10-22 20:00:00,4.6,36.03
2015-10-22 21:00:00,4.7,32.19
2015-10-22 22:00:00,4.8,29.81
2015-10-22 23:00:00,4.8,23.98
2015-10-23 00:00:00,5.0,27.28
2015-10-23 01:00:00,4.4,24.94
2015-10-23 02:00:00,4.4,23.76
2015-10-23 03:00:00,4.1,23.97
2015-10-23 04:00:00,4.7,27.15
2015-10-23 05:00:00,4.6,28.91
2015-10-23 06:00:00,4.8,36.2
2015-10-23 07:00:00,4.6,47.95
2015-10-23 08:00:00,5.3,46.95
2015-10-23 09:00:00,5.3,48.0
2015-10-23 10:00:00,5.6,46.98
2015-10-23 11:00:00,6.4,44.72
2015-10-23 12:00:00,6.6,35.04
2015-10-23 13:00:00,5.5,32.37
2015-10-23 14:00:00,4.7,31.68
2015-10-23 15:00:00,4.9,34.29
2015-10-23 16:00:00,4.3,41.91
2015-10-23 17:00:00,2.4,45.12
2015-10-23 18:00:00,1.8,54.01
2015-10-23 19:00:00,1.7,55.17
2015-10-23 20:00:00,1.1,43.17
2015-10-23 21:00:00,0.6,39.94
2015-10-23 22:00:00,0.7,35.16
2015-10-23 23:00:00,1.0,32.15
2015-10-24 00:00:00,1.0,32.08
2015-10-24 01:00:00,0.9,32.3
2015-10-24 02:00:00,0.9,30.07
2015-10-24 03:00:00,0.7,31.48
2015-10-24 04:00:00,1.0,30.1
2015-10-24 05:00:00,1.1,30.05
2015-10-24 06:00:00,1.1,33.46
2015-10-24 07:00:00,1.4,37.2
2015-10-24 08:00:00,1.3,40.02
2015-10-24 09:00:00,2.1,40.03
2015-10-24 10:00:00,3.2,35.95
2015-10-24 11:00:00,2.9,30.5
2015-10-24 12:00:00,2.8,27.89
2015-10-24 13:00:00,3.1,27.94
2015-10-24 14:00:00,3.2,25.48
2015-10-24 15:00:00,2.9,27.7
2015-10-24 16:00:00,2.2,31.08
2015-10-24 17:00:00,2.3,37.22
2015-10-24 18:00:00,2.4,44.92
2015-10-24 19:00:00,1.6,44.98
2015-10-24 20:00:00,2.4,34.73
2015-10-24 21:00:00,3.1,30.0
2015-10-24 22:00:00,3.3,28.09
2015-10-24 23:00:00,3.4,24.09
2015-10-25 00:00:00,2.3,28.76
2015-10-25 01:00:00,3.1,27.08
2015-10-25 02:00:00,3.6,25.07
2015-10-25 02:00:00,3.6,25.02
2015-10-25 03:00:00,3.6,25.84
2015-10-25 04:00:00,2.8,23.86
2015-10-25 05:00:00,2.6,25.05
2015-10-25 06:00:00,2.5,25.46
2015-10-25 07:00:00,2.7,30.9
2015-10-25 08:00:00,2.6,32.09
2015-10-25 09:00:00,3.6,32.05
2015-10-25 10:00:00,3.0,31.97
2015-10-25 11:00:00,4.3,32.04
2015-10-25 12:00:00,4.2,29.04
2015-10-25 13:00:00,3.8,25.49
2015-10-25 14:00:00,4.4,30.05
2015-10-25 15:00:00,3.6,32.07
2015-10-25 16:00:00,3.3,36.2
2015-10-25 17:00:00,3.2,47.91
2015-10-25 18:00:00,1.5,53.93
2015-10-25 19:00:00,1.2,52.14
2015-10-25 20:00:00,1.1,44.92
2015-10-25 21:00:00,0.6,41.02
2015-10-25 22:00:00,1.0,43.05
2015-10-25 23:00:00,0.8,32.08
2015-10-26 00:00:00,0.8,32.29
2015-10-26 01:00:00,0.3,32.23
2015-10-26 02:00:00,0.7,32.07
2015-10-26 03:00:00,0.9,31.09
2015-10-26 04:00:00,0.9,31.73
2015-10-26 05:00:00,0.7,35.1
2015-10-26 06:00:00,0.8,43.89
2015-10-26 07:00:00,1.3,53.1
2015-10-26 08:00:00,1.3,52.18
2015-10-26 09:00:00,2.0,49.11
2015-10-26 10:00:00,2.5,41.03
2015-10-26 11:00:00,2.7,40.03
2015-10-26 12:00:00,3.2,36.12
2015-10-26 13:00:00,3.9,32.88
2015-10-26 14:00:00,3.4,36.98
2015-10-26 15:00:00,3.0,44.97
2015-10-26 16:00:00,1.5,48.59
2015-10-26 17:00:00,2.2,53.74
2015-10-26 18:00:00,2.3,55.0
2015-10-26 19:00:00,2.7,42.52
2015-10-26 20:00:00,3.2,34.63
2015-10-26 21:00:00,3.0,30.65
2015-10-26 22:00:00,3.1,29.51
2015-10-26 23:00:00,2.6,29.08
2015-10-27 00:00:00,3.0,28.56
2015-10-27 01:00:00,2.2,29.09
2015-10-27 02:00:00,3.2,28.2
2015-10-27 03:00:00,3.2,28.5
2015-10-27 04:00:00,2.5,29.03
2015-10-27 05:00:00,2.3,30.9
2015-10-27 06:00:00,2.3,38.44
2015-10-27 07:00:00,2.8,46.67
2015-10-27 08:00:00,2.7,50.88
2015-10-27 09:00:00,2.9,49.54
2015-10-27 10:00:00,2.4,48.65
2015-10-27 11:00:00,2.8,47.68
2015-10-27 12:00:00,3.2,39.91
2015-10-27 13:00:00,3.4,40.05
2015-10-27 14:00:00,4.1,39.9
2015-10-27 15:00:00,4.0,47.91
2015-10-27 16:00:00,3.1,49.18
2015-10-27 17:00:00,1.9,54.1
2015-10-27 18:00:00,2.0,54.07
2015-10-27 19:00:00,1.8,47.93
2015-10-27 20:00:00,1.9,40.04
2015-10-27 21:00:00,2.1,36.51
2015-10-27 22:00:00,2.3,32.07
2015-10-27 23:00:00,2.9,31.04
2015-10-28 00:00:00,3.1,32.92
2015-10-28 01:00:00,2.8,31.21
2015-10-28 02:00:00,2.9,30.32
2015-10-28 03:00:00,3.0,29.08
2015-10-28 04:00:00,3.1,30.71
2015-10-28 05:00:00,2.5,30.85
2015-10-28 06:00:00,2.4,35.71
2015-10-28 07:00:00,2.3,47.19
2015-10-28 08:00:00,1.7,46.91
2015-10-28 09:00:00,2.3,46.99
2015-10-28 10:00:00,3.5,39.93
2015-10-28 11:00:00,4.3,36.4
2015-10-28 12:00:00,3.6,36.14
2015-10-28 13:00:00,3.9,37.42
2015-10-28 14:00:00,4.2,46.29
2015-10-28 15:00:00,4.1,49.98
2015-10-28 16:00:00,2.6,51.99
2015-10-28 17:00:00,1.9,60.63
2015-10-28 18:00:00,1.7,69.74
2015-10-28 19:00:00,1.6,54.58
2015-10-28 20:00:00,2.2,49.61
2015-10-28 21:00:00,2.2,45.0
2015-10-28 22:00:00,1.8,38.64
2015-10-28 23:00:00,2.2,34.47
2015-10-29 00:00:00,1.8,35.44
2015-10-29 01:00:00,1.4,33.1
2015-10-29 02:00:00,1.4,32.08
2015-10-29 03:00:00,0.8,32.66
2015-10-29 04:00:00,0.9,34.05
2015-10-29 05:00:00,0.4,34.8
2015-10-29 06:00:00,0.4,45.02
2015-10-29 07:00:00,0.6,53.42
2015-10-29 08:00:00,0.4,56.03
2015-10-29 09:00:00,1.1,56.88
2015-10-29 10:00:00,1.4,56.19
2015-10-29 11:00:00,2.9,55.51
2015-10-29 12:00:00,3.4,53.91
2015-10-29 13:00:00,4.2,54.24
2015-10-29 14:00:00,4.3,55.17
2015-10-29 15:00:00,4.0,55.29
2015-10-29 16:00:00,3.1,54.85
2015-10-29 17:00:00,1.6,64.51
2015-10-29 18:00:00,1.5,78.88
2015-10-29 19:00:00,1.2,64.96
2015-10-29 20:00:00,1.3,52.94
2015-10-29 21:00:00,1.5,47.16
2015-10-29 22:00:00,3.5,44.32
2015-10-29 23:00:00,1.5,39.99
2015-10-30 00:00:00,1.6,36.25
2015-10-30 01:00:00,1.5,35.09
2015-10-30 02:00:00,1.1,34.32
2015-10-30 03:00:00,1.1,34.02
2015-10-30 04:00:00,1.4,34.02
2015-10-30 05:00:00,1.6,36.78
2015-10-30 06:00:00,0.8,43.0
2015-10-30 07:00:00,1.2,52.05
2015-10-30 08:00:00,1.4,55.0
2015-10-30 09:00:00,1.1,54.0
2015-10-30 10:00:00,0.9,52.0
2015-10-30 11:00:00,1.0,49.36
2015-10-30 12:00:00,0.9,45.65
2015-10-30 13:00:00,1.4,44.95
2015-10-30 14:00:00,1.4,44.76
2015-10-30 15:00:00,1.3,46.2
2015-10-30 16:00:00,1.2,47.51
2015-10-30 17:00:00,0.9,52.0
2015-10-30 18:00:00,1.2,50.05
2015-10-30 19:00:00,1.2,46.94
2015-10-30 20:00:00,1.1,38.28
2015-10-30 21:00:00,1.3,34.96
2015-10-30 22:00:00,1.6,35.04
2015-10-30 23:00:00,1.6,34.47
2015-10-31 00:00:00,1.9,33.23
2015-10-31 01:00:00,2.2,31.93
2015-10-31 02:00:00,1.9,28.49
2015-10-31 03:00:00,2.9,28.28
2015-10-31 04:00:00,2.2,27.95
2015-10-31 05:00:00,1.8,29.19
2015-10-31 06:00:00,2.9,30.69
2015-10-31 07:00:00,3.2,32.94
2015-10-31 08:00:00,3.2,37.6
2015-10-31 09:00:00,3.0,39.14
2015-10-31 10:00:00,3.2,37.98
2015-10-31 11:00:00,3.2,37.06
2015-10-31 12:00:00,3.4,33.85
2015-10-31 13:00:00,3.3,32.01
2015-10-31 14:00:00,3.4,33.21
2015-10-31 15:00:00,3.4,36.96
2015-10-31 16:00:00,2.9,39.9
2015-10-31 17:00:00,3.3,45.39
2015-10-31 18:00:00,3.3,50.03
2015-10-31 19:00:00,2.5,47.56
2015-10-31 20:00:00,3.4,38.94
2015-10-31 21:00:00,3.5,36.54
2015-10-31 22:00:00,2.9,36.08
2015-10-31 23:00:00,2.1,32.52
2015-11-01 00:00:00,1.8,25.71
2015-11-01 01:00:00,1.7,24.46
2015-11-01 02:00:00,1.7,27.3
2015-11-01 03:00:00,1.6,24.48
2015-11-01 04:00:00,1.0,24.42
2015-11-01 05:00:00,0.5,24.85
2015-11-01 06:00:00,0.5,24.86
2015-11-01 07:00:00,0.4,24.83
2015-11-01 08:00:00,1.1,26.26
2015-11-01 09:00:00,2.5,27.3
2015-11-01 10:00:00,3.7,26.93
2015-11-01 11:00:00,3.8,27.69
2015-11-01 12:00:00,4.7,25.81
2015-11-01 13:00:00,4.4,26.94
2015-11-01 14:00:00,3.7,27.26
2015-11-01 15:00:00,4.0,28.56
2015-11-01 16:00:00,2.3,34.05
2015-11-01 17:00:00,1.4,47.98
2015-11-01 18:00:00,1.4,51.54
2015-11-01 19:00:00,1.6,50.34
2015-11-01 20:00:00,2.7,46.48
2015-11-01 21:00:00,2.7,40.0
2015-11-01 22:00:00,2.2,36.9
2015-11-01 23:00:00,3.2,32.79
2015-11-02 00:00:00,2.2,28.3
2015-11-02 01:00:00,1.3,24.67
2015-11-02 02:00:00,1.0,24.84
2015-11-02 03:00:00,1.6,22.24
2015-11-02 04:00:00,1.2,23.8
2015-11-02 05:00:00,2.1,27.84
2015-11-02 06:00:00,1.9,39.11
2015-11-02 07:00:00,1.7,49.05
2015-11-02 08:00:00,1.2,47.92
2015-11-02 09:00:00,1.3,46.47
2015-11-02 10:00:00,1.9,37.75
2015-11-02 11:00:00,1.9,38.16
2015-11-02 12:00:00,1.9,35.56
2015-11-02 13:00:00,2.1,36.09
2015-11-02 14:00:00,2.0,37.97
2015-11-02 15:00:00,1.7,48.05
2015-11-02 16:00:00,0.7,50.07
2015-11-02 17:00:00,0.9,57.69
2015-11-02 18:00:00,1.2,67.74
2015-11-02 19:00:00,1.1,59.41
2015-11-02 20:00:00,1.0,46.96
2015-11-02 21:00:00,1.2,38.56
2015-11-02 22:00:00,2.0,37.75
2015-11-02 23:00:00,1.8,33.03
2015-11-03 00:00:00,1.6,34.03
2015-11-03 01:00:00,2.0,32.25
2015-11-03 02:00:00,1.9,31.32
2015-11-03 03:00:00,1.9,29.84
2015-11-03 04:00:00,1.8,30.92
2015-11-03 05:00:00,2.0,32.25
2015-11-03 06:00:00,2.4,39.97
2015-11-03 07:00:00,1.5,49.63
2015-11-03 08:00:00,1.1,49.96
2015-11-03 09:00:00,0.7,46.06
2015-11-03 10:00:00,1.9,39.73
2015-11-03 11:00:00,3.0,36.1
2015-11-03 12:00:00,2.9,33.08
2015-11-03 13:00:00,2.4,34.94
2015-11-03 14:00:00,2.2,37.11
2015-11-03 15:00:00,1.7,49.4
2015-11-03 16:00:00,1.4,51.13
2015-11-03 17:00:00,2.1,61.99
2015-11-03 18:00:00,2.2,67.19
2015-11-03 19:00:00,1.7,60.01
2015-11-03 20:00:00,1.0,46.08
2015-11-03 21:00:00,0.6,36.72
2015-11-03 22:00:00,0.7,35.9
2015-11-03 23:00:00,0.6,33.87
2015-11-04 00:00:00,0.5,33.23
2015-11-04 01:00:00,0.6,32.22
2015-11-04 02:00:00,0.5,31.02
2015-11-04 03:00:00,0.5,29.59
2015-11-04 04:00:00,0.6,29.83
2015-11-04 05:00:00,0.4,32.24
2015-11-04 06:00:00,0.8,44.62
2015-11-04 07:00:00,1.0,48.81
2015-11-04 08:00:00,1.0,49.76
2015-11-04 09:00:00,0.9,43.06
2015-11-04 10:00:00,1.0,39.14
2015-11-04 11:00:00,2.1,38.95
2015-11-04 12:00:00,1.0,36.03
2015-11-04 13:00:00,2.3,41.53
2015-11-04 14:00:00,1.1,47.57
2015-11-04 15:00:00,0.7,52.33
2015-11-04 16:00:00,0.7,55.1
2015-11-04 17:00:00,0.5,63.02
2015-11-04 18:00:00,0.9,64.1
2015-11-04 19:00:00,1.2,54.56
2015-11-04 20:00:00,0.5,43.01
2015-11-04 21:00:00,0.4,37.44
2015-11-04 22:00:00,1.0,36.07
2015-11-04 23:00:00,0.6,32.21
2015-11-05 00:00:00,0.8,32.01
2015-11-05 01:00:00,0.7,31.65
2015-11-05 02:00:00,1.6,31.47
2015-11-05 03:00:00,0.9,31.92
2015-11-05 04:00:00,1.2,31.91
2015-11-05 05:00:00,1.7,33.46
2015-11-05 06:00:00,1.7,42.0
2015-11-05 07:00:00,1.2,52.55
2015-11-05 08:00:00,1.7,54.69
2015-11-05 09:00:00,1.8,46.06
2015-11-05 10:00:00,3.2,44.07
2015-11-05 11:00:00,3.3,41.98
2015-11-05 12:00:00,1.7,37.06
2015-11-05 13:00:00,2.3,40.3
2015-11-05 14:00:00,2.0,45.96
2015-11-05 15:00:00,1.4,52.01
2015-11-05 16:00:00,0.8,53.93
2015-11-05 17:00:00,0.3,70.38
2015-11-05 18:00:00,0.8,69.01
2015-11-05 19:00:00,0.9,58.05
2015-11-05 20:00:00,1.1,46.44
2015-11-05 21:00:00,0.7,37.45
2015-11-05 22:00:00,0.9,37.19
2015-11-05 23:00:00,1.2,33.68
2015-11-06 00:00:00,1.3,29.12
2015-11-06 01:00:00,1.0,28.21
2015-11-06 02:00:00,1.2,26.99
2015-11-06 03:00:00,1.3,27.11
2015-11-06 04:00:00,1.1,26.76
2015-11-06 05:00:00,1.1,29.98
2015-11-06 06:00:00,1.0,36.66
2015-11-06 07:00:00,0.8,44.77
2015-11-06 08:00:00,1.0,45.04
2015-11-06 09:00:00,1.3,43.88
2015-11-06 10:00:00,1.9,44.76
2015-11-06 11:00:00,2.1,44.49
2015-11-06 12:00:00,2.3,41.66
2015-11-06 13:00:00,2.3,38.45
2015-11-06 14:00:00,1.8,37.08
2015-11-06 15:00:00,2.0,37.67
2015-11-06 16:00:00,1.7,40.01
2015-11-06 17:00:00,1.8,45.28
2015-11-06 18:00:00,2.1,47.42
2015-11-06 19:00:00,1.8,42.87
2015-11-06 20:00:00,2.2,34.38
2015-11-06 21:00:00,2.4,31.61
2015-11-06 22:00:00,3.1,31.38
2015-11-06 23:00:00,2.6,24.44
2015-11-07 00:00:00,2.9,27.75
2015-11-07 01:00:00,2.1,24.41
2015-11-07 02:00:00,2.0,22.25
2015-11-07 03:00:00,2.8,20.43
2015-11-07 04:00:00,3.7,21.29
2015-11-07 05:00:00,3.7,24.32
2015-11-07 06:00:00,3.5,24.57
2015-11-07 07:00:00,4.1,28.53
2015-11-07 08:00:00,4.7,32.03
2015-11-07 09:00:00,5.3,35.97
2015-11-07 10:00:00,5.2,36.81
2015-11-07 11:00:00,5.2,38.05
2015-11-07 12:00:00,4.5,37.83
2015-11-07 13:00:00,4.4,35.72
2015-11-07 14:00:00,3.7,33.2
2015-11-07 15:00:00,3.2,31.63
2015-11-07 16:00:00,1.9,32.05
2015-11-07 17:00:00,1.3,41.07
2015-11-07 18:00:00,1.6,41.81
2015-11-07 19:00:00,2.6,32.99
2015-11-07 20:00:00,2.0,28.43
2015-11-07 21:00:00,2.5,22.09
2015-11-07 22:00:00,3.1,21.65
2015-11-07 23:00:00,4.4,11.93
2015-11-08 00:00:00,5.1,-13.38
2015-11-08 01:00:00,4.9,-13.42
2015-11-08 02:00:00,5.8,-16.06
2015-11-08 03:00:00,7.2,-10.07
2015-11-08 04:00:00,7.2,1.93
2015-11-08 05:00:00,7.0,12.94
2015-11-08 06:00:00,7.6,13.11
2015-11-08 07:00:00,8.1,17.31
2015-11-08 08:00:00,8.6,22.93
2015-11-08 09:00:00,7.6,23.87
2015-11-08 10:00:00,7.6,25.21
2015-11-08 11:00:00,7.6,28.65
2015-11-08 12:00:00,6.4,26.93
2015-11-08 13:00:00,5.8,25.76
2015-11-08 14:00:00,5.5,29.02
2015-11-08 15:00:00,3.6,31.06
2015-11-08 16:00:00,1.3,32.45
2015-11-08 17:00:00,1.1,45.96
2015-11-08 18:00:00,1.0,48.4
2015-11-08 19:00:00,1.3,44.94
2015-11-08 20:00:00,1.2,35.84
2015-11-08 21:00:00,1.9,29.93
2015-11-08 22:00:00,2.0,29.24
2015-11-08 23:00:00,3.2,22.78
2015-11-09 00:00:00,2.6,17.94
2015-11-09 01:00:00,2.7,17.09
2015-11-09 02:00:00,2.7,14.5
2015-11-09 03:00:00,2.9,12.81
2015-11-09 04:00:00,2.1,13.33
2015-11-09 05:00:00,5.0,19.31
2015-11-09 06:00:00,5.9,37.01
2015-11-09 07:00:00,5.4,46.95
2015-11-09 08:00:00,4.7,46.55
2015-11-09 09:00:00,6.1,37.22
2015-11-09 10:00:00,6.7,35.93
2015-11-09 11:00:00,7.4,32.93
2015-11-09 12:00:00,6.7,31.0
2015-11-09 13:00:00,6.0,31.05
2015-11-09 14:00:00,6.7,30.7
2015-11-09 15:00:00,4.4,31.08
2015-11-09 16:00:00,3.2,31.08
2015-11-09 17:00:00,4.1,42.43
2015-11-09 18:00:00,6.1,41.6
2015-11-09 19:00:00,6.5,31.97
2015-11-09 20:00:00,6.9,30.23
2015-11-09 21:00:00,7.0,25.19
2015-11-09 22:00:00,6.6,20.94
2015-11-09 23:00:00,6.2,9.5
2015-11-10 00:00:00,6.1,11.6
2015-11-10 01:00:00,6.3,10.66
2015-11-10 02:00:00,7.4,4.49
2015-11-10 03:00:00,8.6,10.08
2015-11-10 04:00:00,7.8,12.83
2015-11-10 05:00:00,8.7,15.11
2015-11-10 06:00:00,9.0,28.32
2015-11-10 07:00:00,8.6,36.8
2015-11-10 08:00:00,8.1,35.63
2015-11-10 09:00:00,9.0,28.25
2015-11-10 10:00:00,8.5,25.63
2015-11-10 11:00:00,7.6,27.95
2015-11-10 12:00:00,8.1,26.68
2015-11-10 13:00:00,8.4,29.09
2015-11-10 14:00:00,7.8,32.55
2015-11-10 15:00:00,7.9,36.4
2015-11-10 16:00:00,7.3,39.25
2015-11-10 17:00:00,7.6,51.93
2015-11-10 18:00:00,7.6,54.94
2015-11-10 19:00:00,6.4,44.97
2015-11-10 20:00:00,6.3,38.95
2015-11-10 21:00:00,5.9,32.8
2015-11-10 22:00:00,7.1,32.98
2015-11-10 23:00:00,7.0,24.35
2015-11-11 00:00:00,5.9,26.46
2015-11-11 01:00:00,6.4,24.04
2015-11-11 02:00:00,6.8,22.92
2015-11-11 03:00:00,6.5,22.42
2015-11-11 04:00:00,5.5,21.46
2015-11-11 05:00:00,6.1,25.41
2015-11-11 06:00:00,5.5,33.28
2015-11-11 07:00:00,5.7,38.95
2015-11-11 08:00:00,4.3,38.71
2015-11-11 09:00:00,5.2,38.98
2015-11-11 10:00:00,5.4,38.23
2015-11-11 11:00:00,5.6,39.94
2015-11-11 12:00:00,5.6,37.98
2015-11-11 13:00:00,5.3,35.34
2015-11-11 14:00:00,5.0,34.78
2015-11-11 15:00:00,4.0,35.71
2015-11-11 16:00:00,2.7,38.48
2015-11-11 17:00:00,2.2,48.88
2015-11-11 18:00:00,2.6,52.57
2015-11-11 19:00:00,2.2,48.84
2015-11-11 20:00:00,2.4,41.25
2015-11-11 21:00:00,3.1,34.49
2015-11-11 22:00:00,2.3,34.75
2015-11-11 23:00:00,2.9,28.03
2015-11-12 00:00:00,4.5,25.13
2015-11-12 01:00:00,4.6,24.74
2015-11-12 02:00:00,3.9,21.06
2015-11-12 03:00:00,4.2,21.02
2015-11-12 04:00:00,5.6,24.02
2015-11-12 05:00:00,4.9,27.93
2015-11-12 06:00:00,5.4,31.02
2015-11-12 07:00:00,6.1,37.02
2015-11-12 08:00:00,5.9,38.4
2015-11-12 09:00:00,5.5,35.79
2015-11-12 10:00:00,5.3,32.01
2015-11-12 11:00:00,6.3,31.44
2015-11-12 12:00:00,6.2,29.98
2015-11-12 13:00:00,5.2,32.07
2015-11-12 14:00:00,4.4,37.0
2015-11-12 15:00:00,4.3,43.97
2015-11-12 16:00:00,4.0,46.74
2015-11-12 17:00:00,3.0,63.83
2015-11-12 18:00:00,3.3,69.49
2015-11-12 19:00:00,1.9,55.97
2015-11-12 20:00:00,1.2,44.08
2015-11-12 21:00:00,0.9,36.57
2015-11-12 22:00:00,1.3,35.89
2015-11-12 23:00:00,1.4,29.54
2015-11-13 00:00:00,1.3,30.04
2015-11-13 01:00:00,1.8,29.28
2015-11-13 02:00:00,2.1,28.47
2015-11-13 03:00:00,1.6,26.66
2015-11-13 04:00:00,1.9,25.35
2015-11-13 05:00:00,2.9,29.13
2015-11-13 06:00:00,2.3,35.78
2015-11-13 07:00:00,2.7,44.67
2015-11-13 08:00:00,3.2,46.99
2015-11-13 09:00:00,3.6,42.15
2015-11-13 10:00:00,4.0,37.97
2015-11-13 11:00:00,5.6,36.0
2015-11-13 12:00:00,4.6,31.6
2015-11-13 13:00:00,5.6,32.0
2015-11-13 14:00:00,5.4,30.97
2015-11-13 15:00:00,5.1,32.07
2015-11-13 16:00:00,5.4,33.96
2015-11-13 17:00:00,5.6,40.5
2015-11-13 18:00:00,5.0,33.03
2015-11-13 19:00:00,5.4,30.02
2015-11-13 20:00:00,5.3,28.43
2015-11-13 21:00:00,5.9,24.01
2015-11-13 22:00:00,6.5,24.69
2015-11-13 23:00:00,6.5,16.39
2015-11-14 00:00:00,9.0,16.41
2015-11-14 01:00:00,7.7,16.08
2015-11-14 02:00:00,6.5,11.83
2015-11-14 03:00:00,5.7,10.54
2015-11-14 04:00:00,6.2,10.58
2015-11-14 05:00:00,8.0,11.87
2015-11-14 06:00:00,6.9,10.71
2015-11-14 07:00:00,7.5,12.89
2015-11-14 08:00:00,7.6,17.04
2015-11-14 09:00:00,8.7,20.0
2015-11-14 10:00:00,10.5,17.22
2015-11-14 11:00:00,9.7,15.77
2015-11-14 12:00:00,9.2,15.82
2015-11-14 13:00:00,8.6,15.42
2015-11-14 14:00:00,8.4,19.4
2015-11-14 15:00:00,7.2,22.65
2015-11-14 16:00:00,5.8,30.1
2015-11-14 17:00:00,5.2,42.15
2015-11-14 18:00:00,5.2,44.55
2015-11-14 19:00:00,5.1,39.31
2015-11-14 20:00:00,4.7,30.07
2015-11-14 21:00:00,6.5,22.5
2015-11-14 22:00:00,6.1,21.63
2015-11-14 23:00:00,3.0,22.05
2015-11-15 00:00:00,2.3,24.95
2015-11-15 01:00:00,1.2,21.18
2015-11-15 02:00:00,2.3,20.72
2015-11-15 03:00:00,3.4,17.72
2015-11-15 04:00:00,4.7,17.1
2015-11-15 05:00:00,4.1,18.31
2015-11-15 06:00:00,3.9,16.83
2015-11-15 07:00:00,4.1,17.38
2015-11-15 08:00:00,5.9,17.87
2015-11-15 09:00:00,7.4,22.72
2015-11-15 10:00:00,8.7,23.17
2015-11-15 11:00:00,10.5,23.26
2015-11-15 12:00:00,9.6,23.33
2015-11-15 13:00:00,9.6,17.03
2015-11-15 14:00:00,9.6,15.77
2015-11-15 15:00:00,9.8,20.39
2015-11-15 16:00:00,10.4,24.05
2015-11-15 17:00:00,11.1,33.7
2015-11-15 18:00:00,10.0,43.69
2015-11-15 19:00:00,9.3,32.14
2015-11-15 20:00:00,9.1,34.95
2015-11-15 21:00:00,8.8,34.96
2015-11-15 22:00:00,7.9,24.69
2015-11-15 23:00:00,7.5,26.06
2015-11-16 00:00:00,6.6,25.27
2015-11-16 01:00:00,5.7,22.44
2015-11-16 02:00:00,5.5,21.51
2015-11-16 03:00:00,5.9,20.4
2015-11-16 04:00:00,6.0,21.74
2015-11-16 05:00:00,6.7,23.06
2015-11-16 06:00:00,6.2,32.96
2015-11-16 07:00:00,5.8,33.1
2015-11-16 08:00:00,6.3,32.68
2015-11-16 09:00:00,5.0,29.01
2015-11-16 10:00:00,4.4,27.81
2015-11-16 11:00:00,4.5,27.86
2015-11-16 12:00:00,4.6,27.87
2015-11-16 13:00:00,4.7,29.02
2015-11-16 14:00:00,3.7,31.0
2015-11-16 15:00:00,3.9,35.87
2015-11-16 16:00:00,3.9,38.94
2015-11-16 17:00:00,3.5,46.42
2015-11-16 18:00:00,3.7,43.44
2015-11-16 19:00:00,3.5,37.06
2015-11-16 20:00:00,3.5,37.73
2015-11-16 21:00:00,3.4,30.97
2015-11-16 22:00:00,3.6,30.75
2015-11-16 23:00:00,4.2,25.37
2015-11-17 00:00:00,4.7,24.64
2015-11-17 01:00:00,5.0,24.65
2015-11-17 02:00:00,4.8,21.92
2015-11-17 03:00:00,5.1,21.37
2015-11-17 04:00:00,4.9,22.5
2015-11-17 05:00:00,4.9,24.67
2015-11-17 06:00:00,4.1,30.27
2015-11-17 07:00:00,3.0,36.6
2015-11-17 08:00:00,2.8,38.75
2015-11-17 09:00:00,3.3,38.27
2015-11-17 10:00:00,4.6,38.91
2015-11-17 11:00:00,5.5,41.26
2015-11-17 12:00:00,3.8,37.94
2015-11-17 13:00:00,4.8,35.93
2015-11-17 14:00:00,5.0,36.05
2015-11-17 15:00:00,4.7,36.3
2015-11-17 16:00:00,5.5,38.5
2015-11-17 17:00:00,5.5,41.0
2015-11-17 18:00:00,5.4,39.49
2015-11-17 19:00:00,5.8,37.84
2015-11-17 20:00:00,5.4,31.0
2015-11-17 21:00:00,5.0,26.45
2015-11-17 22:00:00,5.2,23.49
2015-11-17 23:00:00,5.2,13.5
2015-11-18 00:00:00,6.4,-0.92
2015-11-18 01:00:00,7.4,-0.1
2015-11-18 02:00:00,8.2,-19.95
2015-11-18 03:00:00,6.9,-8.73
2015-11-18 04:00:00,6.2,-0.09
2015-11-18 05:00:00,10.5,10.74
2015-11-18 06:00:00,12.0,21.0
2015-11-18 07:00:00,10.6,27.04
2015-11-18 08:00:00,10.3,26.97
2015-11-18 09:00:00,12.7,25.52
2015-11-18 10:00:00,14.0,25.42
2015-11-18 11:00:00,12.2,25.54
2015-11-18 12:00:00,11.5,24.9
2015-11-18 13:00:00,8.2,24.92
2015-11-18 14:00:00,7.7,27.68
2015-11-18 15:00:00,8.2,33.92
2015-11-18 16:00:00,4.3,36.97
2015-11-18 17:00:00,2.9,50.99
2015-11-18 18:00:00,3.0,42.44
2015-11-18 19:00:00,2.7,33.93
2015-11-18 20:00:00,3.6,29.41
2015-11-18 21:00:00,5.6,24.43
2015-11-18 22:00:00,5.4,20.76
2015-11-18 23:00:00,5.3,7.73
2015-11-19 00:00:00,5.1,12.36
2015-11-19 01:00:00,6.1,11.03
2015-11-19 02:00:00,7.5,5.15
2015-11-19 03:00:00,7.4,5.76
2015-11-19 04:00:00,9.3,10.81
2015-11-19 05:00:00,10.1,15.15
2015-11-19 06:00:00,6.8,25.08
2015-11-19 07:00:00,8.2,32.27
2015-11-19 08:00:00,7.9,32.14
2015-11-19 09:00:00,8.5,25.84
2015-11-19 10:00:00,10.7,25.23
2015-11-19 11:00:00,7.6,25.24
2015-11-19 12:00:00,8.9,25.09
2015-11-19 13:00:00,11.0,25.32
2015-11-19 14:00:00,10.0,25.91
2015-11-19 15:00:00,8.8,29.93
2015-11-19 16:00:00,8.6,32.95
2015-11-19 17:00:00,8.3,38.22
2015-11-19 18:00:00,8.3,38.96
2015-11-19 19:00:00,7.4,38.95
2015-11-19 20:00:00,7.7,34.92
2015-11-19 21:00:00,6.1,32.18
2015-11-19 22:00:00,4.6,24.97
2015-11-19 23:00:00,4.8,22.83
2015-11-20 00:00:00,4.2,27.66
2015-11-20 01:00:00,3.8,25.04
2015-11-20 02:00:00,4.5,22.89
2015-11-20 03:00:00,5.1,23.25
2015-11-20 04:00:00,6.0,24.02
2015-11-20 05:00:00,5.7,26.1
2015-11-20 06:00:00,5.3,32.06
2015-11-20 07:00:00,5.4,41.97
2015-11-20 08:00:00,5.8,38.93
2015-11-20 09:00:00,5.6,43.9
2015-11-20 10:00:00,5.1,44.76
2015-11-20 11:00:00,5.2,47.11
2015-11-20 12:00:00,5.5,47.7
2015-11-20 13:00:00,6.6,46.44
2015-11-20 14:00:00,4.1,45.88
2015-11-20 15:00:00,2.5,44.51
2015-11-20 16:00:00,2.5,45.7
2015-11-20 17:00:00,2.5,50.1
2015-11-20 18:00:00,3.4,51.66
2015-11-20 19:00:00,3.8,45.4
2015-11-20 20:00:00,4.7,41.6
2015-11-20 21:00:00,4.0,35.57
2015-11-20 22:00:00,3.4,34.71
2015-11-20 23:00:00,2.8,29.09
2015-11-21 00:00:00,2.6,28.47
2015-11-21 01:00:00,3.5,24.95
2015-11-21 02:00:00,3.4,23.04
2015-11-21 03:00:00,4.3,22.38
2015-11-21 04:00:00,3.5,22.25
2015-11-21 05:00:00,4.4,22.61
2015-11-21 06:00:00,3.9,22.04
2015-11-21 07:00:00,2.3,25.69
2015-11-21 08:00:00,2.1,29.68
2015-11-21 09:00:00,5.1,31.52
2015-11-21 10:00:00,5.6,31.58
2015-11-21 11:00:00,5.3,33.24
2015-11-21 12:00:00,4.0,34.13
2015-11-21 13:00:00,3.6,32.83
2015-11-21 14:00:00,3.1,31.08
2015-11-21 15:00:00,2.4,31.48
2015-11-21 16:00:00,1.9,33.02
2015-11-21 17:00:00,3.1,42.85
2015-11-21 18:00:00,2.3,44.4
2015-11-21 19:00:00,3.8,40.11
2015-11-21 20:00:00,1.7,29.95
2015-11-21 21:00:00,1.5,26.54
2015-11-21 22:00:00,1.4,25.55
2015-11-21 23:00:00,2.0,24.35
2015-11-22 00:00:00,2.2,25.19
2015-11-22 01:00:00,1.6,23.93
2015-11-22 02:00:00,1.7,23.87
2015-11-22 03:00:00,2.5,22.7
2015-11-22 04:00:00,3.7,22.35
2015-11-22 05:00:00,3.9,22.59
2015-11-22 06:00:00,3.3,22.06
2015-11-22 07:00:00,4.1,22.87
2015-11-22 08:00:00,4.5,22.2
2015-11-22 09:00:00,5.7,24.02
2015-11-22 10:00:00,6.9,25.55
2015-11-22 11:00:00,5.5,28.21
2015-11-22 12:00:00,4.5,24.84
2015-11-22 13:00:00,5.3,24.01
2015-11-22 14:00:00,4.0,18.82
2015-11-22 15:00:00,3.1,22.88
2015-11-22 16:00:00,3.4,25.56
2015-11-22 17:00:00,3.3,34.42
2015-11-22 18:00:00,1.7,38.48
2015-11-22 19:00:00,2.9,32.47
2015-11-22 20:00:00,1.6,31.07
2015-11-22 21:00:00,2.1,28.26
2015-11-22 22:00:00,2.5,33.0
2015-11-22 23:00:00,2.0,25.02
2015-11-23 00:00:00,2.2,23.65
2015-11-23 01:00:00,1.3,24.52
2015-11-23 02:00:00,2.0,28.01
2015-11-23 03:00:00,1.3,25.02
2015-11-23 04:00:00,2.3,25.73
2015-11-23 05:00:00,1.6,27.85
2015-11-23 06:00:00,1.4,40.72
2015-11-23 07:00:00,1.7,66.14
2015-11-23 08:00:00,1.5,71.92
2015-11-23 09:00:00,2.3,68.19
2015-11-23 10:00:00,3.2,59.91
2015-11-23 11:00:00,4.3,55.01
2015-11-23 12:00:00,5.3,50.95
2015-11-23 13:00:00,5.1,55.07
2015-11-23 14:00:00,4.7,60.04
2015-11-23 15:00:00,4.3,62.9
2015-11-23 16:00:00,3.1,70.82
2015-11-23 17:00:00,4.4,99.77
2015-11-23 18:00:00,5.6,74.93
2015-11-23 19:00:00,4.5,51.91
2015-11-23 20:00:00,4.2,43.5
2015-11-23 21:00:00,3.6,36.39
2015-11-23 22:00:00,2.6,34.15
2015-11-23 23:00:00,2.0,29.13
2015-11-24 00:00:00,1.8,34.31
2015-11-24 01:00:00,1.3,30.2
2015-11-24 02:00:00,1.5,28.27
2015-11-24 03:00:00,2.1,27.03
2015-11-24 04:00:00,2.4,27.1
2015-11-24 05:00:00,2.2,27.02
2015-11-24 06:00:00,2.6,33.01
2015-11-24 07:00:00,2.1,45.23
2015-11-24 08:00:00,2.4,46.44
2015-11-24 09:00:00,2.6,43.67
2015-11-24 10:00:00,2.4,35.13
2015-11-24 11:00:00,2.4,34.18
2015-11-24 12:00:00,3.6,31.29
2015-11-24 13:00:00,3.6,32.23
2015-11-24 14:00:00,3.2,33.64
2015-11-24 15:00:00,2.8,40.0
2015-11-24 16:00:00,3.1,43.98
2015-11-24 17:00:00,2.7,46.44
2015-11-24 18:00:00,2.9,41.84
2015-11-24 19:00:00,3.1,37.58
2015-11-24 20:00:00,2.9,32.24
2015-11-24 21:00:00,3.0,35.25
2015-11-24 22:00:00,3.2,30.67
2015-11-24 23:00:00,3.3,28.25
2015-11-25 00:00:00,3.2,29.48
2015-11-25 01:00:00,3.3,29.83
2015-11-25 02:00:00,3.8,29.14
2015-11-25 03:00:00,3.9,28.39
2015-11-25 04:00:00,3.5,29.49
2015-11-25 05:00:00,3.5,28.36
2015-11-25 06:00:00,3.7,31.85
2015-11-25 07:00:00,4.2,50.58
2015-11-25 08:00:00,4.6,46.99
2015-11-25 09:00:00,4.2,46.54
2015-11-25 10:00:00,3.6,48.53
2015-11-25 11:00:00,3.4,50.97
2015-11-25 12:00:00,3.5,50.58
2015-11-25 13:00:00,3.5,52.98
2015-11-25 14:00:00,3.4,52.4
2015-11-25 15:00:00,2.8,51.21
2015-11-25 16:00:00,2.9,51.59
2015-11-25 17:00:00,3.0,59.45
2015-11-25 18:00:00,2.5,46.66
2015-11-25 19:00:00,2.2,49.07
2015-11-25 20:00:00,2.2,37.81
2015-11-25 21:00:00,2.1,34.59
2015-11-25 22:00:00,2.1,34.12
2015-11-25 23:00:00,1.9,31.0
2015-11-26 00:00:00,1.7,34.99
2015-11-26 01:00:00,2.1,34.2
2015-11-26 02:00:00,2.1,32.3
2015-11-26 03:00:00,1.4,30.29
2015-11-26 04:00:00,1.6,31.4
2015-11-26 05:00:00,1.5,33.75
2015-11-26 06:00:00,1.7,38.93
2015-11-26 07:00:00,2.1,60.98
2015-11-26 08:00:00,1.9,60.08
2015-11-26 09:00:00,1.9,59.19
2015-11-26 10:00:00,2.0,60.96
2015-11-26 11:00:00,2.5,62.97
2015-11-26 12:00:00,2.9,57.51
2015-11-26 13:00:00,2.5,56.8
2015-11-26 14:00:00,1.9,60.03
2015-11-26 15:00:00,1.6,65.05
2015-11-26 16:00:00,1.5,65.12
2015-11-26 17:00:00,0.7,83.91
2015-11-26 18:00:00,1.5,72.17
2015-11-26 19:00:00,1.1,62.05
2015-11-26 20:00:00,0.6,47.52
2015-11-26 21:00:00,2.2,37.35
2015-11-26 22:00:00,2.0,47.06
2015-11-26 23:00:00,1.0,35.77
2015-11-27 00:00:00,0.9,32.94
2015-11-27 01:00:00,0.9,31.67
2015-11-27 02:00:00,0.9,29.96
2015-11-27 03:00:00,0.7,29.98
2015-11-27 04:00:00,1.0,30.09
2015-11-27 05:00:00,1.7,29.33
2015-11-27 06:00:00,2.6,33.81
2015-11-27 07:00:00,2.9,46.67
2015-11-27 08:00:00,2.6,47.96
2015-11-27 09:00:00,2.7,47.0
2015-11-27 10:00:00,2.0,44.98
2015-11-27 11:00:00,1.7,48.07
2015-11-27 12:00:00,1.0,39.2
2015-11-27 13:00:00,1.4,36.21
2015-11-27 14:00:00,1.2,36.1
2015-11-27 15:00:00,1.6,39.49
2015-11-27 16:00:00,1.7,44.92
2015-11-27 17:00:00,1.5,47.66
2015-11-27 18:00:00,1.7,37.32
2015-11-27 19:00:00,2.0,33.02
2015-11-27 20:00:00,0.8,31.17
2015-11-27 21:00:00,0.8,29.55
2015-11-27 22:00:00,2.0,29.18
2015-11-27 23:00:00,1.7,26.18
2015-11-28 00:00:00,2.2,27.03
2015-11-28 01:00:00,2.5,23.01
2015-11-28 02:00:00,2.4,23.04
2015-11-28 03:00:00,2.6,23.01
2015-11-28 04:00:00,2.4,24.15
2015-11-28 05:00:00,2.1,24.14
2015-11-28 06:00:00,1.7,27.71
2015-11-28 07:00:00,1.7,28.06
2015-11-28 08:00:00,1.7,31.0
2015-11-28 09:00:00,2.1,35.04
2015-11-28 10:00:00,2.5,30.02
2015-11-28 11:00:00,3.1,31.75
2015-11-28 12:00:00,4.3,31.72
2015-11-28 13:00:00,4.4,30.09
2015-11-28 14:00:00,5.8,32.96
2015-11-28 15:00:00,5.2,33.95
2015-11-28 16:00:00,5.6,35.46
2015-11-28 17:00:00,6.3,37.48
2015-11-28 18:00:00,6.1,32.33
2015-11-28 19:00:00,5.5,31.17
2015-11-28 20:00:00,4.6,24.08
2015-11-28 21:00:00,5.2,20.52
2015-11-28 22:00:00,5.2,20.22
2015-11-28 23:00:00,4.5,10.92
2015-11-29 00:00:00,4.8,-0.04
2015-11-29 01:00:00,5.7,-0.97
2015-11-29 02:00:00,4.6,-0.9
2015-11-29 03:00:00,4.8,-0.77
2015-11-29 04:00:00,3.8,-0.96
2015-11-29 05:00:00,3.9,0.05
2015-11-29 06:00:00,5.7,0.0
2015-11-29 07:00:00,5.4,10.06
2015-11-29 08:00:00,5.6,13.07
2015-11-29 09:00:00,5.8,16.47
2015-11-29 10:00:00,6.8,18.98
2015-11-29 11:00:00,7.5,20.76
2015-11-29 12:00:00,7.5,20.79
2015-11-29 13:00:00,7.2,20.38
2015-11-29 14:00:00,7.4,17.11
2015-11-29 15:00:00,6.2,15.04
2015-11-29 16:00:00,5.5,16.28
2015-11-29 17:00:00,5.9,16.57
2015-11-29 18:00:00,5.8,20.91
2015-11-29 19:00:00,5.4,16.73
2015-11-29 20:00:00,6.5,13.79
2015-11-29 21:00:00,8.0,12.22
2015-11-29 22:00:00,9.6,13.91
2015-11-29 23:00:00,9.4,0.07
2015-11-30 00:00:00,9.4,10.04
2015-11-30 01:00:00,9.4,-0.09
2015-11-30 02:00:00,9.5,-0.94
2015-11-30 03:00:00,9.2,-0.99
2015-11-30 04:00:00,8.4,-0.04
2015-11-30 05:00:00,8.8,10.78
2015-11-30 06:00:00,7.3,21.85
2015-11-30 07:00:00,7.8,30.41
2015-11-30 08:00:00,7.9,33.42
2015-11-30 09:00:00,8.8,28.28
2015-11-30 10:00:00,7.6,28.88
2015-11-30 11:00:00,7.2,30.09
2015-11-30 12:00:00,8.6,30.03
2015-11-30 13:00:00,7.9,32.45
2015-11-30 14:00:00,7.6,35.79
2015-11-30 15:00:00,6.4,35.38
2015-11-30 16:00:00,9.1,37.89
2015-11-30 17:00:00,5.6,47.0
2015-11-30 18:00:00,3.5,45.26
2015-11-30 19:00:00,2.8,39.83
2015-11-30 20:00:00,2.2,35.72
2015-11-30 21:00:00,5.6,30.02
2015-11-30 22:00:00,7.2,27.14
2015-11-30 23:00:00,9.3,18.52
2015-12-01 00:00:00,9.4,20.17
2015-12-01 01:00:00,10.2,17.41
2015-12-01 02:00:00,10.1,16.08
2015-12-01 03:00:00,11.7,17.48
2015-12-01 04:00:00,10.2,20.48
2015-12-01 05:00:00,8.9,21.95
2015-12-01 06:00:00,7.1,24.59
2015-12-01 07:00:00,6.4,38.9
2015-12-01 08:00:00,7.0,46.94
2015-12-01 09:00:00,6.7,44.91
2015-12-01 10:00:00,8.1,43.29
2015-12-01 11:00:00,8.0,45.88
2015-12-01 12:00:00,7.8,42.5
2015-12-01 13:00:00,7.6,44.93
2015-12-01 14:00:00,7.3,45.6
2015-12-01 15:00:00,6.0,45.52
2015-12-01 16:00:00,4.5,48.4
2015-12-01 17:00:00,3.0,58.55
2015-12-01 18:00:00,3.1,46.99
2015-12-01 19:00:00,2.5,38.91
2015-12-01 20:00:00,3.0,36.03
2015-12-01 21:00:00,2.5,31.93
2015-12-01 22:00:00,2.1,31.01
2015-12-01 23:00:00,3.1,27.52
2015-12-02 00:00:00,3.0,24.49
2015-12-02 01:00:00,3.0,22.52
2015-12-02 02:00:00,1.7,21.72
2015-12-02 03:00:00,2.1,21.79
2015-12-02 04:00:00,5.4,23.06
2015-12-02 05:00:00,6.4,25.04
2015-12-02 06:00:00,6.2,30.03
2015-12-02 07:00:00,7.1,41.16
2015-12-02 08:00:00,6.8,44.31
2015-12-02 09:00:00,6.2,43.5
2015-12-02 10:00:00,5.3,40.51
2015-12-02 11:00:00,5.5,42.89
2015-12-02 12:00:00,5.9,36.67
2015-12-02 13:00:00,6.2,47.78
2015-12-02 14:00:00,5.7,44.91
2015-12-02 15:00:00,4.2,47.44
2015-12-02 16:00:00,3.1,48.22
2015-12-02 17:00:00,3.5,56.44
2015-12-02 18:00:00,3.9,44.91
2015-12-02 19:00:00,3.6,43.02
2015-12-02 20:00:00,4.0,35.72
2015-12-02 21:00:00,3.8,31.02
2015-12-02 22:00:00,3.4,29.4
2015-12-02 23:00:00,4.1,27.05
2015-12-03 00:00:00,3.3,29.06
2015-12-03 01:00:00,3.6,29.06
2015-12-03 02:00:00,4.6,28.35
2015-12-03 03:00:00,4.9,29.08
2015-12-03 04:00:00,3.0,29.94
2015-12-03 05:00:00,2.9,31.54
2015-12-03 06:00:00,3.6,42.93
2015-12-03 07:00:00,3.2,53.14
2015-12-03 08:00:00,3.4,53.89
2015-12-03 09:00:00,3.3,51.13
2015-12-03 10:00:00,3.5,49.58
2015-12-03 11:00:00,3.9,50.99
2015-12-03 12:00:00,4.2,50.0
2015-12-03 13:00:00,3.7,48.54
2015-12-03 14:00:00,3.8,47.2
2015-12-03 15:00:00,2.1,46.93
2015-12-03 16:00:00,0.6,50.12
2015-12-03 17:00:00,0.9,57.98
2015-12-03 18:00:00,0.9,51.0
2015-12-03 19:00:00,0.9,46.11
2015-12-03 20:00:00,1.6,41.87
2015-12-03 21:00:00,1.5,37.79
2015-12-03 22:00:00,1.8,35.05
2015-12-03 23:00:00,2.0,29.54
2015-12-04 00:00:00,2.3,24.39
2015-12-04 01:00:00,1.6,23.71
2015-12-04 02:00:00,2.7,17.37
2015-12-04 03:00:00,3.4,16.83
2015-12-04 04:00:00,4.0,17.19
2015-12-04 05:00:00,4.0,19.37
2015-12-04 06:00:00,3.9,30.06
2015-12-04 07:00:00,4.6,29.45
2015-12-04 08:00:00,4.1,31.01
2015-12-04 09:00:00,3.9,29.07
2015-12-04 10:00:00,4.5,30.13
2015-12-04 11:00:00,6.2,31.48
2015-12-04 12:00:00,7.1,31.42
2015-12-04 13:00:00,6.8,31.49
2015-12-04 14:00:00,6.5,35.74
2015-12-04 15:00:00,6.6,38.0
2015-12-04 16:00:00,6.3,42.82
2015-12-04 17:00:00,5.4,49.09
2015-12-04 18:00:00,5.1,46.03
2015-12-04 19:00:00,4.2,41.2
2015-12-04 20:00:00,4.2,33.23
2015-12-04 21:00:00,4.1,30.86
2015-12-04 22:00:00,4.8,30.48
2015-12-04 23:00:00,4.5,27.02
2015-12-05 00:00:00,3.2,17.23
2015-12-05 01:00:00,3.6,17.23
2015-12-05 02:00:00,3.3,17.55
2015-12-05 03:00:00,3.8,17.92
2015-12-05 04:00:00,3.8,18.76
2015-12-05 05:00:00,3.8,17.24
2015-12-05 06:00:00,2.6,17.61
2015-12-05 07:00:00,2.3,19.54
2015-12-05 08:00:00,1.9,32.01
2015-12-05 09:00:00,2.5,32.07
2015-12-05 10:00:00,5.6,28.15
2015-12-05 11:00:00,5.3,29.09
2015-12-05 12:00:00,6.0,25.97
2015-12-05 13:00:00,4.1,24.51
2015-12-05 14:00:00,3.1,23.91
2015-12-05 15:00:00,2.5,25.96
2015-12-05 16:00:00,2.1,32.28
2015-12-05 17:00:00,2.1,41.5
2015-12-05 18:00:00,2.6,34.74
2015-12-05 19:00:00,1.7,28.93
2015-12-05 20:00:00,1.5,17.28
2015-12-05 21:00:00,1.2,15.0
2015-12-05 22:00:00,1.2,16.44
2015-12-05 23:00:00,2.3,13.05
2015-12-06 00:00:00,2.3,14.95
2015-12-06 01:00:00,2.1,9.96
2015-12-06 02:00:00,2.8,10.64
2015-12-06 03:00:00,2.5,10.62
2015-12-06 04:00:00,3.3,10.63
2015-12-06 05:00:00,3.2,6.87
2015-12-06 06:00:00,3.1,4.47
2015-12-06 07:00:00,2.2,9.25
2015-12-06 08:00:00,1.8,12.02
2015-12-06 09:00:00,3.2,12.09
2015-12-06 10:00:00,4.5,12.82
2015-12-06 11:00:00,5.6,13.19
2015-12-06 12:00:00,7.6,12.66
2015-12-06 13:00:00,9.5,11.95
2015-12-06 14:00:00,8.5,14.05
2015-12-06 15:00:00,6.2,16.42
2015-12-06 16:00:00,5.7,24.09
2015-12-06 17:00:00,4.9,31.64
2015-12-06 18:00:00,6.7,28.79
2015-12-06 19:00:00,6.1,30.05
2015-12-06 20:00:00,6.6,29.16
2015-12-06 21:00:00,6.9,28.72
2015-12-06 22:00:00,6.0,34.76
2015-12-06 23:00:00,6.6,31.57
2015-12-07 00:00:00,6.2,26.21
2015-12-07 01:00:00,5.9,23.08
2015-12-07 02:00:00,4.8,23.08
2015-12-07 03:00:00,4.4,22.08
2015-12-07 04:00:00,4.4,23.97
2015-12-07 05:00:00,4.2,27.05
2015-12-07 06:00:00,2.6,40.5
2015-12-07 07:00:00,2.7,48.18
2015-12-07 08:00:00,3.1,49.9
2015-12-07 09:00:00,3.7,50.86
2015-12-07 10:00:00,3.3,47.92
2015-12-07 11:00:00,3.1,47.91
2015-12-07 12:00:00,3.4,46.92
2015-12-07 13:00:00,3.3,45.99
2015-12-07 14:00:00,2.1,45.38
2015-12-07 15:00:00,1.3,49.62
2015-12-07 16:00:00,0.7,54.38
2015-12-07 17:00:00,1.2,52.85
2015-12-07 18:00:00,1.1,51.27
2015-12-07 19:00:00,1.4,51.61
2015-12-07 20:00:00,1.3,43.08
2015-12-07 21:00:00,1.3,35.66
2015-12-07 22:00:00,1.4,36.22
2015-12-07 23:00:00,1.2,30.95
2015-12-08 00:00:00,1.6,26.89
2015-12-08 01:00:00,1.8,28.05
2015-12-08 02:00:00,1.5,26.86
2015-12-08 03:00:00,1.7,24.62
2015-12-08 04:00:00,1.8,24.62
2015-12-08 05:00:00,1.7,26.79
2015-12-08 06:00:00,1.7,30.74
2015-12-08 07:00:00,1.9,45.99
2015-12-08 08:00:00,1.5,47.52
2015-12-08 09:00:00,2.4,43.75
2015-12-08 10:00:00,2.5,38.35
2015-12-08 11:00:00,2.9,34.94
2015-12-08 12:00:00,2.8,32.16
2015-12-08 13:00:00,3.3,34.1
2015-12-08 14:00:00,2.9,39.07
2015-12-08 15:00:00,2.8,41.9
2015-12-08 16:00:00,3.5,43.78
2015-12-08 17:00:00,2.7,47.0
2015-12-08 18:00:00,2.5,40.88
2015-12-08 19:00:00,2.4,36.72
2015-12-08 20:00:00,2.6,32.91
2015-12-08 21:00:00,2.5,28.64
2015-12-08 22:00:00,2.8,29.89
2015-12-08 23:00:00,2.4,27.33
2015-12-09 00:00:00,3.5,25.57
2015-12-09 01:00:00,3.5,24.59
2015-12-09 02:00:00,3.3,25.09
2015-12-09 03:00:00,2.9,24.48
2015-12-09 04:00:00,2.8,26.84
2015-12-09 05:00:00,2.3,27.34
2015-12-09 06:00:00,1.6,31.34
2015-12-09 07:00:00,0.9,40.9
2015-12-09 08:00:00,1.0,42.37
2015-12-09 09:00:00,4.0,43.0
2015-12-09 10:00:00,4.1,42.09
2015-12-09 11:00:00,4.0,39.8
2015-12-09 12:00:00,4.5,34.85
2015-12-09 13:00:00,4.3,34.01
2015-12-09 14:00:00,5.0,35.55
2015-12-09 15:00:00,4.1,43.94
2015-12-09 16:00:00,4.1,46.95
2015-12-09 17:00:00,4.0,48.81
2015-12-09 18:00:00,4.2,41.97
2015-12-09 19:00:00,3.7,39.28
2015-12-09 20:00:00,4.1,36.73
2015-12-09 21:00:00,3.5,29.95
2015-12-09 22:00:00,3.6,28.18
2015-12-09 23:00:00,2.9,25.05
2015-12-10 00:00:00,2.6,22.59
2015-12-10 01:00:00,2.5,18.48
2015-12-10 02:00:00,2.3,17.11
2015-12-10 03:00:00,2.0,16.79
2015-12-10 04:00:00,1.9,18.06
2015-12-10 05:00:00,2.2,21.63
2015-12-10 06:00:00,2.3,27.01
2015-12-10 07:00:00,1.8,36.59
2015-12-10 08:00:00,1.5,41.73
2015-12-10 09:00:00,2.3,31.51
2015-12-10 10:00:00,3.1,30.0
2015-12-10 11:00:00,3.4,28.03
2015-12-10 12:00:00,3.5,27.98
2015-12-10 13:00:00,3.5,29.66
2015-12-10 14:00:00,3.2,30.59
2015-12-10 15:00:00,2.5,36.73
2015-12-10 16:00:00,3.2,44.5
2015-12-10 17:00:00,3.7,46.49
2015-12-10 18:00:00,3.6,41.43
2015-12-10 19:00:00,3.9,34.27
2015-12-10 20:00:00,3.7,30.08
2015-12-10 21:00:00,3.6,27.19
2015-12-10 22:00:00,3.2,26.0
2015-12-10 23:00:00,3.1,22.61
2015-12-11 00:00:00,3.3,19.05
2015-12-11 01:00:00,3.1,19.0
2015-12-11 02:00:00,2.5,16.29
2015-12-11 03:00:00,3.0,16.28
2015-12-11 04:00:00,2.9,19.02
2015-12-11 05:00:00,1.3,22.03
2015-12-11 06:00:00,2.5,26.01
2015-12-11 07:00:00,2.7,34.2
2015-12-11 08:00:00,2.9,37.29
2015-12-11 09:00:00,3.5,35.76
2015-12-11 10:00:00,3.6,33.65
2015-12-11 11:00:00,4.0,30.06
2015-12-11 12:00:00,4.4,28.3
2015-12-11 13:00:00,6.6,28.15
2015-12-11 14:00:00,6.7,28.37
2015-12-11 15:00:00,6.2,29.48
2015-12-11 16:00:00,5.1,30.78
2015-12-11 17:00:00,5.8,34.66
2015-12-11 18:00:00,6.0,30.23
2015-12-11 19:00:00,6.2,29.11
2015-12-11 20:00:00,6.2,26.0
2015-12-11 21:00:00,6.6,23.74
2015-12-11 22:00:00,6.6,19.71
2015-12-11 23:00:00,6.5,16.51
2015-12-12 00:00:00,5.1,18.02
2015-12-12 01:00:00,4.3,16.57
2015-12-12 02:00:00,4.7,16.2
2015-12-12 03:00:00,6.2,14.58
2015-12-12 04:00:00,6.1,16.25
2015-12-12 05:00:00,4.1,16.63
2015-12-12 06:00:00,4.0,15.95
2015-12-12 07:00:00,3.8,19.02
2015-12-12 08:00:00,3.7,21.87
2015-12-12 09:00:00,4.5,24.14
2015-12-12 10:00:00,6.2,24.8
2015-12-12 11:00:00,7.7,26.75
2015-12-12 12:00:00,7.7,26.89
2015-12-12 13:00:00,7.6,25.98
2015-12-12 14:00:00,6.8,28.02
2015-12-12 15:00:00,5.6,30.06
2015-12-12 16:00:00,4.9,33.78
2015-12-12 17:00:00,4.1,40.0
2015-12-12 18:00:00,3.8,42.96
2015-12-12 19:00:00,2.8,41.0
2015-12-12 20:00:00,2.3,35.22
2015-12-12 21:00:00,2.2,29.94
2015-12-12 22:00:00,2.5,28.48
2015-12-12 23:00:00,2.9,26.63
2015-12-13 00:00:00,2.9,12.51
2015-12-13 01:00:00,2.9,12.57
2015-12-13 02:00:00,3.2,10.39
2015-12-13 03:00:00,3.1,10.22
2015-12-13 04:00:00,4.6,10.32
2015-12-13 05:00:00,7.2,10.33
2015-12-13 06:00:00,9.0,10.37
2015-12-13 07:00:00,9.0,13.79
2015-12-13 08:00:00,10.1,19.37
2015-12-13 09:00:00,10.5,21.97
2015-12-13 10:00:00,13.1,24.77
2015-12-13 11:00:00,12.2,30.72
2015-12-13 12:00:00,9.5,30.94
2015-12-13 13:00:00,7.3,30.29
2015-12-13 14:00:00,7.7,32.95
2015-12-13 15:00:00,6.4,34.26
2015-12-13 16:00:00,4.9,36.78
2015-12-13 17:00:00,5.0,44.2
2015-12-13 18:00:00,3.8,49.88
2015-12-13 19:00:00,3.2,49.12
2015-12-13 20:00:00,2.9,44.5
2015-12-13 21:00:00,2.2,37.93
2015-12-13 22:00:00,1.8,40.32
2015-12-13 23:00:00,1.3,31.95
2015-12-14 00:00:00,1.1,30.93
2015-12-14 01:00:00,1.1,31.49
2015-12-14 02:00:00,0.9,29.5
2015-12-14 03:00:00,0.6,27.84
2015-12-14 04:00:00,0.5,27.45
2015-12-14 05:00:00,0.9,29.65
2015-12-14 06:00:00,1.0,41.26
2015-12-14 07:00:00,1.1,53.46
2015-12-14 08:00:00,1.3,56.7
2015-12-14 09:00:00,1.6,51.5
2015-12-14 10:00:00,1.5,47.96
2015-12-14 11:00:00,2.0,45.64
2015-12-14 12:00:00,3.1,43.05
2015-12-14 13:00:00,3.7,46.64
2015-12-14 14:00:00,3.1,46.92
2015-12-14 15:00:00,2.6,50.04
2015-12-14 16:00:00,2.8,50.97
2015-12-14 17:00:00,2.6,63.27
2015-12-14 18:00:00,2.3,51.83
2015-12-14 19:00:00,2.4,46.94
2015-12-14 20:00:00,3.6,40.08
2015-12-14 21:00:00,2.9,33.41
2015-12-14 22:00:00,2.5,31.28
2015-12-14 23:00:00,2.5,28.78
2015-12-15 00:00:00,2.7,27.64
2015-12-15 01:00:00,2.4,27.99
2015-12-15 02:00:00,2.6,27.4
2015-12-15 03:00:00,3.3,27.86
2015-12-15 04:00:00,3.6,29.11
2015-12-15 05:00:00,2.4,29.84
2015-12-15 06:00:00,2.0,35.33
2015-12-15 07:00:00,2.2,49.99
2015-12-15 08:00:00,1.8,55.03
2015-12-15 09:00:00,1.4,54.97
2015-12-15 10:00:00,3.5,53.58
2015-12-15 11:00:00,3.6,52.81
2015-12-15 12:00:00,4.2,51.96
2015-12-15 13:00:00,3.6,51.71
2015-12-15 14:00:00,1.9,49.6
2015-12-15 15:00:00,1.3,50.04
2015-12-15 16:00:00,1.2,50.96
2015-12-15 17:00:00,0.9,55.25
2015-12-15 18:00:00,0.7,53.43
2015-12-15 19:00:00,0.6,46.5
2015-12-15 20:00:00,0.4,41.47
2015-12-15 21:00:00,0.8,34.51
2015-12-15 22:00:00,0.6,35.68
2015-12-15 23:00:00,0.5,30.03
2015-12-16 00:00:00,0.6,30.81
2015-12-16 01:00:00,0.6,29.18
2015-12-16 02:00:00,0.8,28.38
2015-12-16 03:00:00,1.6,27.05
2015-12-16 04:00:00,1.6,27.38
2015-12-16 05:00:00,1.4,28.08
2015-12-16 06:00:00,1.9,34.41
2015-12-16 07:00:00,2.3,45.64
2015-12-16 08:00:00,2.2,45.44
2015-12-16 09:00:00,2.6,44.39
2015-12-16 10:00:00,3.2,42.44
2015-12-16 11:00:00,3.5,44.0
2015-12-16 12:00:00,3.5,42.32
2015-12-16 13:00:00,3.5,43.01
2015-12-16 14:00:00,3.4,40.2
2015-12-16 15:00:00,3.1,41.37
2015-12-16 16:00:00,3.1,41.67
2015-12-16 17:00:00,4.1,45.47
2015-12-16 18:00:00,3.3,43.23
2015-12-16 19:00:00,3.7,39.18
2015-12-16 20:00:00,3.8,33.75
2015-12-16 21:00:00,3.9,30.47
2015-12-16 22:00:00,3.8,33.38
2015-12-16 23:00:00,3.4,25.98
2015-12-17 00:00:00,3.8,23.1
2015-12-17 01:00:00,3.5,22.42
2015-12-17 02:00:00,3.4,21.25
2015-12-17 03:00:00,3.4,19.55
2015-12-17 04:00:00,2.8,20.24
2015-12-17 05:00:00,2.9,23.45
2015-12-17 06:00:00,2.1,31.21
2015-12-17 07:00:00,3.3,39.97
2015-12-17 08:00:00,3.8,41.4
2015-12-17 09:00:00,4.0,41.38
2015-12-17 10:00:00,4.2,40.02
2015-12-17 11:00:00,5.3,40.87
2015-12-17 12:00:00,4.3,36.21
2015-12-17 13:00:00,4.2,35.34
2015-12-17 14:00:00,4.3,34.74
2015-12-17 15:00:00,3.4,35.2
2015-12-17 16:00:00,3.2,39.19
2015-12-17 17:00:00,2.7,41.4
2015-12-17 18:00:00,3.4,40.01
2015-12-17 19:00:00,4.6,38.22
2015-12-17 20:00:00,4.1,32.63
2015-12-17 21:00:00,3.8,28.92
2015-12-17 22:00:00,4.3,28.42
2015-12-17 23:00:00,4.0,24.09
2015-12-18 00:00:00,3.8,25.93
2015-12-18 01:00:00,3.3,24.06
2015-12-18 02:00:00,3.1,23.22
2015-12-18 03:00:00,2.7,21.88
2015-12-18 04:00:00,2.1,22.58
2015-12-18 05:00:00,2.2,25.77
2015-12-18 06:00:00,3.5,30.02
2015-12-18 07:00:00,4.0,36.61
2015-12-18 08:00:00,5.3,36.64
2015-12-18 09:00:00,4.9,37.32
2015-12-18 10:00:00,4.5,39.11
2015-12-18 11:00:00,4.5,38.01
2015-12-18 12:00:00,3.6,36.67
2015-12-18 13:00:00,4.9,34.56
2015-12-18 14:00:00,4.4,34.95
2015-12-18 15:00:00,3.6,34.64
2015-12-18 16:00:00,3.0,39.03
2015-12-18 17:00:00,3.8,42.0
2015-12-18 18:00:00,3.6,40.97
2015-12-18 19:00:00,3.3,38.65
2015-12-18 20:00:00,2.8,32.83
2015-12-18 21:00:00,2.9,30.32
2015-12-18 22:00:00,3.4,30.53
2015-12-18 23:00:00,2.6,27.17
2015-12-19 00:00:00,2.7,23.47
2015-12-19 01:00:00,2.2,21.52
2015-12-19 02:00:00,1.9,23.29
2015-12-19 03:00:00,2.2,20.45
2015-12-19 04:00:00,1.9,19.62
2015-12-19 05:00:00,1.9,18.96
2015-12-19 06:00:00,1.5,21.84
2015-12-19 07:00:00,1.8,23.9
2015-12-19 08:00:00,2.7,29.28
2015-12-19 09:00:00,2.8,30.08
2015-12-19 10:00:00,2.2,30.07
2015-12-19 11:00:00,2.1,30.09
2015-12-19 12:00:00,2.4,30.01
2015-12-19 13:00:00,2.4,28.31
2015-12-19 14:00:00,2.8,29.08
2015-12-19 15:00:00,2.4,31.21
2015-12-19 16:00:00,2.4,33.01
2015-12-19 17:00:00,2.5,39.37
2015-12-19 18:00:00,3.1,38.44
2015-12-19 19:00:00,2.7,31.32
2015-12-19 20:00:00,2.6,27.9
2015-12-19 21:00:00,2.8,23.49
2015-12-19 22:00:00,2.8,23.44
2015-12-19 23:00:00,3.0,16.72
2015-12-20 00:00:00,2.9,17.93
2015-12-20 01:00:00,2.8,15.96
2015-12-20 02:00:00,2.9,14.29
2015-12-20 03:00:00,3.3,11.36
2015-12-20 04:00:00,3.7,12.51
2015-12-20 05:00:00,3.8,7.75
2015-12-20 06:00:00,4.0,9.77
2015-12-20 07:00:00,4.3,11.21
2015-12-20 08:00:00,4.2,16.18
2015-12-20 09:00:00,4.0,15.42
2015-12-20 10:00:00,4.0,16.01
2015-12-20 11:00:00,3.8,17.94
2015-12-20 12:00:00,4.6,16.8
2015-12-20 13:00:00,5.3,14.97
2015-12-20 14:00:00,5.1,15.96
2015-12-20 15:00:00,4.4,15.73
2015-12-20 16:00:00,3.9,23.38
2015-12-20 17:00:00,4.3,26.34
2015-12-20 18:00:00,4.2,29.73
2015-12-20 19:00:00,4.2,29.14
2015-12-20 20:00:00,4.1,25.74
2015-12-20 21:00:00,3.4,19.92
2015-12-20 22:00:00,3.8,18.87
2015-12-20 23:00:00,4.0,13.02
2015-12-21 00:00:00,3.9,19.02
2015-12-21 01:00:00,4.2,14.49
2015-12-21 02:00:00,4.1,14.35
2015-12-21 03:00:00,4.0,12.44
2015-12-21 04:00:00,3.1,13.39
2015-12-21 05:00:00,3.7,17.6
2015-12-21 06:00:00,3.8,27.4
2015-12-21 07:00:00,2.2,34.03
2015-12-21 08:00:00,2.7,40.05
2015-12-21 09:00:00,4.0,40.5
2015-12-21 10:00:00,2.4,37.44
2015-12-21 11:00:00,3.4,35.85
2015-12-21 12:00:00,3.4,34.17
2015-12-21 13:00:00,3.1,28.73
2015-12-21 14:00:00,4.6,29.18
2015-12-21 15:00:00,5.3,29.59
2015-12-21 16:00:00,5.3,29.03
2015-12-21 17:00:00,5.3,32.18
2015-12-21 18:00:00,5.3,32.92
2015-12-21 19:00:00,6.0,28.94
2015-12-21 20:00:00,5.5,21.85
2015-12-21 21:00:00,5.7,13.85
2015-12-21 22:00:00,6.7,12.58
2015-12-21 23:00:00,7.8,-0.01
2015-12-22 00:00:00,8.8,-19.98
2015-12-22 01:00:00,9.3,-23.06
2015-12-22 02:00:00,9.4,-10.05
2015-12-22 03:00:00,9.9,0.07
2015-12-22 04:00:00,8.7,7.84
2015-12-22 05:00:00,7.1,12.43
2015-12-22 06:00:00,6.4,22.33
2015-12-22 07:00:00,4.9,34.95
2015-12-22 08:00:00,4.4,33.82
2015-12-22 09:00:00,5.1,31.99
2015-12-22 10:00:00,5.5,28.99
2015-12-22 11:00:00,5.7,26.9
2015-12-22 12:00:00,6.3,24.95
2015-12-22 13:00:00,6.1,17.78
2015-12-22 14:00:00,7.0,17.16
2015-12-22 15:00:00,6.5,20.36
2015-12-22 16:00:00,6.8,25.28
2015-12-22 17:00:00,6.9,30.03
2015-12-22 18:00:00,6.8,29.38
2015-12-22 19:00:00,6.5,27.98
2015-12-22 20:00:00,6.1,25.92
2015-12-22 21:00:00,5.3,16.71
2015-12-22 22:00:00,4.4,14.26
2015-12-22 23:00:00,4.6,11.36
2015-12-23 00:00:00,4.2,10.05
2015-12-23 01:00:00,3.3,7.93
2015-12-23 02:00:00,3.6,3.04
2015-12-23 03:00:00,4.5,0.83
2015-12-23 04:00:00,4.7,-0.08
2015-12-23 05:00:00,4.6,7.8
2015-12-23 06:00:00,3.5,12.21
2015-12-23 07:00:00,3.6,14.46
2015-12-23 08:00:00,4.5,18.02
2015-12-23 09:00:00,7.0,16.04
2015-12-23 10:00:00,9.2,16.01
2015-12-23 11:00:00,9.4,16.06
2015-12-23 12:00:00,9.4,15.27
2015-12-23 13:00:00,8.4,16.53
2015-12-23 14:00:00,8.2,22.43
2015-12-23 15:00:00,7.1,25.99
2015-12-23 16:00:00,5.4,28.94
2015-12-23 17:00:00,5.5,39.0
2015-12-23 18:00:00,5.2,41.27
2015-12-23 19:00:00,4.9,39.71
2015-12-23 20:00:00,4.1,31.24
2015-12-23 21:00:00,4.3,29.0
2015-12-23 22:00:00,3.5,30.54
2015-12-23 23:00:00,2.4,25.91
2015-12-24 00:00:00,1.8,25.94
2015-12-24 01:00:00,1.6,20.2
2015-12-24 02:00:00,1.4,17.27
2015-12-24 03:00:00,1.1,15.28
2015-12-24 04:00:00,1.1,10.52
2015-12-24 05:00:00,1.1,10.5
2015-12-24 06:00:00,1.5,14.53
2015-12-24 07:00:00,2.5,24.24
2015-12-24 08:00:00,3.0,29.13
2015-12-24 09:00:00,3.7,28.15
2015-12-24 10:00:00,4.2,28.81
2015-12-24 11:00:00,4.2,24.65
2015-12-24 12:00:00,4.2,23.12
2015-12-24 13:00:00,3.9,18.24
2015-12-24 14:00:00,3.1,16.1
2015-12-24 15:00:00,4.0,16.13
2015-12-24 16:00:00,3.8,18.65
2015-12-24 17:00:00,4.1,24.64
2015-12-24 18:00:00,3.4,17.09
2015-12-24 19:00:00,3.9,10.55
2015-12-24 20:00:00,4.0,8.49
2015-12-24 21:00:00,3.9,4.04
2015-12-24 22:00:00,3.7,7.34
2015-12-24 23:00:00,3.6,0.9
2015-12-25 00:00:00,3.9,0.01
2015-12-25 01:00:00,2.8,-0.96
2015-12-25 02:00:00,3.1,0.02
2015-12-25 03:00:00,3.0,0.09
2015-12-25 04:00:00,5.1,3.27
2015-12-25 05:00:00,5.4,4.08
2015-12-25 06:00:00,6.2,4.01
2015-12-25 07:00:00,4.5,4.44
2015-12-25 08:00:00,3.3,11.45
2015-12-25 09:00:00,4.3,12.93
2015-12-25 10:00:00,4.4,12.84
2015-12-25 11:00:00,3.5,13.63
2015-12-25 12:00:00,3.5,12.86
2015-12-25 13:00:00,3.8,11.85
2015-12-25 14:00:00,4.2,12.06
2015-12-25 15:00:00,3.1,13.17
2015-12-25 16:00:00,2.3,18.04
2015-12-25 17:00:00,4.4,25.05
2015-12-25 18:00:00,3.2,28.95
2015-12-25 19:00:00,1.8,29.22
2015-12-25 20:00:00,0.8,27.6
2015-12-25 21:00:00,1.2,24.92
2015-12-25 22:00:00,1.7,26.0
2015-12-25 23:00:00,3.0,23.73
2015-12-26 00:00:00,4.3,8.5
2015-12-26 01:00:00,5.8,0.09
2015-12-26 02:00:00,5.8,-6.27
2015-12-26 03:00:00,7.0,-4.92
2015-12-26 04:00:00,7.0,-15.33
2015-12-26 05:00:00,6.8,-6.86
2015-12-26 06:00:00,7.7,-0.9
2015-12-26 07:00:00,7.8,0.06
2015-12-26 08:00:00,8.7,6.24
2015-12-26 09:00:00,8.6,10.4
2015-12-26 10:00:00,8.1,8.94
2015-12-26 11:00:00,7.3,12.57
2015-12-26 12:00:00,8.3,1.78
2015-12-26 13:00:00,8.1,7.68
2015-12-26 14:00:00,8.7,8.08
2015-12-26 15:00:00,7.4,12.24
2015-12-26 16:00:00,7.1,14.93
2015-12-26 17:00:00,7.0,18.0
2015-12-26 18:00:00,6.9,16.03
2015-12-26 19:00:00,7.0,15.95
2015-12-26 20:00:00,6.7,17.49
2015-12-26 21:00:00,5.4,13.3
2015-12-26 22:00:00,5.8,14.44
2015-12-26 23:00:00,5.3,10.57
2015-12-27 00:00:00,4.2,10.6
2015-12-27 01:00:00,4.2,8.65
2015-12-27 02:00:00,4.0,7.29
2015-12-27 03:00:00,4.3,6.29
2015-12-27 04:00:00,3.0,3.46
2015-12-27 05:00:00,2.9,0.11
2015-12-27 06:00:00,3.2,0.04
2015-12-27 07:00:00,3.8,0.11
2015-12-27 08:00:00,3.7,9.8
2015-12-27 09:00:00,3.8,10.03
2015-12-27 10:00:00,5.5,9.84
2015-12-27 11:00:00,5.1,10.79
2015-12-27 12:00:00,5.3,10.42
2015-12-27 13:00:00,6.4,10.18
2015-12-27 14:00:00,6.2,11.21
2015-12-27 15:00:00,4.9,14.89
2015-12-27 16:00:00,3.6,22.07
2015-12-27 17:00:00,3.8,31.55
2015-12-27 18:00:00,4.9,35.7
2015-12-27 19:00:00,6.0,35.71
2015-12-27 20:00:00,7.3,32.96
2015-12-27 21:00:00,7.1,31.83
2015-12-27 22:00:00,6.5,31.65
2015-12-27 23:00:00,5.7,27.47
2015-12-28 00:00:00,5.4,26.26
2015-12-28 01:00:00,5.5,20.35
2015-12-28 02:00:00,4.8,17.75
2015-12-28 03:00:00,4.8,16.01
2015-12-28 04:00:00,4.8,16.98
2015-12-28 05:00:00,3.9,22.05
2015-12-28 06:00:00,3.8,27.8
2015-12-28 07:00:00,4.2,34.98
2015-12-28 08:00:00,3.0,38.81
2015-12-28 09:00:00,2.5,41.4
2015-12-28 10:00:00,2.6,39.87
2015-12-28 11:00:00,2.2,36.04
2015-12-28 12:00:00,2.8,36.0
2015-12-28 13:00:00,2.3,33.4
2015-12-28 14:00:00,0.8,32.53
2015-12-28 15:00:00,1.5,33.15
2015-12-28 16:00:00,2.2,36.9
2015-12-28 17:00:00,2.4,42.98
2015-12-28 18:00:00,2.9,43.38
2015-12-28 19:00:00,3.3,35.91
2015-12-28 20:00:00,3.5,30.38
2015-12-28 21:00:00,2.5,27.6
2015-12-28 22:00:00,3.2,26.83
2015-12-28 23:00:00,3.2,22.06
2015-12-29 00:00:00,3.2,18.04
2015-12-29 01:00:00,2.3,17.07
2015-12-29 02:00:00,2.3,16.52
2015-12-29 03:00:00,3.2,13.9
2015-12-29 04:00:00,3.7,14.49
2015-12-29 05:00:00,4.0,17.04
2015-12-29 06:00:00,4.4,22.74
2015-12-29 07:00:00,3.2,26.98
2015-12-29 08:00:00,3.9,29.01
2015-12-29 09:00:00,3.7,28.36
2015-12-29 10:00:00,4.0,29.96
2015-12-29 11:00:00,4.8,30.86
2015-12-29 12:00:00,4.4,34.36
2015-12-29 13:00:00,4.1,35.94
2015-12-29 14:00:00,4.0,35.47
2015-12-29 15:00:00,3.4,36.02
2015-12-29 16:00:00,3.4,41.81
2015-12-29 17:00:00,3.6,52.0
2015-12-29 18:00:00,3.7,55.86
2015-12-29 19:00:00,3.4,49.98
2015-12-29 20:00:00,3.8,38.39
2015-12-29 21:00:00,4.2,34.95
2015-12-29 22:00:00,3.8,33.28
2015-12-29 23:00:00,2.8,29.94
2015-12-30 00:00:00,3.9,24.0
2015-12-30 01:00:00,4.5,23.59
2015-12-30 02:00:00,4.1,23.55
2015-12-30 03:00:00,4.4,18.01
2015-12-30 04:00:00,5.0,15.95
2015-12-30 05:00:00,5.3,20.78
2015-12-30 06:00:00,4.3,23.71
2015-12-30 07:00:00,4.0,29.23
2015-12-30 08:00:00,3.8,36.92
2015-12-30 09:00:00,4.4,36.21
2015-12-30 10:00:00,4.2,35.98
2015-12-30 11:00:00,4.1,34.99
2015-12-30 12:00:00,3.8,30.32
2015-12-30 13:00:00,4.1,27.68
2015-12-30 14:00:00,4.4,27.44
2015-12-30 15:00:00,3.8,27.53
2015-12-30 16:00:00,3.7,30.68
2015-12-30 17:00:00,3.1,33.44
2015-12-30 18:00:00,3.7,36.09
2015-12-30 19:00:00,3.7,31.98
2015-12-30 20:00:00,3.3,24.97
2015-12-30 21:00:00,3.8,20.92
2015-12-30 22:00:00,3.1,17.05
2015-12-30 23:00:00,3.9,13.71
2015-12-31 00:00:00,3.3,13.48
2015-12-31 01:00:00,3.7,12.56
2015-12-31 02:00:00,3.5,10.46
2015-12-31 03:00:00,3.0,4.17
2015-12-31 04:00:00,2.5,1.64
2015-12-31 05:00:00,3.0,3.68
2015-12-31 06:00:00,3.4,6.68
2015-12-31 07:00:00,6.3,12.9
2015-12-31 08:00:00,5.5,15.72
2015-12-31 09:00:00,4.4,20.07
2015-12-31 10:00:00,6.4,23.04
2015-12-31 11:00:00,6.6,24.32
2015-12-31 12:00:00,5.3,26.23
2015-12-31 13:00:00,4.7,28.06
2015-12-31 14:00:00,3.7,27.48
2015-12-31 15:00:00,2.8,29.0
2015-12-31 16:00:00,3.6,32.87
2015-12-31 17:00:00,3.2,40.03
2015-12-31 18:00:00,3.1,40.25
2015-12-31 19:00:00,3.0,36.79
2015-12-31 20:00:00,1.9,28.81
2015-12-31 21:00:00,2.4,26.27
2015-12-31 22:00:00,1.4,29.99
2015-12-31 23:00:00,1.5,31.59
2016-01-01 00:00:00,1.5,23.86
2016-01-01 01:00:00,1.7,22.39
2016-01-01 02:00:00,2.1,20.59
2016-01-01 03:00:00,1.7,16.81
2016-01-01 04:00:00,1.9,17.41
2016-01-01 05:00:00,1.9,17.02
2016-01-01 06:00:00,1.5,15.86
2016-01-01 07:00:00,1.9,18.16
2016-01-01 08:00:00,2.7,17.73
2016-01-01 09:00:00,3.9,19.77
2016-01-01 10:00:00,3.4,23.75
2016-01-01 11:00:00,4.0,26.03
2016-01-01 12:00:00,4.1,27.06
2016-01-01 13:00:00,3.9,26.59
2016-01-01 14:00:00,3.3,25.0
2016-01-01 15:00:00,2.9,24.43
2016-01-01 16:00:00,3.7,28.87
2016-01-01 17:00:00,2.7,37.44
2016-01-01 18:00:00,2.4,37.41
2016-01-01 19:00:00,2.2,35.34
2016-01-01 20:00:00,1.9,33.07
2016-01-01 21:00:00,1.5,29.52
2016-01-01 22:00:00,0.9,30.1
2016-01-01 23:00:00,1.2,24.57
2016-01-02 00:00:00,1.7,22.2
2016-01-02 01:00:00,2.1,16.57
2016-01-02 02:00:00,2.4,15.35
2016-01-02 03:00:00,1.9,12.77
2016-01-02 04:00:00,1.0,11.27
2016-01-02 05:00:00,0.7,11.91
2016-01-02 06:00:00,2.5,12.62
2016-01-02 07:00:00,4.0,13.83
2016-01-02 08:00:00,4.2,16.12
2016-01-02 09:00:00,4.6,18.12
2016-01-02 10:00:00,5.0,19.59
2016-01-02 11:00:00,6.0,21.07
2016-01-02 12:00:00,5.1,22.54
2016-01-02 13:00:00,5.6,19.79
2016-01-02 14:00:00,6.0,16.9
2016-01-02 15:00:00,6.6,16.97
2016-01-02 16:00:00,6.3,19.25
2016-01-02 17:00:00,5.5,28.01
2016-01-02 18:00:00,5.1,28.36
2016-01-02 19:00:00,5.5,26.56
2016-01-02 20:00:00,5.0,17.38
2016-01-02 21:00:00,4.7,15.83
2016-01-02 22:00:00,5.4,16.97
2016-01-02 23:00:00,6.1,15.31
2016-01-03 00:00:00,6.0,6.99
2016-01-03 01:00:00,5.1,-0.01
2016-01-03 02:00:00,5.1,0.23
2016-01-03 03:00:00,5.3,4.51
2016-01-03 04:00:00,4.9,4.12
2016-01-03 05:00:00,4.9,6.76
2016-01-03 06:00:00,5.0,0.75
2016-01-03 07:00:00,4.9,4.27
2016-01-03 08:00:00,4.8,9.11
2016-01-03 09:00:00,4.9,15.92
2016-01-03 10:00:00,5.0,17.06
2016-01-03 11:00:00,5.1,19.28
2016-01-03 12:00:00,4.1,20.25
2016-01-03 13:00:00,3.7,17.66
2016-01-03 14:00:00,4.3,18.49
2016-01-03 15:00:00,4.5,16.51
2016-01-03 16:00:00,4.4,18.76
2016-01-03 17:00:00,4.8,22.21
2016-01-03 18:00:00,5.7,26.76
2016-01-03 19:00:00,5.2,27.08
2016-01-03 20:00:00,4.4,25.33
2016-01-03 21:00:00,4.7,22.11
2016-01-03 22:00:00,4.8,20.91
2016-01-03 23:00:00,4.7,14.43
2016-01-04 00:00:00,5.3,13.78
2016-01-04 01:00:00,4.4,12.77
2016-01-04 02:00:00,4.5,10.56
2016-01-04 03:00:00,4.7,3.87
2016-01-04 04:00:00,4.3,3.2
2016-01-04 05:00:00,4.3,8.67
2016-01-04 06:00:00,4.6,18.01
2016-01-04 07:00:00,4.1,28.52
2016-01-04 08:00:00,4.4,34.74
2016-01-04 09:00:00,4.3,33.46
2016-01-04 10:00:00,4.3,33.24
2016-01-04 11:00:00,4.0,35.09
2016-01-04 12:00:00,3.8,35.0
2016-01-04 13:00:00,3.1,35.0
2016-01-04 14:00:00,3.2,34.94
2016-01-04 15:00:00,3.3,34.92
2016-01-04 16:00:00,3.2,38.0
2016-01-04 17:00:00,3.6,41.21
2016-01-04 18:00:00,4.0,42.95
2016-01-04 19:00:00,4.0,41.96
2016-01-04 20:00:00,4.3,34.94
2016-01-04 21:00:00,3.9,30.66
2016-01-04 22:00:00,4.7,30.0
2016-01-04 23:00:00,4.6,23.9
2016-01-05 00:00:00,4.4,25.03
2016-01-05 01:00:00,3.6,24.42
2016-01-05 02:00:00,4.0,22.34
2016-01-05 03:00:00,4.0,21.5
2016-01-05 04:00:00,4.3,20.0
2016-01-05 05:00:00,3.7,23.53
2016-01-05 06:00:00,3.6,28.96
2016-01-05 07:00:00,3.4,38.32
2016-01-05 08:00:00,4.0,41.45
2016-01-05 09:00:00,3.9,40.72
2016-01-05 10:00:00,3.8,40.66
2016-01-05 11:00:00,3.5,40.33
2016-01-05 12:00:00,3.7,38.25
2016-01-05 13:00:00,3.5,36.98
2016-01-05 14:00:00,2.9,34.91
2016-01-05 15:00:00,3.2,33.5
2016-01-05 16:00:00,3.6,35.1
2016-01-05 17:00:00,3.2,42.44
2016-01-05 18:00:00,3.2,42.94
2016-01-05 19:00:00,3.0,41.74
2016-01-05 20:00:00,2.8,36.47
2016-01-05 21:00:00,2.7,33.01
2016-01-05 22:00:00,2.3,31.75
2016-01-05 23:00:00,2.0,26.99
2016-01-06 00:00:00,2.0,26.62
2016-01-06 01:00:00,1.5,25.58
2016-01-06 02:00:00,1.8,24.59
2016-01-06 03:00:00,1.9,22.5
2016-01-06 04:00:00,2.2,23.16
2016-01-06 05:00:00,2.0,24.99
2016-01-06 06:00:00,2.3,26.62
2016-01-06 07:00:00,1.8,28.03
2016-01-06 08:00:00,2.5,29.34
2016-01-06 09:00:00,1.8,32.94
2016-01-06 10:00:00,1.7,37.71
2016-01-06 11:00:00,2.2,40.08
2016-01-06 12:00:00,2.2,40.73
2016-01-06 13:00:00,1.8,38.26
2016-01-06 14:00:00,1.9,35.44
2016-01-06 15:00:00,2.3,36.92
2016-01-06 16:00:00,1.4,41.28
2016-01-06 17:00:00,1.5,44.95
2016-01-06 18:00:00,1.7,46.9
2016-01-06 19:00:00,1.7,43.95
2016-01-06 20:00:00,1.6,39.94
2016-01-06 21:00:00,1.5,32.4
2016-01-06 22:00:00,1.7,33.51
2016-01-06 23:00:00,1.8,30.11
2016-01-07 00:00:00,1.4,26.41
2016-01-07 01:00:00,1.3,26.05
2016-01-07 02:00:00,1.2,24.93
2016-01-07 03:00:00,1.5,22.39
2016-01-07 04:00:00,1.5,22.32
2016-01-07 05:00:00,1.8,24.2
2016-01-07 06:00:00,1.8,31.0
2016-01-07 07:00:00,2.0,42.47
2016-01-07 08:00:00,1.9,42.97
2016-01-07 09:00:00,1.7,41.93
2016-01-07 10:00:00,2.7,41.62
2016-01-07 11:00:00,2.6,41.5
2016-01-07 12:00:00,2.1,40.66
2016-01-07 13:00:00,2.7,40.33
2016-01-07 14:00:00,3.1,36.51
2016-01-07 15:00:00,3.6,33.49
2016-01-07 16:00:00,3.0,34.19
2016-01-07 17:00:00,3.7,40.66
2016-01-07 18:00:00,4.2,40.8
2016-01-07 19:00:00,4.5,37.19
2016-01-07 20:00:00,4.8,31.94
2016-01-07 21:00:00,4.5,27.01
2016-01-07 22:00:00,3.7,27.52
2016-01-07 23:00:00,4.1,23.4
2016-01-08 00:00:00,3.7,12.12
2016-01-08 01:00:00,3.6,17.23
2016-01-08 02:00:00,3.6,13.9
2016-01-08 03:00:00,3.4,12.11
2016-01-08 04:00:00,5.4,12.99
2016-01-08 05:00:00,6.0,16.98
2016-01-08 06:00:00,4.7,22.02
2016-01-08 07:00:00,4.8,28.4
2016-01-08 08:00:00,5.9,29.31
2016-01-08 09:00:00,6.2,26.6
2016-01-08 10:00:00,7.6,25.55
2016-01-08 11:00:00,9.2,25.76
2016-01-08 12:00:00,9.5,25.13
2016-01-08 13:00:00,9.3,25.58
2016-01-08 14:00:00,6.5,27.6
2016-01-08 15:00:00,4.3,32.08
2016-01-08 16:00:00,4.6,37.16
2016-01-08 17:00:00,4.2,45.0
2016-01-08 18:00:00,5.2,46.97
2016-01-08 19:00:00,5.9,40.09
2016-01-08 20:00:00,5.2,34.61
2016-01-08 21:00:00,5.1,31.52
2016-01-08 22:00:00,4.9,32.5
2016-01-08 23:00:00,3.8,26.01
2016-01-09 00:00:00,2.2,26.1
2016-01-09 01:00:00,2.4,25.1
2016-01-09 02:00:00,0.9,24.3
2016-01-09 03:00:00,1.6,23.23
2016-01-09 04:00:00,1.5,21.96
2016-01-09 05:00:00,1.3,22.45
2016-01-09 06:00:00,1.7,23.07
2016-01-09 07:00:00,2.0,25.0
2016-01-09 08:00:00,1.8,32.11
2016-01-09 09:00:00,1.9,37.12
2016-01-09 10:00:00,1.8,36.13
2016-01-09 11:00:00,2.1,35.76
2016-01-09 12:00:00,2.3,34.06
2016-01-09 13:00:00,2.4,31.54
2016-01-09 14:00:00,2.2,27.92
2016-01-09 15:00:00,1.8,27.0
2016-01-09 16:00:00,1.7,30.5
2016-01-09 17:00:00,1.8,36.99
2016-01-09 18:00:00,2.1,36.8
2016-01-09 19:00:00,1.8,35.0
2016-01-09 20:00:00,1.9,29.0
2016-01-09 21:00:00,2.2,25.01
2016-01-09 22:00:00,2.8,25.1
2016-01-09 23:00:00,2.7,22.28
2016-01-10 00:00:00,2.7,15.58
2016-01-10 01:00:00,2.3,19.05
2016-01-10 02:00:00,2.1,16.87
2016-01-10 03:00:00,0.7,12.75
2016-01-10 04:00:00,2.0,10.81
2016-01-10 05:00:00,2.5,10.85
2016-01-10 06:00:00,2.8,9.85
2016-01-10 07:00:00,2.8,11.92
2016-01-10 08:00:00,3.0,15.44
2016-01-10 09:00:00,3.3,18.99
2016-01-10 10:00:00,3.7,19.66
2016-01-10 11:00:00,3.8,21.59
2016-01-10 12:00:00,3.3,21.83
2016-01-10 13:00:00,3.1,20.82
2016-01-10 14:00:00,2.8,20.06
2016-01-10 15:00:00,3.0,21.45
2016-01-10 16:00:00,3.0,23.92
2016-01-10 17:00:00,3.0,27.93
2016-01-10 18:00:00,3.3,35.0
2016-01-10 19:00:00,3.4,33.0
2016-01-10 20:00:00,3.3,30.03
2016-01-10 21:00:00,3.2,26.06
2016-01-10 22:00:00,3.6,26.93
2016-01-10 23:00:00,2.8,23.12
2016-01-11 00:00:00,3.3,21.95
2016-01-11 01:00:00,2.4,20.04
2016-01-11 02:00:00,1.6,19.78
2016-01-11 03:00:00,1.8,19.36
2016-01-11 04:00:00,1.7,19.56
2016-01-11 05:00:00,2.7,21.67
2016-01-11 06:00:00,3.2,28.5
2016-01-11 07:00:00,2.8,41.61
2016-01-11 08:00:00,2.3,45.93
2016-01-11 09:00:00,1.3,44.0
2016-01-11 10:00:00,1.2,41.94
2016-01-11 11:00:00,2.3,41.96
2016-01-11 12:00:00,2.0,42.33
2016-01-11 13:00:00,2.1,42.1
2016-01-11 14:00:00,1.5,39.88
2016-01-11 15:00:00,1.3,37.5
2016-01-11 16:00:00,2.0,37.95
2016-01-11 17:00:00,2.0,44.69
2016-01-11 18:00:00,2.2,42.88
2016-01-11 19:00:00,1.9,40.0
2016-01-11 20:00:00,2.1,33.09
2016-01-11 21:00:00,2.5,27.93
2016-01-11 22:00:00,1.8,28.0
2016-01-11 23:00:00,1.7,24.14
2016-01-12 00:00:00,1.2,21.51
2016-01-12 01:00:00,2.1,19.81
2016-01-12 02:00:00,2.1,19.1
2016-01-12 03:00:00,1.6,15.74
2016-01-12 04:00:00,2.1,15.54
2016-01-12 05:00:00,4.7,20.19
2016-01-12 06:00:00,5.3,24.38
2016-01-12 07:00:00,6.4,35.92
2016-01-12 08:00:00,5.3,40.5
2016-01-12 09:00:00,4.2,41.0
2016-01-12 10:00:00,3.3,38.66
2016-01-12 11:00:00,2.3,36.46
2016-01-12 12:00:00,4.0,35.0
2016-01-12 13:00:00,3.9,33.3
2016-01-12 14:00:00,5.4,32.21
2016-01-12 15:00:00,4.6,33.0
2016-01-12 16:00:00,3.5,36.08
2016-01-12 17:00:00,3.4,41.94
2016-01-12 18:00:00,3.4,40.33
2016-01-12 19:00:00,4.8,29.69
2016-01-12 20:00:00,3.5,26.05
2016-01-12 21:00:00,4.5,24.76
2016-01-12 22:00:00,5.2,24.03
2016-01-12 23:00:00,4.8,21.51
2016-01-13 00:00:00,3.9,21.0
2016-01-13 01:00:00,5.2,19.66
2016-01-13 02:00:00,4.4,18.13
2016-01-13 03:00:00,4.8,15.3
2016-01-13 04:00:00,5.3,18.05
2016-01-13 05:00:00,4.2,20.83
2016-01-13 06:00:00,4.3,24.1
2016-01-13 07:00:00,5.2,27.87
2016-01-13 08:00:00,3.9,29.98
2016-01-13 09:00:00,3.0,30.73
2016-01-13 10:00:00,4.8,31.45
2016-01-13 11:00:00,5.7,33.56
2016-01-13 12:00:00,6.5,33.99
2016-01-13 13:00:00,7.0,34.09
2016-01-13 14:00:00,6.2,34.02
2016-01-13 15:00:00,6.5,37.44
2016-01-13 16:00:00,6.7,39.58
2016-01-13 17:00:00,7.1,43.0
2016-01-13 18:00:00,8.3,42.22
2016-01-13 19:00:00,6.2,38.86
2016-01-13 20:00:00,5.3,29.62
2016-01-13 21:00:00,5.2,26.97
2016-01-13 22:00:00,2.7,25.88
2016-01-13 23:00:00,2.9,23.52
2016-01-14 00:00:00,2.4,24.29
2016-01-14 01:00:00,2.5,23.06
2016-01-14 02:00:00,1.7,22.22
2016-01-14 03:00:00,1.9,22.03
2016-01-14 04:00:00,2.6,22.53
2016-01-14 05:00:00,3.4,23.9
2016-01-14 06:00:00,4.5,29.99
2016-01-14 07:00:00,2.8,44.07
2016-01-14 08:00:00,3.4,44.99
2016-01-14 09:00:00,3.3,41.39
2016-01-14 10:00:00,3.8,34.95
2016-01-14 11:00:00,4.2,33.18
2016-01-14 12:00:00,4.4,31.17
2016-01-14 13:00:00,4.5,33.52
2016-01-14 14:00:00,3.5,39.97
2016-01-14 15:00:00,2.4,42.99
2016-01-14 16:00:00,2.1,42.34
2016-01-14 17:00:00,1.9,45.5
2016-01-14 18:00:00,1.8,41.06
2016-01-14 19:00:00,1.8,40.02
2016-01-14 20:00:00,2.2,38.34
2016-01-14 21:00:00,2.1,30.86
2016-01-14 22:00:00,1.9,28.16
2016-01-14 23:00:00,1.8,25.73
2016-01-15 00:00:00,2.4,24.58
2016-01-15 01:00:00,1.9,25.03
2016-01-15 02:00:00,1.7,24.36
2016-01-15 03:00:00,1.6,23.5
2016-01-15 04:00:00,2.0,22.94
2016-01-15 05:00:00,1.8,23.17
2016-01-15 06:00:00,1.6,26.35
2016-01-15 07:00:00,1.6,40.9
2016-01-15 08:00:00,1.3,45.21
2016-01-15 09:00:00,1.2,45.46
2016-01-15 10:00:00,1.0,45.99
2016-01-15 11:00:00,0.9,46.95
2016-01-15 12:00:00,1.7,44.0
2016-01-15 13:00:00,1.6,42.05
2016-01-15 14:00:00,2.4,39.99
2016-01-15 15:00:00,1.9,37.65
2016-01-15 16:00:00,1.9,38.0
2016-01-15 17:00:00,2.0,45.26
2016-01-15 18:00:00,2.4,48.04
2016-01-15 19:00:00,3.2,44.36
2016-01-15 20:00:00,3.5,34.38
2016-01-15 21:00:00,2.7,29.34
2016-01-15 22:00:00,3.6,27.17
2016-01-15 23:00:00,3.4,25.02
2016-01-16 00:00:00,3.3,27.13
2016-01-16 01:00:00,3.4,26.37
2016-01-16 02:00:00,3.9,25.58
2016-01-16 03:00:00,4.8,24.73
2016-01-16 04:00:00,4.3,24.08
2016-01-16 05:00:00,2.9,25.32
2016-01-16 06:00:00,3.5,24.77
2016-01-16 07:00:00,3.2,25.03
2016-01-16 08:00:00,3.9,27.55
2016-01-16 09:00:00,4.7,32.4
2016-01-16 10:00:00,4.6,34.21
2016-01-16 11:00:00,4.1,33.23
2016-01-16 12:00:00,2.5,29.16
2016-01-16 13:00:00,2.4,26.31
2016-01-16 14:00:00,2.9,25.47
2016-01-16 15:00:00,3.4,25.6
2016-01-16 16:00:00,1.4,30.15
2016-01-16 17:00:00,1.3,39.77
2016-01-16 18:00:00,1.9,40.03
2016-01-16 19:00:00,2.5,30.99
2016-01-16 20:00:00,2.2,26.19
2016-01-16 21:00:00,1.9,25.9
2016-01-16 22:00:00,2.0,25.53
2016-01-16 23:00:00,1.8,24.12
2016-01-17 00:00:00,2.0,20.86
2016-01-17 01:00:00,1.8,20.25
2016-01-17 02:00:00,1.7,20.76
2016-01-17 03:00:00,2.2,20.97
2016-01-17 04:00:00,1.6,20.89
2016-01-17 05:00:00,1.3,20.94
2016-01-17 06:00:00,1.8,19.64
2016-01-17 07:00:00,2.0,22.35
2016-01-17 08:00:00,1.9,23.52
2016-01-17 09:00:00,2.4,26.54
2016-01-17 10:00:00,2.0,30.11
2016-01-17 11:00:00,2.1,36.29
2016-01-17 12:00:00,1.6,32.44
2016-01-17 13:00:00,2.4,26.93
2016-01-17 14:00:00,2.9,26.19
2016-01-17 15:00:00,2.3,27.07
2016-01-17 16:00:00,2.5,31.94
2016-01-17 17:00:00,2.5,39.49
2016-01-17 18:00:00,1.2,42.8
2016-01-17 19:00:00,1.1,39.23
2016-01-17 20:00:00,1.1,33.3
2016-01-17 21:00:00,1.4,27.04
2016-01-17 22:00:00,0.9,27.05
2016-01-17 23:00:00,1.1,24.99
2016-01-18 00:00:00,1.5,23.96
2016-01-18 01:00:00,1.6,23.47
2016-01-18 02:00:00,1.2,23.56
2016-01-18 03:00:00,2.5,23.48
2016-01-18 04:00:00,1.8,23.51
2016-01-18 05:00:00,2.4,24.25
2016-01-18 06:00:00,1.9,27.61
2016-01-18 07:00:00,1.8,46.01
2016-01-18 08:00:00,2.4,49.98
2016-01-18 09:00:00,3.0,50.54
2016-01-18 10:00:00,2.5,49.91
2016-01-18 11:00:00,1.9,48.44
2016-01-18 12:00:00,0.9,46.93
2016-01-18 13:00:00,0.9,46.32
2016-01-18 14:00:00,0.6,45.76
2016-01-18 15:00:00,0.4,49.53
2016-01-18 16:00:00,0.5,49.66
2016-01-18 17:00:00,0.4,62.55
2016-01-18 18:00:00,0.4,56.07
2016-01-18 19:00:00,0.5,47.18
2016-01-18 20:00:00,0.6,35.09
2016-01-18 21:00:00,0.9,26.95
2016-01-18 22:00:00,0.6,26.94
2016-01-18 23:00:00,0.7,25.09
2016-01-19 00:00:00,0.7,31.95
2016-01-19 01:00:00,0.8,32.16
2016-01-19 02:00:00,0.6,28.97
2016-01-19 03:00:00,0.8,30.01
2016-01-19 04:00:00,1.2,30.45
2016-01-19 05:00:00,1.0,27.01
2016-01-19 06:00:00,0.8,31.9
2016-01-19 07:00:00,0.5,54.1
2016-01-19 08:00:00,0.8,64.9
2016-01-19 09:00:00,1.5,65.35
2016-01-19 10:00:00,2.5,61.31
2016-01-19 11:00:00,2.4,61.43
2016-01-19 12:00:00,2.9,58.98
2016-01-19 13:00:00,3.1,58.53
2016-01-19 14:00:00,3.0,55.81
2016-01-19 15:00:00,2.4,55.5
2016-01-19 16:00:00,2.2,56.21
2016-01-19 17:00:00,2.5,70.07
2016-01-19 18:00:00,2.9,74.97
2016-01-19 19:00:00,2.9,57.56
2016-01-19 20:00:00,3.1,48.24
2016-01-19 21:00:00,2.9,37.98
2016-01-19 22:00:00,3.0,33.67
2016-01-19 23:00:00,2.4,29.79
2016-01-20 00:00:00,1.6,26.05
2016-01-20 01:00:00,3.1,26.17
2016-01-20 02:00:00,4.0,26.42
2016-01-20 03:00:00,3.6,25.36
2016-01-20 04:00:00,3.7,25.76
2016-01-20 05:00:00,3.3,26.54
2016-01-20 06:00:00,3.8,32.7
2016-01-20 07:00:00,4.3,55.08
2016-01-20 08:00:00,4.8,61.08
2016-01-20 09:00:00,4.8,58.43
2016-01-20 10:00:00,4.5,58.97
2016-01-20 11:00:00,4.8,56.14
2016-01-20 12:00:00,4.4,58.6
2016-01-20 13:00:00,4.2,57.58
2016-01-20 14:00:00,3.8,54.95
2016-01-20 15:00:00,3.4,52.42
2016-01-20 16:00:00,3.4,72.01
2016-01-20 17:00:00,2.9,92.75
2016-01-20 18:00:00,3.0,79.09
2016-01-20 19:00:00,2.7,70.03
2016-01-20 20:00:00,3.2,50.1
2016-01-20 21:00:00,2.0,40.06
2016-01-20 22:00:00,2.4,33.52
2016-01-20 23:00:00,3.0,29.63
2016-01-21 00:00:00,1.6,29.65
2016-01-21 01:00:00,2.6,27.82
2016-01-21 02:00:00,3.2,26.65
2016-01-21 03:00:00,3.8,26.96
2016-01-21 04:00:00,3.1,27.47
2016-01-21 05:00:00,2.8,29.09
2016-01-21 06:00:00,3.5,40.78
2016-01-21 07:00:00,3.8,70.01
2016-01-21 08:00:00,3.4,85.05
2016-01-21 09:00:00,4.2,83.54
2016-01-21 10:00:00,4.4,74.94
2016-01-21 11:00:00,4.2,70.12
2016-01-21 12:00:00,3.5,59.91
2016-01-21 13:00:00,3.7,57.69
2016-01-21 14:00:00,3.9,57.99
2016-01-21 15:00:00,3.5,61.05
2016-01-21 16:00:00,2.7,57.43
2016-01-21 17:00:00,1.8,77.13
2016-01-21 18:00:00,1.9,86.01
2016-01-21 19:00:00,1.0,60.13
2016-01-21 20:00:00,1.2,50.09
2016-01-21 21:00:00,0.8,35.47
2016-01-21 22:00:00,0.9,30.36
2016-01-21 23:00:00,0.5,26.97
2016-01-22 00:00:00,0.8,28.05
2016-01-22 01:00:00,0.8,27.92
2016-01-22 02:00:00,1.0,26.78
2016-01-22 03:00:00,0.7,26.57
2016-01-22 04:00:00,0.9,27.02
2016-01-22 05:00:00,1.0,28.07
2016-01-22 06:00:00,0.6,30.82
2016-01-22 07:00:00,0.8,48.46
2016-01-22 08:00:00,1.1,52.5
2016-01-22 09:00:00,1.5,48.66
2016-01-22 10:00:00,1.7,45.11
2016-01-22 11:00:00,2.4,44.96
2016-01-22 12:00:00,3.1,42.06
2016-01-22 13:00:00,2.6,37.02
2016-01-22 14:00:00,2.4,32.27
2016-01-22 15:00:00,2.4,32.65
2016-01-22 16:00:00,2.6,32.84
2016-01-22 17:00:00,2.5,34.83
2016-01-22 18:00:00,2.7,28.3
2016-01-22 19:00:00,2.2,26.88
2016-01-22 20:00:00,2.7,25.46
2016-01-22 21:00:00,3.0,24.88
2016-01-22 22:00:00,2.8,24.28
2016-01-22 23:00:00,3.4,22.63
2016-01-23 00:00:00,3.3,24.44
2016-01-23 01:00:00,3.3,24.02
2016-01-23 02:00:00,3.7,23.03
2016-01-23 03:00:00,4.4,22.99
2016-01-23 04:00:00,5.1,22.68
2016-01-23 05:00:00,5.0,22.44
2016-01-23 06:00:00,4.5,21.46
2016-01-23 07:00:00,4.1,23.35
2016-01-23 08:00:00,3.6,24.68
2016-01-23 09:00:00,3.9,28.9
2016-01-23 10:00:00,2.9,31.32
2016-01-23 11:00:00,2.2,34.75
2016-01-23 12:00:00,1.9,34.39
2016-01-23 13:00:00,1.9,30.45
2016-01-23 14:00:00,4.0,28.04
2016-01-23 15:00:00,4.4,29.1
2016-01-23 16:00:00,5.1,29.7
2016-01-23 17:00:00,6.3,36.97
2016-01-23 18:00:00,6.8,42.6
2016-01-23 19:00:00,7.5,35.83
2016-01-23 20:00:00,6.3,28.84
2016-01-23 21:00:00,5.5,25.4
2016-01-23 22:00:00,5.0,26.27
2016-01-23 23:00:00,4.8,27.06
2016-01-24 00:00:00,4.4,24.08
2016-01-24 01:00:00,4.3,23.99
2016-01-24 02:00:00,3.9,24.83
2016-01-24 03:00:00,3.5,23.24
2016-01-24 04:00:00,3.1,22.54
2016-01-24 05:00:00,2.5,23.41
2016-01-24 06:00:00,2.3,21.41
2016-01-24 07:00:00,2.3,21.4
2016-01-24 08:00:00,2.2,22.12
2016-01-24 09:00:00,2.8,24.63
2016-01-24 10:00:00,2.2,27.05
2016-01-24 11:00:00,2.5,32.66
2016-01-24 12:00:00,3.0,28.94
2016-01-24 13:00:00,2.7,26.04
2016-01-24 14:00:00,2.8,24.84
2016-01-24 15:00:00,1.4,23.99
2016-01-24 16:00:00,1.6,25.04
2016-01-24 17:00:00,1.9,32.88
2016-01-24 18:00:00,2.4,36.09
2016-01-24 19:00:00,2.5,35.87
2016-01-24 20:00:00,2.4,31.07
2016-01-24 21:00:00,2.4,26.0
2016-01-24 22:00:00,2.1,27.09
2016-01-24 23:00:00,2.1,22.44
2016-01-25 00:00:00,2.0,20.07
2016-01-25 01:00:00,1.9,19.65
2016-01-25 02:00:00,2.8,19.68
2016-01-25 03:00:00,3.7,19.98
2016-01-25 04:00:00,4.5,20.33
2016-01-25 05:00:00,4.0,21.32
2016-01-25 06:00:00,4.4,25.01
2016-01-25 07:00:00,5.8,34.94
2016-01-25 08:00:00,5.7,35.0
2016-01-25 09:00:00,5.8,36.04
2016-01-25 10:00:00,5.7,36.62
2016-01-25 11:00:00,5.3,35.6
2016-01-25 12:00:00,5.4,34.75
2016-01-25 13:00:00,5.0,32.26
2016-01-25 14:00:00,5.0,30.61
2016-01-25 15:00:00,4.3,29.73
2016-01-25 16:00:00,3.4,31.17
2016-01-25 17:00:00,4.1,34.96
2016-01-25 18:00:00,2.8,36.33
2016-01-25 19:00:00,2.7,31.96
2016-01-25 20:00:00,3.6,26.8
2016-01-25 21:00:00,3.1,25.32
2016-01-25 22:00:00,3.4,23.93
2016-01-25 23:00:00,3.8,18.11
2016-01-26 00:00:00,2.3,20.23
2016-01-26 01:00:00,1.5,18.02
2016-01-26 02:00:00,2.2,15.9
2016-01-26 03:00:00,3.6,15.91
2016-01-26 04:00:00,4.4,17.1
2016-01-26 05:00:00,3.7,21.8
2016-01-26 06:00:00,3.7,27.09
2016-01-26 07:00:00,2.9,34.13
2016-01-26 08:00:00,3.5,38.11
2016-01-26 09:00:00,5.1,32.31
2016-01-26 10:00:00,5.0,29.99
2016-01-26 11:00:00,5.2,29.55
2016-01-26 12:00:00,5.9,28.52
2016-01-26 13:00:00,7.1,29.33
2016-01-26 14:00:00,4.5,27.97
2016-01-26 15:00:00,3.3,30.09
2016-01-26 16:00:00,2.1,30.62
2016-01-26 17:00:00,2.5,32.87
2016-01-26 18:00:00,2.2,29.27
2016-01-26 19:00:00,3.9,24.94
2016-01-26 20:00:00,5.4,23.17
2016-01-26 21:00:00,4.2,21.66
2016-01-26 22:00:00,4.7,20.24
2016-01-26 23:00:00,5.7,13.43
2016-01-27 00:00:00,6.1,10.97
2016-01-27 01:00:00,6.7,3.18
2016-01-27 02:00:00,6.6,0.05
2016-01-27 03:00:00,6.4,0.13
2016-01-27 04:00:00,5.7,8.82
2016-01-27 05:00:00,6.0,13.3
2016-01-27 06:00:00,5.8,17.33
2016-01-27 07:00:00,5.9,22.97
2016-01-27 08:00:00,6.4,23.93
2016-01-27 09:00:00,6.0,28.95
2016-01-27 10:00:00,7.2,29.94
2016-01-27 11:00:00,7.9,25.55
2016-01-27 12:00:00,6.4,24.12
2016-01-27 13:00:00,8.3,22.95
2016-01-27 14:00:00,7.6,20.95
2016-01-27 15:00:00,7.1,23.91
2016-01-27 16:00:00,7.3,23.97
2016-01-27 17:00:00,6.0,28.93
2016-01-27 18:00:00,6.5,30.98
2016-01-27 19:00:00,6.2,29.07
2016-01-27 20:00:00,6.2,21.5
2016-01-27 21:00:00,6.9,19.06
2016-01-27 22:00:00,7.3,16.34
2016-01-27 23:00:00,7.4,13.96
2016-01-28 00:00:00,6.5,14.5
2016-01-28 01:00:00,6.4,12.83
2016-01-28 02:00:00,6.3,12.88
2016-01-28 03:00:00,7.0,12.14
2016-01-28 04:00:00,7.6,13.2
2016-01-28 05:00:00,6.5,17.39
2016-01-28 06:00:00,7.2,23.41
2016-01-28 07:00:00,8.3,28.49
2016-01-28 08:00:00,8.7,30.96
2016-01-28 09:00:00,8.4,29.97
2016-01-28 10:00:00,6.5,29.07
2016-01-28 11:00:00,7.3,25.21
2016-01-28 12:00:00,7.1,24.01
2016-01-28 13:00:00,6.9,25.56
2016-01-28 14:00:00,6.9,26.73
2016-01-28 15:00:00,6.9,31.02
2016-01-28 16:00:00,5.0,33.58
2016-01-28 17:00:00,4.0,39.05
2016-01-28 18:00:00,3.1,46.02
2016-01-28 19:00:00,1.6,36.56
2016-01-28 20:00:00,1.1,32.12
2016-01-28 21:00:00,1.2,27.45
2016-01-28 22:00:00,1.6,26.31
2016-01-28 23:00:00,1.6,20.79
2016-01-29 00:00:00,0.9,21.1
2016-01-29 01:00:00,1.6,19.53
2016-01-29 02:00:00,1.9,19.06
2016-01-29 03:00:00,2.0,18.08
2016-01-29 04:00:00,2.1,15.96
2016-01-29 05:00:00,2.2,18.01
2016-01-29 06:00:00,2.4,26.0
2016-01-29 07:00:00,2.7,34.89
2016-01-29 08:00:00,4.2,36.06
2016-01-29 09:00:00,6.0,34.94
2016-01-29 10:00:00,6.4,29.91
2016-01-29 11:00:00,6.7,25.43
2016-01-29 12:00:00,7.2,21.83
2016-01-29 13:00:00,7.5,20.03
2016-01-29 14:00:00,7.4,19.1
2016-01-29 15:00:00,6.7,19.39
2016-01-29 16:00:00,5.6,22.54
2016-01-29 17:00:00,5.9,27.43
2016-01-29 18:00:00,6.2,25.99
2016-01-29 19:00:00,5.9,25.18
2016-01-29 20:00:00,6.4,21.11
2016-01-29 21:00:00,7.8,17.08
2016-01-29 22:00:00,7.8,14.6
2016-01-29 23:00:00,7.1,10.29
2016-01-30 00:00:00,6.9,14.08
2016-01-30 01:00:00,6.6,8.4
2016-01-30 02:00:00,5.9,0.79
2016-01-30 03:00:00,6.0,0.0
2016-01-30 04:00:00,5.7,-0.02
2016-01-30 05:00:00,6.7,-0.04
2016-01-30 06:00:00,6.2,-2.97
2016-01-30 07:00:00,6.5,8.51
2016-01-30 08:00:00,6.5,12.42
2016-01-30 09:00:00,6.2,13.78
2016-01-30 10:00:00,8.1,14.22
2016-01-30 11:00:00,7.5,14.69
2016-01-30 12:00:00,8.0,14.27
2016-01-30 13:00:00,6.4,14.6
2016-01-30 14:00:00,4.6,14.28
2016-01-30 15:00:00,3.5,15.37
2016-01-30 16:00:00,3.0,16.03
2016-01-30 17:00:00,2.7,18.67
2016-01-30 18:00:00,5.8,27.78
2016-01-30 19:00:00,5.8,22.16
2016-01-30 20:00:00,7.6,18.53
2016-01-30 21:00:00,7.3,16.21
2016-01-30 22:00:00,5.8,15.49
2016-01-30 23:00:00,6.2,12.0
2016-01-31 00:00:00,7.2,8.43
2016-01-31 01:00:00,6.2,3.04
2016-01-31 02:00:00,6.7,5.09
2016-01-31 03:00:00,6.5,0.85
2016-01-31 04:00:00,5.7,-0.27
2016-01-31 05:00:00,6.6,0.03
2016-01-31 06:00:00,7.5,0.08
2016-01-31 07:00:00,7.0,6.04
2016-01-31 08:00:00,7.1,8.33
2016-01-31 09:00:00,7.0,10.59
2016-01-31 10:00:00,7.9,11.91
2016-01-31 11:00:00,7.9,14.68
2016-01-31 12:00:00,8.6,16.18
2016-01-31 13:00:00,7.4,12.5
2016-01-31 14:00:00,7.9,13.96
2016-01-31 15:00:00,7.5,13.89
2016-01-31 16:00:00,5.4,16.08
2016-01-31 17:00:00,4.1,21.44
2016-01-31 18:00:00,3.4,26.28
2016-01-31 19:00:00,3.8,25.48
2016-01-31 20:00:00,6.0,21.34
2016-01-31 21:00:00,3.2,18.04
2016-01-31 22:00:00,3.7,18.79
2016-01-31 23:00:00,1.5,16.45
2016-02-01 00:00:00,1.3,16.31
2016-02-01 01:00:00,2.5,14.42
2016-02-01 02:00:00,2.5,15.07
2016-02-01 03:00:00,2.4,13.27
2016-02-01 04:00:00,3.3,13.87
2016-02-01 05:00:00,2.9,14.26
2016-02-01 06:00:00,1.9,23.93
2016-02-01 07:00:00,1.9,35.9
2016-02-01 08:00:00,2.8,37.99
2016-02-01 09:00:00,3.1,36.05
2016-02-01 10:00:00,2.7,33.34
2016-02-01 11:00:00,2.4,29.24
2016-02-01 12:00:00,2.4,24.99
2016-02-01 13:00:00,2.5,21.96
2016-02-01 14:00:00,3.3,18.34
2016-02-01 15:00:00,4.6,17.97
2016-02-01 16:00:00,5.2,18.24
2016-02-01 17:00:00,4.5,23.37
2016-02-01 18:00:00,7.4,23.95
2016-02-01 19:00:00,9.4,22.65
2016-02-01 20:00:00,9.7,17.75
2016-02-01 21:00:00,10.6,14.63
2016-02-01 22:00:00,8.8,14.16
2016-02-01 23:00:00,8.7,8.44
2016-02-02 00:00:00,7.9,4.06
2016-02-02 01:00:00,8.5,0.3
2016-02-02 02:00:00,8.5,-2.66
2016-02-02 03:00:00,7.9,-1.92
2016-02-02 04:00:00,7.6,0.09
2016-02-02 05:00:00,6.2,9.52
2016-02-02 06:00:00,7.3,15.68
2016-02-02 07:00:00,8.2,22.92
2016-02-02 08:00:00,6.9,22.99
2016-02-02 09:00:00,6.9,22.15
2016-02-02 10:00:00,7.7,22.16
2016-02-02 11:00:00,7.7,22.53
2016-02-02 12:00:00,7.9,22.08
2016-02-02 13:00:00,8.8,22.09
2016-02-02 14:00:00,6.8,22.19
2016-02-02 15:00:00,3.9,23.35
2016-02-02 16:00:00,1.1,23.31
2016-02-02 17:00:00,4.3,28.42
2016-02-02 18:00:00,8.1,29.99
2016-02-02 19:00:00,6.6,24.61
2016-02-02 20:00:00,5.8,22.51
2016-02-02 21:00:00,9.0,17.59
2016-02-02 22:00:00,7.9,14.18
2016-02-02 23:00:00,6.5,9.53
2016-02-03 00:00:00,6.9,13.75
2016-02-03 01:00:00,8.8,11.58
2016-02-03 02:00:00,7.7,8.09
2016-02-03 03:00:00,7.2,6.93
2016-02-03 04:00:00,6.2,9.04
2016-02-03 05:00:00,5.6,13.74
2016-02-03 06:00:00,5.6,21.41
2016-02-03 07:00:00,6.5,33.25
2016-02-03 08:00:00,7.1,35.0
2016-02-03 09:00:00,7.1,33.96
2016-02-03 10:00:00,6.6,25.44
2016-02-03 11:00:00,7.2,22.93
2016-02-03 12:00:00,7.6,21.46
2016-02-03 13:00:00,7.5,20.95
2016-02-03 14:00:00,7.2,22.93
2016-02-03 15:00:00,7.3,23.02
2016-02-03 16:00:00,6.9,26.4
2016-02-03 17:00:00,3.8,32.62
2016-02-03 18:00:00,3.1,36.69
2016-02-03 19:00:00,3.1,36.19
2016-02-03 20:00:00,3.6,30.13
2016-02-03 21:00:00,5.3,23.75
2016-02-03 22:00:00,6.1,22.41
2016-02-03 23:00:00,7.2,17.13
2016-02-04 00:00:00,7.1,18.04
2016-02-04 01:00:00,7.2,16.38
2016-02-04 02:00:00,6.4,15.99
2016-02-04 03:00:00,6.8,15.29
2016-02-04 04:00:00,6.4,13.93
2016-02-04 05:00:00,5.6,17.01
2016-02-04 06:00:00,6.6,22.43
2016-02-04 07:00:00,6.2,31.96
2016-02-04 08:00:00,6.2,30.91
2016-02-04 09:00:00,7.4,27.93
2016-02-04 10:00:00,7.5,29.19
2016-02-04 11:00:00,8.4,30.22
2016-02-04 12:00:00,7.4,27.97
2016-02-04 13:00:00,6.4,26.87
2016-02-04 14:00:00,5.9,25.85
2016-02-04 15:00:00,5.3,27.94
2016-02-04 16:00:00,7.4,27.81
2016-02-04 17:00:00,6.0,35.0
2016-02-04 18:00:00,5.6,42.18
2016-02-04 19:00:00,6.7,39.01
2016-02-04 20:00:00,6.4,32.04
2016-02-04 21:00:00,5.6,26.96
2016-02-04 22:00:00,4.4,27.83
2016-02-04 23:00:00,3.7,23.98
2016-02-05 00:00:00,4.3,24.61
2016-02-05 01:00:00,4.5,23.0
2016-02-05 02:00:00,4.4,22.22
2016-02-05 03:00:00,4.1,20.1
2016-02-05 04:00:00,4.5,21.18
2016-02-05 05:00:00,3.3,21.18
2016-02-05 06:00:00,2.2,25.97
2016-02-05 07:00:00,2.0,33.92
2016-02-05 08:00:00,3.0,37.48
2016-02-05 09:00:00,3.6,35.25
2016-02-05 10:00:00,5.1,36.5
2016-02-05 11:00:00,4.7,35.94
2016-02-05 12:00:00,4.3,34.36
2016-02-05 13:00:00,4.7,31.95
2016-02-05 14:00:00,4.7,27.74
2016-02-05 15:00:00,5.5,25.33
2016-02-05 16:00:00,4.8,24.78
2016-02-05 17:00:00,3.0,29.96
2016-02-05 18:00:00,2.2,33.09
2016-02-05 19:00:00,2.5,28.01
2016-02-05 20:00:00,4.3,25.7
2016-02-05 21:00:00,4.4,23.12
2016-02-05 22:00:00,4.4,24.55
2016-02-05 23:00:00,3.7,22.71
2016-02-06 00:00:00,3.4,18.18
2016-02-06 01:00:00,1.7,15.55
2016-02-06 02:00:00,1.6,16.01
2016-02-06 03:00:00,2.1,14.33
2016-02-06 04:00:00,1.9,13.78
2016-02-06 05:00:00,2.3,13.98
2016-02-06 06:00:00,3.4,15.05
2016-02-06 07:00:00,3.0,16.08
2016-02-06 08:00:00,2.7,18.02
2016-02-06 09:00:00,3.6,19.34
2016-02-06 10:00:00,4.5,17.1
2016-02-06 11:00:00,4.8,16.5
2016-02-06 12:00:00,4.9,16.09
2016-02-06 13:00:00,3.9,15.11
2016-02-06 14:00:00,4.8,13.99
2016-02-06 15:00:00,5.1,15.29
2016-02-06 16:00:00,4.3,17.01
2016-02-06 17:00:00,4.0,19.97
2016-02-06 18:00:00,4.0,23.15
2016-02-06 19:00:00,3.9,21.02
2016-02-06 20:00:00,4.0,16.07
2016-02-06 21:00:00,4.0,12.71
2016-02-06 22:00:00,3.1,15.04
2016-02-06 23:00:00,3.7,11.74
2016-02-07 00:00:00,3.8,5.01
2016-02-07 01:00:00,3.9,5.98
2016-02-07 02:00:00,4.7,5.62
2016-02-07 03:00:00,4.4,3.05
2016-02-07 04:00:00,4.6,0.93
2016-02-07 05:00:00,4.9,0.08
2016-02-07 06:00:00,3.6,-0.92
2016-02-07 07:00:00,3.6,1.13
2016-02-07 08:00:00,5.0,5.74
2016-02-07 09:00:00,4.4,8.01
2016-02-07 10:00:00,4.4,12.92
2016-02-07 11:00:00,4.7,13.79
2016-02-07 12:00:00,3.9,13.84
2016-02-07 13:00:00,3.8,12.19
2016-02-07 14:00:00,3.4,11.76
2016-02-07 15:00:00,3.8,10.01
2016-02-07 16:00:00,3.7,13.32
2016-02-07 17:00:00,4.1,16.64
2016-02-07 18:00:00,2.8,22.17
2016-02-07 19:00:00,4.3,17.28
2016-02-07 20:00:00,4.5,17.88
2016-02-07 21:00:00,3.6,13.79
2016-02-07 22:00:00,3.7,15.04
2016-02-07 23:00:00,4.4,9.29
2016-02-08 00:00:00,5.1,10.02
2016-02-08 01:00:00,5.1,7.99
2016-02-08 02:00:00,5.0,5.24
2016-02-08 03:00:00,3.5,1.16
2016-02-08 04:00:00,3.2,1.4
2016-02-08 05:00:00,3.9,7.32
2016-02-08 06:00:00,3.7,12.32
2016-02-08 07:00:00,4.2,16.17
2016-02-08 08:00:00,5.1,16.55
2016-02-08 09:00:00,7.4,16.41
2016-02-08 10:00:00,6.1,16.56
2016-02-08 11:00:00,6.0,16.61
2016-02-08 12:00:00,6.1,16.35
2016-02-08 13:00:00,6.4,16.1
2016-02-08 14:00:00,6.9,16.15
2016-02-08 15:00:00,4.4,16.35
2016-02-08 16:00:00,3.8,15.94
2016-02-08 17:00:00,3.1,20.88
2016-02-08 18:00:00,6.5,27.26
2016-02-08 19:00:00,6.9,21.02
2016-02-08 20:00:00,5.7,15.24
2016-02-08 21:00:00,8.1,12.52
2016-02-08 22:00:00,8.2,12.11
2016-02-08 23:00:00,6.7,9.72
2016-02-09 00:00:00,8.1,-19.94
2016-02-09 01:00:00,8.3,-12.34
2016-02-09 02:00:00,8.3,-19.95
2016-02-09 03:00:00,8.3,-19.3
2016-02-09 04:00:00,8.7,-5.52
2016-02-09 05:00:00,8.5,2.79
2016-02-09 06:00:00,4.7,16.98
2016-02-09 07:00:00,5.9,19.75
2016-02-09 08:00:00,5.8,23.43
2016-02-09 09:00:00,5.5,20.99
2016-02-09 10:00:00,6.0,23.9
2016-02-09 11:00:00,4.5,24.93
2016-02-09 12:00:00,5.6,27.03
2016-02-09 13:00:00,3.6,28.69
2016-02-09 14:00:00,4.8,27.44
2016-02-09 15:00:00,4.8,26.97
2016-02-09 16:00:00,4.0,27.24
2016-02-09 17:00:00,3.6,31.01
2016-02-09 18:00:00,4.0,39.98
2016-02-09 19:00:00,5.4,34.06
2016-02-09 20:00:00,5.3,28.77
2016-02-09 21:00:00,6.6,23.97
2016-02-09 22:00:00,6.8,20.78
2016-02-09 23:00:00,6.1,15.99
2016-02-10 00:00:00,7.8,13.08
2016-02-10 01:00:00,10.0,13.68
2016-02-10 02:00:00,8.4,13.06
2016-02-10 03:00:00,7.7,13.41
2016-02-10 04:00:00,7.0,14.3
2016-02-10 05:00:00,6.2,16.2
2016-02-10 06:00:00,4.6,22.8
2016-02-10 07:00:00,3.9,30.59
2016-02-10 08:00:00,4.5,32.05
2016-02-10 09:00:00,4.6,32.42
2016-02-10 10:00:00,5.6,30.94
2016-02-10 11:00:00,6.1,29.98
2016-02-10 12:00:00,5.3,25.97
2016-02-10 13:00:00,6.7,27.74
2016-02-10 14:00:00,5.4,27.44
2016-02-10 15:00:00,6.1,27.77
2016-02-10 16:00:00,6.5,28.68
2016-02-10 17:00:00,5.6,32.1
2016-02-10 18:00:00,4.3,36.59
2016-02-10 19:00:00,4.9,29.44
2016-02-10 20:00:00,4.0,23.18
2016-02-10 21:00:00,3.7,21.66
2016-02-10 22:00:00,4.3,21.94
2016-02-10 23:00:00,5.2,18.88
2016-02-11 00:00:00,4.7,17.72
2016-02-11 01:00:00,5.5,17.46
2016-02-11 02:00:00,5.3,16.91
2016-02-11 03:00:00,5.7,16.97
2016-02-11 04:00:00,5.7,17.66
2016-02-11 05:00:00,6.3,18.55
2016-02-11 06:00:00,6.6,20.84
2016-02-11 07:00:00,7.7,30.82
2016-02-11 08:00:00,7.7,25.34
2016-02-11 09:00:00,8.6,22.84
2016-02-11 10:00:00,10.1,21.12
2016-02-11 11:00:00,8.9,24.74
2016-02-11 12:00:00,8.0,23.72
2016-02-11 13:00:00,8.5,23.01
2016-02-11 14:00:00,7.9,21.03
2016-02-11 15:00:00,4.8,30.0
2016-02-11 16:00:00,5.5,31.58
2016-02-11 17:00:00,4.5,36.0
2016-02-11 18:00:00,4.4,41.02
2016-02-11 19:00:00,3.9,41.34
2016-02-11 20:00:00,3.5,32.98
2016-02-11 21:00:00,3.8,29.96
2016-02-11 22:00:00,3.8,29.46
2016-02-11 23:00:00,3.2,26.1
2016-02-12 00:00:00,2.9,22.81
2016-02-12 01:00:00,3.5,21.59
2016-02-12 02:00:00,3.6,21.3
2016-02-12 03:00:00,3.5,19.86
2016-02-12 04:00:00,3.4,20.69
2016-02-12 05:00:00,2.6,21.64
2016-02-12 06:00:00,2.7,27.18
2016-02-12 07:00:00,2.2,36.43
2016-02-12 08:00:00,2.3,37.3
2016-02-12 09:00:00,3.1,34.97
2016-02-12 10:00:00,5.0,34.7
2016-02-12 11:00:00,4.6,33.48
2016-02-12 12:00:00,3.6,30.0
2016-02-12 13:00:00,3.1,26.93
2016-02-12 14:00:00,2.5,25.62
2016-02-12 15:00:00,2.2,25.0
2016-02-12 16:00:00,2.2,27.18
2016-02-12 17:00:00,1.8,34.56
2016-02-12 18:00:00,1.6,40.36
2016-02-12 19:00:00,1.8,35.56
2016-02-12 20:00:00,1.3,29.96
2016-02-12 21:00:00,1.6,26.45
2016-02-12 22:00:00,1.6,27.18
2016-02-12 23:00:00,0.7,25.45
2016-02-13 00:00:00,0.8,22.23
2016-02-13 01:00:00,0.8,21.1
2016-02-13 02:00:00,1.1,20.21
2016-02-13 03:00:00,1.0,19.94
2016-02-13 04:00:00,0.5,19.9
2016-02-13 05:00:00,0.8,19.98
2016-02-13 06:00:00,0.5,19.9
2016-02-13 07:00:00,0.7,21.48
2016-02-13 08:00:00,1.1,28.38
2016-02-13 09:00:00,1.3,30.36
2016-02-13 10:00:00,0.9,30.09
2016-02-13 11:00:00,0.8,29.84
2016-02-13 12:00:00,2.3,26.75
2016-02-13 13:00:00,2.2,23.93
2016-02-13 14:00:00,2.0,21.37
2016-02-13 15:00:00,2.2,21.15
2016-02-13 16:00:00,3.0,20.96
2016-02-13 17:00:00,2.1,24.69
2016-02-13 18:00:00,2.9,29.65
2016-02-13 19:00:00,4.0,24.61
2016-02-13 20:00:00,4.3,19.91
2016-02-13 21:00:00,4.5,18.7
2016-02-13 22:00:00,3.5,18.47
2016-02-13 23:00:00,3.7,16.88
2016-02-14 00:00:00,4.1,13.06
2016-02-14 01:00:00,4.0,10.28
2016-02-14 02:00:00,4.2,8.48
2016-02-14 03:00:00,4.1,5.09
2016-02-14 04:00:00,4.1,4.21
2016-02-14 05:00:00,4.1,4.75
2016-02-14 06:00:00,3.7,5.3
2016-02-14 07:00:00,3.6,8.76
2016-02-14 08:00:00,3.2,11.81
2016-02-14 09:00:00,2.8,15.03
2016-02-14 10:00:00,2.7,17.46
2016-02-14 11:00:00,2.4,18.01
2016-02-14 12:00:00,2.5,17.69
2016-02-14 13:00:00,2.7,17.34
2016-02-14 14:00:00,2.7,16.27
2016-02-14 15:00:00,2.6,15.13
2016-02-14 16:00:00,1.8,16.96
2016-02-14 17:00:00,1.7,21.21
2016-02-14 18:00:00,2.2,29.94
2016-02-14 19:00:00,1.6,30.38
2016-02-14 20:00:00,0.6,23.57
2016-02-14 21:00:00,0.6,20.21
2016-02-14 22:00:00,1.4,20.33
2016-02-14 23:00:00,1.7,17.52
2016-02-15 00:00:00,1.5,16.57
2016-02-15 01:00:00,1.4,16.0
2016-02-15 02:00:00,2.8,14.36
2016-02-15 03:00:00,2.4,13.14
2016-02-15 04:00:00,2.4,12.68
2016-02-15 05:00:00,2.3,14.65
2016-02-15 06:00:00,2.2,21.12
2016-02-15 07:00:00,2.6,32.18
2016-02-15 08:00:00,3.1,30.11
2016-02-15 09:00:00,2.4,31.72
2016-02-15 10:00:00,2.4,30.91
2016-02-15 11:00:00,2.2,29.93
2016-02-15 12:00:00,4.0,27.22
2016-02-15 13:00:00,5.8,25.39
2016-02-15 14:00:00,5.8,24.81
2016-02-15 15:00:00,5.6,24.4
2016-02-15 16:00:00,5.0,24.93
2016-02-15 17:00:00,5.5,28.45
2016-02-15 18:00:00,5.0,35.19
2016-02-15 19:00:00,5.1,32.19
2016-02-15 20:00:00,5.3,30.05
2016-02-15 21:00:00,4.4,24.39
2016-02-15 22:00:00,5.5,25.87
2016-02-15 23:00:00,4.9,22.39
2016-02-16 00:00:00,4.4,22.37
2016-02-16 01:00:00,5.0,22.32
2016-02-16 02:00:00,6.0,22.31
2016-02-16 03:00:00,5.4,22.04
2016-02-16 04:00:00,4.9,21.83
2016-02-16 05:00:00,4.6,22.74
2016-02-16 06:00:00,4.8,29.39
2016-02-16 07:00:00,4.9,40.43
2016-02-16 08:00:00,4.1,42.46
2016-02-16 09:00:00,4.0,42.42
2016-02-16 10:00:00,3.9,37.91
2016-02-16 11:00:00,3.3,35.72
2016-02-16 12:00:00,4.1,33.07
2016-02-16 13:00:00,3.9,32.77
2016-02-16 14:00:00,3.0,31.7
2016-02-16 15:00:00,2.0,32.09
2016-02-16 16:00:00,0.8,34.88
2016-02-16 17:00:00,0.7,39.81
2016-02-16 18:00:00,0.3,53.46
2016-02-16 19:00:00,0.4,49.71
2016-02-16 20:00:00,0.5,33.96
2016-02-16 21:00:00,0.5,27.0
2016-02-16 22:00:00,1.2,24.98
2016-02-16 23:00:00,2.1,21.48
2016-02-17 00:00:00,1.8,18.97
2016-02-17 01:00:00,2.1,18.86
2016-02-17 02:00:00,2.6,18.7
2016-02-17 03:00:00,2.7,18.74
2016-02-17 04:00:00,3.2,19.58
2016-02-17 05:00:00,4.1,19.0
2016-02-17 06:00:00,4.1,22.75
2016-02-17 07:00:00,4.0,30.97
2016-02-17 08:00:00,4.5,31.71
2016-02-17 09:00:00,4.9,29.95
2016-02-17 10:00:00,5.7,23.53
2016-02-17 11:00:00,5.6,24.77
2016-02-17 12:00:00,6.1,23.55
2016-02-17 13:00:00,6.3,24.72
2016-02-17 14:00:00,5.8,25.91
2016-02-17 15:00:00,4.5,29.9
2016-02-17 16:00:00,5.0,30.67
2016-02-17 17:00:00,5.6,38.06
2016-02-17 18:00:00,4.2,40.87
2016-02-17 19:00:00,3.0,33.96
2016-02-17 20:00:00,3.3,29.94
2016-02-17 21:00:00,2.4,24.05
2016-02-17 22:00:00,1.2,24.25
2016-02-17 23:00:00,0.9,22.73
2016-02-18 00:00:00,0.6,20.74
2016-02-18 01:00:00,1.7,20.57
2016-02-18 02:00:00,1.5,18.87
2016-02-18 03:00:00,1.9,19.88
2016-02-18 04:00:00,2.2,19.89
2016-02-18 05:00:00,2.3,20.33
2016-02-18 06:00:00,1.6,23.16
2016-02-18 07:00:00,2.1,35.53
2016-02-18 08:00:00,2.1,39.92
2016-02-18 09:00:00,2.1,34.97
2016-02-18 10:00:00,2.4,29.92
2016-02-18 11:00:00,2.4,25.98
2016-02-18 12:00:00,1.6,23.77
2016-02-18 13:00:00,1.7,24.53
2016-02-18 14:00:00,1.7,25.13
2016-02-18 15:00:00,2.3,29.04
2016-02-18 16:00:00,2.0,32.0
2016-02-18 17:00:00,1.3,38.74
2016-02-18 18:00:00,0.9,45.08
2016-02-18 19:00:00,0.5,38.06
2016-02-18 20:00:00,1.4,32.24
2016-02-18 21:00:00,1.6,25.95
2016-02-18 22:00:00,1.1,23.09
2016-02-18 23:00:00,0.8,21.34
2016-02-19 00:00:00,0.8,21.85
2016-02-19 01:00:00,0.9,21.44
2016-02-19 02:00:00,0.9,21.75
2016-02-19 03:00:00,0.6,22.19
2016-02-19 04:00:00,1.5,22.37
2016-02-19 05:00:00,1.8,19.46
2016-02-19 06:00:00,1.4,27.83
2016-02-19 07:00:00,1.1,34.98
2016-02-19 08:00:00,0.6,38.49
2016-02-19 09:00:00,0.5,34.95
2016-02-19 10:00:00,2.6,34.95
2016-02-19 11:00:00,4.2,37.91
2016-02-19 12:00:00,3.7,31.55
2016-02-19 13:00:00,4.0,27.93
2016-02-19 14:00:00,4.3,25.25
2016-02-19 15:00:00,5.5,25.09
2016-02-19 16:00:00,4.8,24.84
2016-02-19 17:00:00,3.2,30.04
2016-02-19 18:00:00,2.4,34.94
2016-02-19 19:00:00,2.5,27.99
2016-02-19 20:00:00,2.4,23.69
2016-02-19 21:00:00,2.6,24.93
2016-02-19 22:00:00,3.2,23.38
2016-02-19 23:00:00,3.0,18.9
2016-02-20 00:00:00,3.3,18.3
2016-02-20 01:00:00,3.5,16.82
2016-02-20 02:00:00,3.2,11.54
2016-02-20 03:00:00,2.7,9.69
2016-02-20 04:00:00,2.7,9.52
2016-02-20 05:00:00,2.7,5.01
2016-02-20 06:00:00,3.0,5.06
2016-02-20 07:00:00,2.8,9.09
2016-02-20 08:00:00,3.5,8.69
2016-02-20 09:00:00,4.3,13.43
2016-02-20 10:00:00,4.9,16.36
2016-02-20 11:00:00,4.6,17.0
2016-02-20 12:00:00,4.9,16.96
2016-02-20 13:00:00,5.5,15.94
2016-02-20 14:00:00,4.8,15.77
2016-02-20 15:00:00,4.4,16.05
2016-02-20 16:00:00,3.7,16.15
2016-02-20 17:00:00,3.2,18.99
2016-02-20 18:00:00,4.0,24.22
2016-02-20 19:00:00,3.8,23.49
2016-02-20 20:00:00,4.6,18.96
2016-02-20 21:00:00,4.6,13.92
2016-02-20 22:00:00,5.0,11.79
2016-02-20 23:00:00,4.4,7.81
2016-02-21 00:00:00,3.9,9.37
2016-02-21 01:00:00,3.7,6.52
2016-02-21 02:00:00,3.9,5.09
2016-02-21 03:00:00,6.2,3.14
2016-02-21 04:00:00,7.2,0.46
2016-02-21 05:00:00,5.7,0.13
2016-02-21 06:00:00,7.6,-0.05
2016-02-21 07:00:00,8.2,0.13
2016-02-21 08:00:00,5.9,5.62
2016-02-21 09:00:00,5.1,10.81
2016-02-21 10:00:00,4.1,13.07
2016-02-21 11:00:00,5.4,14.94
2016-02-21 12:00:00,4.0,14.95
2016-02-21 13:00:00,4.2,10.6
2016-02-21 14:00:00,3.9,7.71
2016-02-21 15:00:00,2.7,4.95
2016-02-21 16:00:00,2.4,7.69
2016-02-21 17:00:00,4.4,14.34
2016-02-21 18:00:00,5.0,18.61
2016-02-21 19:00:00,6.1,18.2
2016-02-21 20:00:00,6.2,12.0
2016-02-21 21:00:00,5.9,12.64
2016-02-21 22:00:00,7.3,13.94
2016-02-21 23:00:00,9.2,9.31
2016-02-22 00:00:00,10.1,-4.93
2016-02-22 01:00:00,9.3,-4.98
2016-02-22 02:00:00,10.4,-5.08
2016-02-22 03:00:00,10.1,-1.02
2016-02-22 04:00:00,10.1,-0.97
2016-02-22 05:00:00,9.5,7.63
2016-02-22 06:00:00,8.7,18.05
2016-02-22 07:00:00,11.1,26.38
2016-02-22 08:00:00,11.1,27.92
2016-02-22 09:00:00,11.0,23.97
2016-02-22 10:00:00,10.8,23.11
2016-02-22 11:00:00,9.8,23.93
2016-02-22 12:00:00,10.0,24.0
2016-02-22 13:00:00,9.3,24.52
2016-02-22 14:00:00,4.5,23.98
2016-02-22 15:00:00,4.9,23.91
2016-02-22 16:00:00,3.2,23.92
2016-02-22 17:00:00,3.5,27.93
2016-02-22 18:00:00,2.4,40.13
2016-02-22 19:00:00,3.5,39.45
2016-02-22 20:00:00,2.6,29.37
2016-02-22 21:00:00,2.2,24.69
2016-02-22 22:00:00,3.0,25.08
2016-02-22 23:00:00,3.9,19.56
2016-02-23 00:00:00,3.6,17.81
2016-02-23 01:00:00,3.4,14.28
2016-02-23 02:00:00,3.6,17.23
2016-02-23 03:00:00,4.1,17.47
2016-02-23 04:00:00,3.5,17.83
2016-02-23 05:00:00,3.8,19.15
2016-02-23 06:00:00,4.1,27.32
2016-02-23 07:00:00,3.9,30.62
2016-02-23 08:00:00,4.3,31.9
2016-02-23 09:00:00,4.2,31.09
2016-02-23 10:00:00,4.7,29.19
2016-02-23 11:00:00,4.6,30.68
2016-02-23 12:00:00,4.7,25.92
2016-02-23 13:00:00,4.4,24.96
2016-02-23 14:00:00,3.8,23.9
2016-02-23 15:00:00,3.9,24.13
2016-02-23 16:00:00,3.8,24.36
2016-02-23 17:00:00,3.0,30.08
2016-02-23 18:00:00,2.8,36.75
2016-02-23 19:00:00,3.1,29.94
2016-02-23 20:00:00,4.1,22.96
2016-02-23 21:00:00,4.7,23.23
2016-02-23 22:00:00,5.3,19.76
2016-02-23 23:00:00,5.5,17.9
2016-02-24 00:00:00,4.8,18.04
2016-02-24 01:00:00,4.1,16.59
2016-02-24 02:00:00,4.9,13.61
2016-02-24 03:00:00,5.9,13.66
2016-02-24 04:00:00,5.9,17.43
2016-02-24 05:00:00,5.4,18.92
2016-02-24 06:00:00,5.2,23.15
2016-02-24 07:00:00,5.5,33.69
2016-02-24 08:00:00,5.5,30.99
2016-02-24 09:00:00,6.6,25.04
2016-02-24 10:00:00,7.9,23.41
2016-02-24 11:00:00,6.3,22.56
2016-02-24 12:00:00,6.8,22.03
2016-02-24 13:00:00,6.1,22.05
2016-02-24 14:00:00,5.9,22.56
2016-02-24 15:00:00,3.8,24.0
2016-02-24 16:00:00,3.9,25.05
2016-02-24 17:00:00,2.9,31.96
2016-02-24 18:00:00,2.6,35.68
2016-02-24 19:00:00,2.9,36.41
2016-02-24 20:00:00,2.0,30.51
2016-02-24 21:00:00,2.1,23.97
2016-02-24 22:00:00,1.4,22.96
2016-02-24 23:00:00,1.3,20.56
2016-02-25 00:00:00,1.1,24.04
2016-02-25 01:00:00,1.5,22.58
2016-02-25 02:00:00,1.3,21.26
2016-02-25 03:00:00,1.1,20.09
2016-02-25 04:00:00,1.2,19.94
2016-02-25 05:00:00,0.8,21.7
2016-02-25 06:00:00,0.7,27.19
2016-02-25 07:00:00,1.0,36.04
2016-02-25 08:00:00,1.8,38.29
2016-02-25 09:00:00,1.0,34.44
2016-02-25 10:00:00,2.4,32.12
2016-02-25 11:00:00,3.3,30.44
2016-02-25 12:00:00,3.5,26.55
2016-02-25 13:00:00,3.9,26.01
2016-02-25 14:00:00,2.6,25.0
2016-02-25 15:00:00,3.5,24.78
2016-02-25 16:00:00,2.1,25.39
2016-02-25 17:00:00,3.5,31.16
2016-02-25 18:00:00,2.2,39.91
2016-02-25 19:00:00,2.8,36.51
2016-02-25 20:00:00,2.9,31.54
2016-02-25 21:00:00,3.1,25.2
2016-02-25 22:00:00,2.8,25.1
2016-02-25 23:00:00,2.6,23.84
2016-02-26 00:00:00,2.2,21.66
2016-02-26 01:00:00,2.1,21.69
2016-02-26 02:00:00,3.1,21.11
2016-02-26 03:00:00,3.7,20.0
2016-02-26 04:00:00,3.9,21.02
2016-02-26 05:00:00,4.4,22.07
2016-02-26 06:00:00,5.1,27.35
2016-02-26 07:00:00,4.7,32.93
2016-02-26 08:00:00,5.1,36.08
2016-02-26 09:00:00,5.3,33.48
2016-02-26 10:00:00,6.2,31.68
2016-02-26 11:00:00,5.2,29.5
2016-02-26 12:00:00,4.9,27.47
2016-02-26 13:00:00,4.7,25.06
2016-02-26 14:00:00,4.4,24.0
2016-02-26 15:00:00,3.7,25.11
2016-02-26 16:00:00,2.9,26.94
2016-02-26 17:00:00,2.2,33.98
2016-02-26 18:00:00,1.4,39.94
2016-02-26 19:00:00,1.1,37.55
2016-02-26 20:00:00,0.8,31.18
2016-02-26 21:00:00,0.5,26.35
2016-02-26 22:00:00,1.2,26.86
2016-02-26 23:00:00,0.7,25.0
2016-02-27 00:00:00,1.3,26.94
2016-02-27 01:00:00,1.0,23.02
2016-02-27 02:00:00,1.1,21.77
2016-02-27 03:00:00,0.4,19.76
2016-02-27 04:00:00,1.2,19.83
2016-02-27 05:00:00,0.7,20.16
2016-02-27 06:00:00,1.0,21.18
2016-02-27 07:00:00,0.8,22.76
2016-02-27 08:00:00,1.5,25.71
2016-02-27 09:00:00,2.6,26.79
2016-02-27 10:00:00,3.8,23.24
2016-02-27 11:00:00,4.5,21.17
2016-02-27 12:00:00,4.8,19.92
2016-02-27 13:00:00,4.5,19.49
2016-02-27 14:00:00,4.0,19.68
2016-02-27 15:00:00,3.6,19.93
2016-02-27 16:00:00,3.6,20.21
2016-02-27 17:00:00,3.2,24.97
2016-02-27 18:00:00,2.0,32.04
2016-02-27 19:00:00,1.8,31.91
2016-02-27 20:00:00,1.6,25.72
2016-02-27 21:00:00,1.9,21.74
2016-02-27 22:00:00,1.5,23.1
2016-02-27 23:00:00,1.1,20.98
2016-02-28 00:00:00,1.0,19.9
2016-02-28 01:00:00,0.7,18.39
2016-02-28 02:00:00,0.6,18.01
2016-02-28 03:00:00,0.7,17.62
2016-02-28 04:00:00,0.6,17.31
2016-02-28 05:00:00,0.3,17.46
2016-02-28 06:00:00,0.6,17.51
2016-02-28 07:00:00,0.7,17.58
2016-02-28 08:00:00,0.7,17.9
2016-02-28 09:00:00,0.7,19.02
2016-02-28 10:00:00,1.1,19.01
2016-02-28 11:00:00,2.0,19.02
2016-02-28 12:00:00,2.5,16.6
2016-02-28 13:00:00,3.0,14.06
2016-02-28 14:00:00,2.8,12.45
2016-02-28 15:00:00,3.0,12.21
2016-02-28 16:00:00,2.5,13.26
2016-02-28 17:00:00,2.6,19.11
2016-02-28 18:00:00,3.1,24.6
2016-02-28 19:00:00,4.2,26.98
2016-02-28 20:00:00,3.9,21.81
2016-02-28 21:00:00,3.5,19.9
2016-02-28 22:00:00,3.5,20.44
2016-02-28 23:00:00,3.7,19.93
2016-02-29 00:00:00,3.9,19.12
2016-02-29 01:00:00,4.0,17.77
2016-02-29 02:00:00,4.2,17.6
2016-02-29 03:00:00,4.6,16.77
2016-02-29 04:00:00,5.4,17.01
2016-02-29 05:00:00,6.0,18.49
2016-02-29 06:00:00,5.2,28.23
2016-02-29 07:00:00,4.1,34.72
2016-02-29 08:00:00,4.2,32.96
2016-02-29 09:00:00,4.4,27.99
2016-02-29 10:00:00,4.4,24.92
2016-02-29 11:00:00,3.9,23.48
2016-02-29 12:00:00,3.8,22.77
2016-02-29 13:00:00,4.2,22.2
2016-02-29 14:00:00,4.7,22.0
2016-02-29 15:00:00,4.3,22.24
2016-02-29 16:00:00,4.7,22.57
2016-02-29 17:00:00,4.3,26.58
2016-02-29 18:00:00,3.8,34.03
2016-02-29 19:00:00,3.3,31.21
2016-02-29 20:00:00,4.2,27.14
2016-02-29 21:00:00,4.5,23.04
2016-02-29 22:00:00,-999.0,22.55
2016-03-01 10:00:00,3.2,31.9
2016-03-01 11:00:00,4.0,30.06
2016-03-01 12:00:00,5.1,28.8
2016-03-01 13:00:00,4.1,27.96
2016-03-01 14:00:00,4.9,25.55
2016-03-01 15:00:00,5.3,25.48
2016-03-01 16:00:00,4.6,23.97
2016-03-01 17:00:00,3.6,26.95
2016-03-01 18:00:00,3.2,26.0
2016-03-01 19:00:00,2.7,22.63
2016-03-01 20:00:00,2.2,21.26
2016-03-01 21:00:00,2.0,19.52
2016-03-01 22:00:00,2.2,18.39
2016-03-01 23:00:00,2.4,17.06
2016-03-02 00:00:00,2.1,10.58
2016-03-02 01:00:00,2.2,13.56
2016-03-02 02:00:00,2.4,12.69
2016-03-02 03:00:00,2.4,12.62
2016-03-02 04:00:00,2.8,13.27
2016-03-02 05:00:00,2.7,15.85
2016-03-02 06:00:00,3.1,21.45
2016-03-02 07:00:00,3.1,23.08
2016-03-02 08:00:00,3.1,25.96
2016-03-02 09:00:00,3.1,24.68
2016-03-02 10:00:00,2.5,26.7
2016-03-02 11:00:00,2.5,28.0
2016-03-02 12:00:00,4.0,27.43
2016-03-02 13:00:00,4.1,26.0
2016-03-02 14:00:00,3.7,25.92
2016-03-02 15:00:00,4.3,28.06
2016-03-02 16:00:00,4.0,28.56
2016-03-02 17:00:00,3.9,31.99
2016-03-02 18:00:00,3.2,40.0
2016-03-02 19:00:00,2.5,36.87
2016-03-02 20:00:00,2.9,30.99
2016-03-02 21:00:00,3.4,27.07
2016-03-02 22:00:00,2.8,24.27
2016-03-02 23:00:00,2.2,21.58
2016-03-03 00:00:00,0.9,20.02
2016-03-03 01:00:00,1.0,19.29
2016-03-03 02:00:00,1.1,18.64
2016-03-03 03:00:00,1.1,17.93
2016-03-03 04:00:00,1.0,18.26
2016-03-03 05:00:00,0.8,19.38
2016-03-03 06:00:00,0.8,24.58
2016-03-03 07:00:00,0.6,30.93
2016-03-03 08:00:00,1.0,31.04
2016-03-03 09:00:00,1.4,30.94
2016-03-03 10:00:00,2.8,30.57
2016-03-03 11:00:00,3.7,31.94
2016-03-03 12:00:00,3.3,30.07
2016-03-03 13:00:00,2.6,30.53
2016-03-03 14:00:00,2.6,30.06
2016-03-03 15:00:00,1.8,30.97
2016-03-03 16:00:00,0.9,30.96
2016-03-03 17:00:00,1.3,32.85
2016-03-03 18:00:00,0.9,42.71
2016-03-03 19:00:00,1.2,42.92
2016-03-03 20:00:00,0.9,33.98
2016-03-03 21:00:00,1.6,28.97
2016-03-03 22:00:00,1.0,25.92
2016-03-03 23:00:00,1.0,23.11
2016-03-04 00:00:00,1.3,22.15
2016-03-04 01:00:00,0.9,20.03
2016-03-04 02:00:00,0.7,19.75
2016-03-04 03:00:00,0.9,19.19
2016-03-04 04:00:00,0.6,18.99
2016-03-04 05:00:00,1.0,20.18
2016-03-04 06:00:00,0.9,26.92
2016-03-04 07:00:00,0.9,31.73
2016-03-04 08:00:00,0.9,33.97
2016-03-04 09:00:00,0.8,30.04
2016-03-04 10:00:00,1.0,26.69
2016-03-04 11:00:00,2.5,23.78
2016-03-04 12:00:00,2.8,22.48
2016-03-04 13:00:00,2.6,21.78
2016-03-04 14:00:00,3.5,21.86
2016-03-04 15:00:00,4.1,22.48
2016-03-04 16:00:00,3.9,24.17
2016-03-04 17:00:00,2.8,29.2
2016-03-04 18:00:00,3.0,33.99
2016-03-04 19:00:00,3.2,31.06
2016-03-04 20:00:00,3.4,27.9
2016-03-04 21:00:00,4.1,23.52
2016-03-04 22:00:00,4.2,23.8
2016-03-04 23:00:00,3.9,21.55
2016-03-05 00:00:00,3.3,19.15
2016-03-05 01:00:00,2.8,19.17
2016-03-05 02:00:00,3.2,19.04
2016-03-05 03:00:00,2.8,18.96
2016-03-05 04:00:00,3.0,18.88
2016-03-05 05:00:00,3.3,19.01
2016-03-05 06:00:00,3.2,19.16
2016-03-05 07:00:00,3.0,20.75
2016-03-05 08:00:00,3.6,24.55
2016-03-05 09:00:00,2.9,26.9
2016-03-05 10:00:00,4.1,24.78
2016-03-05 11:00:00,4.2,24.63
2016-03-05 12:00:00,4.2,24.25
2016-03-05 13:00:00,3.9,21.14
2016-03-05 14:00:00,3.8,20.42
2016-03-05 15:00:00,3.9,20.57
2016-03-05 16:00:00,3.1,21.25
2016-03-05 17:00:00,2.6,25.92
2016-03-05 18:00:00,2.9,34.02
2016-03-05 19:00:00,1.8,35.0
2016-03-05 20:00:00,1.1,27.86
2016-03-05 21:00:00,1.2,24.44
2016-03-05 22:00:00,1.3,25.18
2016-03-05 23:00:00,1.4,20.0
2016-03-06 00:00:00,1.1,20.69
2016-03-06 01:00:00,0.6,19.94
2016-03-06 02:00:00,0.5,19.13
2016-03-06 03:00:00,0.5,18.69
2016-03-06 04:00:00,1.3,18.58
2016-03-06 05:00:00,0.7,18.83
2016-03-06 06:00:00,2.1,18.65
2016-03-06 07:00:00,3.1,18.78
2016-03-06 08:00:00,5.5,19.28
2016-03-06 09:00:00,5.3,19.99
2016-03-06 10:00:00,6.2,20.26
2016-03-06 11:00:00,5.7,20.51
2016-03-06 12:00:00,5.8,20.02
2016-03-06 13:00:00,5.8,19.14
2016-03-06 14:00:00,6.8,18.24
2016-03-06 15:00:00,5.4,18.23
2016-03-06 16:00:00,3.9,18.73
2016-03-06 17:00:00,2.0,20.57
2016-03-06 18:00:00,0.9,28.93
2016-03-06 19:00:00,1.7,31.62
2016-03-06 20:00:00,2.2,29.17
2016-03-06 21:00:00,2.0,25.44
2016-03-06 22:00:00,2.5,27.44
2016-03-06 23:00:00,2.3,21.15
2016-03-07 00:00:00,2.6,22.04
2016-03-07 01:00:00,2.7,22.05
2016-03-07 02:00:00,2.5,20.34
2016-03-07 03:00:00,2.3,20.02
2016-03-07 04:00:00,2.4,20.09
2016-03-07 05:00:00,2.5,21.87
2016-03-07 06:00:00,2.8,32.34
2016-03-07 07:00:00,2.0,35.97
2016-03-07 08:00:00,1.8,37.79
2016-03-07 09:00:00,2.9,33.07
2016-03-07 10:00:00,3.3,31.98
2016-03-07 11:00:00,2.5,29.96
2016-03-07 12:00:00,3.2,27.98
2016-03-07 13:00:00,2.4,27.44
2016-03-07 14:00:00,2.2,27.72
2016-03-07 15:00:00,1.7,27.1
2016-03-07 16:00:00,1.6,30.07
2016-03-07 17:00:00,1.8,33.97
2016-03-07 18:00:00,1.5,48.29
2016-03-07 19:00:00,1.3,46.65
2016-03-07 20:00:00,0.8,30.03
2016-03-07 21:00:00,0.6,27.95
2016-03-07 22:00:00,0.7,26.96
2016-03-07 23:00:00,0.6,24.47
2016-03-08 00:00:00,0.8,22.39
2016-03-08 01:00:00,0.8,22.91
2016-03-08 02:00:00,1.1,22.81
2016-03-08 03:00:00,1.1,22.0
2016-03-08 04:00:00,0.9,21.67
2016-03-08 05:00:00,1.4,22.7
2016-03-08 06:00:00,1.2,27.44
2016-03-08 07:00:00,0.8,37.73
2016-03-08 08:00:00,1.3,39.08
2016-03-08 09:00:00,1.9,34.98
2016-03-08 10:00:00,2.1,28.61
2016-03-08 11:00:00,1.4,25.42
2016-03-08 12:00:00,1.9,25.1
2016-03-08 13:00:00,2.7,24.64
2016-03-08 14:00:00,2.9,24.81
2016-03-08 15:00:00,2.8,25.09
2016-03-08 16:00:00,2.5,27.92
2016-03-08 17:00:00,1.5,33.1
2016-03-08 18:00:00,1.1,44.93
2016-03-08 19:00:00,2.1,40.58
2016-03-08 20:00:00,2.2,31.94
2016-03-08 21:00:00,1.8,25.07
2016-03-08 22:00:00,1.4,27.2
2016-03-08 23:00:00,1.1,22.61
2016-03-09 00:00:00,1.4,23.8
2016-03-09 01:00:00,1.2,22.03
2016-03-09 02:00:00,1.1,20.94
2016-03-09 03:00:00,1.0,20.08
2016-03-09 04:00:00,0.9,20.01
2016-03-09 05:00:00,1.4,21.14
2016-03-09 06:00:00,1.3,24.95
2016-03-09 07:00:00,1.3,31.92
2016-03-09 08:00:00,1.7,29.91
2016-03-09 09:00:00,1.4,25.03
2016-03-09 10:00:00,2.6,23.43
2016-03-09 11:00:00,3.5,23.85
2016-03-09 12:00:00,3.9,22.28
2016-03-09 13:00:00,4.5,21.96
2016-03-09 14:00:00,5.0,22.48
2016-03-09 15:00:00,5.1,23.05
2016-03-09 16:00:00,5.4,24.83
2016-03-09 17:00:00,4.8,33.0
2016-03-09 18:00:00,3.7,38.77
2016-03-09 19:00:00,3.2,37.99
2016-03-09 20:00:00,3.5,29.81
2016-03-09 21:00:00,3.2,25.8
2016-03-09 22:00:00,2.3,27.51
2016-03-09 23:00:00,3.5,23.41
2016-03-10 00:00:00,3.4,19.72
2016-03-10 01:00:00,2.8,20.17
2016-03-10 02:00:00,2.3,20.04
2016-03-10 03:00:00,1.8,20.16
2016-03-10 04:00:00,1.7,20.94
2016-03-10 05:00:00,1.7,21.6
2016-03-10 06:00:00,1.7,28.48
2016-03-10 07:00:00,2.4,35.44
2016-03-10 08:00:00,3.0,31.99
2016-03-10 09:00:00,3.4,30.07
2016-03-10 10:00:00,2.9,25.53
2016-03-10 11:00:00,2.7,24.71
2016-03-10 12:00:00,2.4,26.35
2016-03-10 13:00:00,3.4,25.0
2016-03-10 14:00:00,3.2,25.0
2016-03-10 15:00:00,3.3,24.89
2016-03-10 16:00:00,3.1,25.03
2016-03-10 17:00:00,2.2,29.95
2016-03-10 18:00:00,2.1,35.49
2016-03-10 19:00:00,2.5,37.79
2016-03-10 20:00:00,2.4,30.02
2016-03-10 21:00:00,2.5,25.31
2016-03-10 22:00:00,1.8,22.72
2016-03-10 23:00:00,1.7,21.32
2016-03-11 00:00:00,1.4,22.03
2016-03-11 01:00:00,1.5,20.85
2016-03-11 02:00:00,1.4,21.03
2016-03-11 03:00:00,0.8,21.06
2016-03-11 04:00:00,1.1,21.75
2016-03-11 05:00:00,1.1,22.39
2016-03-11 06:00:00,1.0,28.34
2016-03-11 07:00:00,1.5,34.47
2016-03-11 08:00:00,1.6,38.34
2016-03-11 09:00:00,2.2,36.69
2016-03-11 10:00:00,3.0,32.91
2016-03-11 11:00:00,3.7,31.98
2016-03-11 12:00:00,3.7,29.81
2016-03-11 13:00:00,3.0,27.03
2016-03-11 14:00:00,3.3,25.01
2016-03-11 15:00:00,3.1,24.92
2016-03-11 16:00:00,2.6,24.88
2016-03-11 17:00:00,1.9,27.9
2016-03-11 18:00:00,2.1,32.55
2016-03-11 19:00:00,1.8,35.69
2016-03-11 20:00:00,1.9,30.33
2016-03-11 21:00:00,2.3,26.77
2016-03-11 22:00:00,2.1,28.2
2016-03-11 23:00:00,1.6,25.21
2016-03-12 00:00:00,1.3,29.01
2016-03-12 01:00:00,2.1,26.1
2016-03-12 02:00:00,2.4,25.69
2016-03-12 03:00:00,2.6,24.5
2016-03-12 04:00:00,2.1,23.26
2016-03-12 05:00:00,2.1,24.5
2016-03-12 06:00:00,2.5,25.45
2016-03-12 07:00:00,2.3,25.51
2016-03-12 08:00:00,2.5,28.91
2016-03-12 09:00:00,2.7,30.09
2016-03-12 10:00:00,2.6,29.26
2016-03-12 11:00:00,2.7,28.44
2016-03-12 12:00:00,2.9,27.6
2016-03-12 13:00:00,3.2,25.01
2016-03-12 14:00:00,3.3,23.38
2016-03-12 15:00:00,3.1,22.96
2016-03-12 16:00:00,2.9,23.67
2016-03-12 17:00:00,2.6,27.07
2016-03-12 18:00:00,2.4,34.09
2016-03-12 19:00:00,1.9,36.97
2016-03-12 20:00:00,2.4,35.0
2016-03-12 21:00:00,1.9,30.17
2016-03-12 22:00:00,2.7,30.91
2016-03-12 23:00:00,3.0,30.0
2016-03-13 00:00:00,2.4,26.51
2016-03-13 01:00:00,1.8,22.65
2016-03-13 02:00:00,2.9,21.67
2016-03-13 03:00:00,3.0,21.05
2016-03-13 04:00:00,2.6,21.12
2016-03-13 05:00:00,2.8,21.17
2016-03-13 06:00:00,2.6,21.11
2016-03-13 07:00:00,2.5,21.08
2016-03-13 08:00:00,2.7,21.31
2016-03-13 09:00:00,3.2,21.69
2016-03-13 10:00:00,3.3,21.73
2016-03-13 11:00:00,3.2,21.69
2016-03-13 12:00:00,3.2,21.07
2016-03-13 13:00:00,2.7,19.4
2016-03-13 14:00:00,2.5,17.78
2016-03-13 15:00:00,2.6,17.46
2016-03-13 16:00:00,2.4,18.08
2016-03-13 17:00:00,2.2,20.19
2016-03-13 18:00:00,2.0,26.08
2016-03-13 19:00:00,1.4,33.55
2016-03-13 20:00:00,1.6,31.05
2016-03-13 21:00:00,1.6,27.24
2016-03-13 22:00:00,1.6,28.93
2016-03-13 23:00:00,1.8,26.63
2016-03-14 00:00:00,1.7,22.39
2016-03-14 01:00:00,1.5,20.7
2016-03-14 02:00:00,1.5,20.22
2016-03-14 03:00:00,1.4,19.99
2016-03-14 04:00:00,1.8,20.36
2016-03-14 05:00:00,0.6,21.92
2016-03-14 06:00:00,0.6,29.46
2016-03-14 07:00:00,0.8,35.43
2016-03-14 08:00:00,1.2,35.81
2016-03-14 09:00:00,2.0,31.75
2016-03-14 10:00:00,2.3,28.82
2016-03-14 11:00:00,1.6,24.33
2016-03-14 12:00:00,1.8,23.31
2016-03-14 13:00:00,2.6,22.84
2016-03-14 14:00:00,3.1,22.55
2016-03-14 15:00:00,3.0,23.04
2016-03-14 16:00:00,3.3,24.8
2016-03-14 17:00:00,2.9,30.71
2016-03-14 18:00:00,1.6,39.48
2016-03-14 19:00:00,1.2,47.92
2016-03-14 20:00:00,1.2,34.32
2016-03-14 21:00:00,1.7,29.48
2016-03-14 22:00:00,1.9,26.37
2016-03-14 23:00:00,2.4,22.91
2016-03-15 00:00:00,2.9,21.1
2016-03-15 01:00:00,3.6,20.76
2016-03-15 02:00:00,3.2,21.17
2016-03-15 03:00:00,4.0,20.74
2016-03-15 04:00:00,3.7,20.91
2016-03-15 05:00:00,3.3,22.86
2016-03-15 06:00:00,1.9,27.1
2016-03-15 07:00:00,1.7,33.69
2016-03-15 08:00:00,2.0,38.47
2016-03-15 09:00:00,2.1,35.96
2016-03-15 10:00:00,2.1,36.09
2016-03-15 11:00:00,3.0,34.31
2016-03-15 12:00:00,2.5,30.93
2016-03-15 13:00:00,2.8,27.44
2016-03-15 14:00:00,2.6,24.78
2016-03-15 15:00:00,2.1,23.71
2016-03-15 16:00:00,3.2,23.3
2016-03-15 17:00:00,3.2,25.45
2016-03-15 18:00:00,3.9,31.91
2016-03-15 19:00:00,3.5,34.13
2016-03-15 20:00:00,3.2,29.06
2016-03-15 21:00:00,3.3,24.15
2016-03-15 22:00:00,3.2,22.52
2016-03-15 23:00:00,2.6,20.95
2016-03-16 00:00:00,3.0,21.22
2016-03-16 01:00:00,3.0,20.92
2016-03-16 02:00:00,3.3,20.45
2016-03-16 03:00:00,3.2,20.06
2016-03-16 04:00:00,3.6,20.49
2016-03-16 05:00:00,2.0,21.59
2016-03-16 06:00:00,2.8,26.24
2016-03-16 07:00:00,3.4,33.94
2016-03-16 08:00:00,5.3,32.99
2016-03-16 09:00:00,5.5,24.71
2016-03-16 10:00:00,6.0,22.48
2016-03-16 11:00:00,5.2,22.43
2016-03-16 12:00:00,5.8,22.16
2016-03-16 13:00:00,5.2,21.85
2016-03-16 14:00:00,5.3,21.9
2016-03-16 15:00:00,4.9,22.28
2016-03-16 16:00:00,4.3,23.67
2016-03-16 17:00:00,2.9,29.92
2016-03-16 18:00:00,2.3,35.6
2016-03-16 19:00:00,2.3,39.2
2016-03-16 20:00:00,1.7,32.02
2016-03-16 21:00:00,1.3,27.04
2016-03-16 22:00:00,1.8,23.7
2016-03-16 23:00:00,1.4,22.97
2016-03-17 00:00:00,0.9,23.08
2016-03-17 01:00:00,0.9,22.3
2016-03-17 02:00:00,1.1,22.13
2016-03-17 03:00:00,1.0,22.27
2016-03-17 04:00:00,0.4,22.24
2016-03-17 05:00:00,0.7,23.55
2016-03-17 06:00:00,0.4,33.9
2016-03-17 07:00:00,0.5,38.16
2016-03-17 08:00:00,0.7,34.97
2016-03-17 09:00:00,0.9,25.98
2016-03-17 10:00:00,1.1,23.11
2016-03-17 11:00:00,1.4,22.96
2016-03-17 12:00:00,1.4,22.38
2016-03-17 13:00:00,1.9,22.2
2016-03-17 14:00:00,1.6,22.15
2016-03-17 15:00:00,2.0,22.43
2016-03-17 16:00:00,2.1,25.85
2016-03-17 17:00:00,1.5,31.92
2016-03-17 18:00:00,1.5,38.81
2016-03-17 19:00:00,0.6,46.69
2016-03-17 20:00:00,0.7,37.76
2016-03-17 21:00:00,1.0,30.98
2016-03-17 22:00:00,1.0,25.48
2016-03-17 23:00:00,1.3,21.84
2016-03-18 00:00:00,1.0,20.34
2016-03-18 01:00:00,1.1,19.47
2016-03-18 02:00:00,0.8,19.49
2016-03-18 03:00:00,1.9,19.67
2016-03-18 04:00:00,3.1,20.14
2016-03-18 05:00:00,3.1,21.58
2016-03-18 06:00:00,4.3,24.86
2016-03-18 07:00:00,4.8,32.69
2016-03-18 08:00:00,5.1,29.94
2016-03-18 09:00:00,6.8,23.88
2016-03-18 10:00:00,6.3,22.43
2016-03-18 11:00:00,5.7,22.92
2016-03-18 12:00:00,4.7,22.59
2016-03-18 13:00:00,4.7,22.53
2016-03-18 14:00:00,4.2,22.56
2016-03-18 15:00:00,4.6,23.46
2016-03-18 16:00:00,3.7,24.42
2016-03-18 17:00:00,3.0,27.82
2016-03-18 18:00:00,2.3,33.99
2016-03-18 19:00:00,2.0,39.3
2016-03-18 20:00:00,1.8,33.91
2016-03-18 21:00:00,2.2,27.09
2016-03-18 22:00:00,2.7,26.92
2016-03-18 23:00:00,2.3,23.78
2016-03-19 00:00:00,2.9,23.37
2016-03-19 01:00:00,2.8,21.68
2016-03-19 02:00:00,2.3,21.66
2016-03-19 03:00:00,2.2,22.6
2016-03-19 04:00:00,1.7,22.71
2016-03-19 05:00:00,1.4,22.2
2016-03-19 06:00:00,1.4,22.4
2016-03-19 07:00:00,1.7,28.93
2016-03-19 08:00:00,1.7,29.38
2016-03-19 09:00:00,1.7,28.58
2016-03-19 10:00:00,1.0,26.96
2016-03-19 11:00:00,1.3,24.79
2016-03-19 12:00:00,2.2,23.04
2016-03-19 13:00:00,2.9,22.04
2016-03-19 14:00:00,3.4,21.12
2016-03-19 15:00:00,2.8,20.93
2016-03-19 16:00:00,2.4,21.3
2016-03-19 17:00:00,1.7,24.0
2016-03-19 18:00:00,1.8,31.21
2016-03-19 19:00:00,3.8,35.42
2016-03-19 20:00:00,3.1,26.18
2016-03-19 21:00:00,2.8,22.78
2016-03-19 22:00:00,2.2,24.69
2016-03-19 23:00:00,2.5,21.21
2016-03-20 00:00:00,4.2,17.73
2016-03-20 01:00:00,4.7,17.04
2016-03-20 02:00:00,5.4,18.63
2016-03-20 03:00:00,5.2,18.59
2016-03-20 04:00:00,6.1,18.71
2016-03-20 05:00:00,6.5,18.73
2016-03-20 06:00:00,5.8,18.51
2016-03-20 07:00:00,4.9,17.05
2016-03-20 08:00:00,5.5,16.04
2016-03-20 09:00:00,6.3,16.09
2016-03-20 10:00:00,7.0,14.33
2016-03-20 11:00:00,7.8,16.07
2016-03-20 12:00:00,6.7,13.19
2016-03-20 13:00:00,6.6,12.44
2016-03-20 14:00:00,6.2,12.0
2016-03-20 15:00:00,5.9,12.69
2016-03-20 16:00:00,6.1,13.59
2016-03-20 17:00:00,4.7,19.02
2016-03-20 18:00:00,5.6,23.54
2016-03-20 19:00:00,4.1,25.86
2016-03-20 20:00:00,3.1,22.66
2016-03-20 21:00:00,4.5,22.32
2016-03-20 22:00:00,4.2,24.03
2016-03-20 23:00:00,4.1,20.33
2016-03-21 00:00:00,4.2,20.82
2016-03-21 01:00:00,4.5,19.9
2016-03-21 02:00:00,4.6,19.79
2016-03-21 03:00:00,4.8,19.9
2016-03-21 04:00:00,5.5,20.4
2016-03-21 05:00:00,5.2,23.18
2016-03-21 06:00:00,3.8,32.01
2016-03-21 07:00:00,4.1,31.72
2016-03-21 08:00:00,4.3,30.94
2016-03-21 09:00:00,5.3,30.04
2016-03-21 10:00:00,5.7,24.9
2016-03-21 11:00:00,6.3,24.73
2016-03-21 12:00:00,6.5,26.03
2016-03-21 13:00:00,6.6,24.53
2016-03-21 14:00:00,7.2,23.75
2016-03-21 15:00:00,5.7,24.28
2016-03-21 16:00:00,6.8,23.91
2016-03-21 17:00:00,6.1,26.87
2016-03-21 18:00:00,5.4,30.1
2016-03-21 19:00:00,6.2,33.49
2016-03-21 20:00:00,6.3,29.9
2016-03-21 21:00:00,5.2,23.02
2016-03-21 22:00:00,6.0,22.11
2016-03-21 23:00:00,5.5,20.9
2016-03-22 00:00:00,6.3,20.28
2016-03-22 01:00:00,5.9,20.08
2016-03-22 02:00:00,5.3,20.05
2016-03-22 03:00:00,5.7,20.47
2016-03-22 04:00:00,5.5,21.0
2016-03-22 05:00:00,5.5,22.01
2016-03-22 06:00:00,5.4,24.07
2016-03-22 07:00:00,5.5,29.99
2016-03-22 08:00:00,5.4,31.46
2016-03-22 09:00:00,4.6,31.41
2016-03-22 10:00:00,4.5,28.9
2016-03-22 11:00:00,4.8,30.0
2016-03-22 12:00:00,4.9,28.94
2016-03-22 13:00:00,5.1,28.99
2016-03-22 14:00:00,4.9,29.0
2016-03-22 15:00:00,4.2,29.29
2016-03-22 16:00:00,4.0,30.08
2016-03-22 17:00:00,4.0,34.01
2016-03-22 18:00:00,3.7,36.73
2016-03-22 19:00:00,2.6,40.64
2016-03-22 20:00:00,2.0,38.1
2016-03-22 21:00:00,1.1,33.05
2016-03-22 22:00:00,1.1,29.86
2016-03-22 23:00:00,1.4,23.73
2016-03-23 00:00:00,1.5,21.3
2016-03-23 01:00:00,1.1,20.51
2016-03-23 02:00:00,1.3,20.26
2016-03-23 03:00:00,0.7,21.06
2016-03-23 04:00:00,0.9,21.38
2016-03-23 05:00:00,0.8,21.38
2016-03-23 06:00:00,1.8,25.88
2016-03-23 07:00:00,2.5,32.9
2016-03-23 08:00:00,3.8,32.46
2016-03-23 09:00:00,4.4,30.03
2016-03-23 10:00:00,4.6,26.53
2016-03-23 11:00:00,4.3,26.73
2016-03-23 12:00:00,5.0,25.23
2016-03-23 13:00:00,4.4,25.0
2016-03-23 14:00:00,3.6,24.03
2016-03-23 15:00:00,3.5,24.13
2016-03-23 16:00:00,3.7,24.18
2016-03-23 17:00:00,4.0,28.0
2016-03-23 18:00:00,2.8,32.44
2016-03-23 19:00:00,3.0,37.16
2016-03-23 20:00:00,2.4,34.98
2016-03-23 21:00:00,1.3,31.43
2016-03-23 22:00:00,1.8,25.02
2016-03-23 23:00:00,1.5,22.59
2016-03-24 00:00:00,1.5,22.08
2016-03-24 01:00:00,2.1,21.5
2016-03-24 02:00:00,1.9,21.11
2016-03-24 03:00:00,2.1,21.38
2016-03-24 04:00:00,2.2,21.75
2016-03-24 05:00:00,2.3,22.97
2016-03-24 06:00:00,2.0,31.49
2016-03-24 07:00:00,2.5,35.0
2016-03-24 08:00:00,3.2,34.94
2016-03-24 09:00:00,3.4,32.4
2016-03-24 10:00:00,3.5,31.69
2016-03-24 11:00:00,3.4,31.0
2016-03-24 12:00:00,3.7,28.62
2016-03-24 13:00:00,4.2,27.27
2016-03-24 14:00:00,4.8,26.5
2016-03-24 15:00:00,4.1,25.35
2016-03-24 16:00:00,3.3,26.6
2016-03-24 17:00:00,2.9,30.0
2016-03-24 18:00:00,2.0,32.47
2016-03-24 19:00:00,1.8,35.18
2016-03-24 20:00:00,1.4,33.97
2016-03-24 21:00:00,1.4,25.96
2016-03-24 22:00:00,1.6,25.06
2016-03-24 23:00:00,1.1,22.52
2016-03-25 00:00:00,1.1,23.92
2016-03-25 01:00:00,1.5,21.07
2016-03-25 02:00:00,1.4,21.0
2016-03-25 03:00:00,1.3,20.0
2016-03-25 04:00:00,1.4,20.01
2016-03-25 05:00:00,1.0,20.3
2016-03-25 06:00:00,1.7,20.26
2016-03-25 07:00:00,2.4,20.39
2016-03-25 08:00:00,3.2,21.85
2016-03-25 09:00:00,3.8,23.85
2016-03-25 10:00:00,4.3,27.26
2016-03-25 11:00:00,4.5,28.91
2016-03-25 12:00:00,3.4,27.87
2016-03-25 13:00:00,3.2,27.06
2016-03-25 14:00:00,3.1,26.01
2016-03-25 15:00:00,3.3,24.44
2016-03-25 16:00:00,2.4,23.5
2016-03-25 17:00:00,3.7,26.1
2016-03-25 18:00:00,2.7,29.44
2016-03-25 19:00:00,2.4,33.08
2016-03-25 20:00:00,2.9,32.95
2016-03-25 21:00:00,3.4,31.48
2016-03-25 22:00:00,3.1,30.12
2016-03-25 23:00:00,3.2,30.0
2016-03-26 00:00:00,3.0,28.07
2016-03-26 01:00:00,3.6,24.08
2016-03-26 02:00:00,4.0,21.11
2016-03-26 03:00:00,3.4,20.0
2016-03-26 04:00:00,3.3,20.0
2016-03-26 05:00:00,3.6,20.01
2016-03-26 06:00:00,3.8,20.01
2016-03-26 07:00:00,3.7,21.69
2016-03-26 08:00:00,3.4,22.49
2016-03-26 09:00:00,4.0,24.0
2016-03-26 10:00:00,4.0,21.6
2016-03-26 11:00:00,4.6,19.97
2016-03-26 12:00:00,3.8,19.06
2016-03-26 13:00:00,3.6,18.07
2016-03-26 14:00:00,3.9,16.28
2016-03-26 15:00:00,3.1,15.75
2016-03-26 16:00:00,3.0,15.85
2016-03-26 17:00:00,2.8,19.39
2016-03-26 18:00:00,2.1,21.32
2016-03-26 19:00:00,1.0,22.12
2016-03-26 20:00:00,0.9,20.75
2016-03-26 21:00:00,1.3,17.99
2016-03-26 22:00:00,1.0,17.91
2016-03-26 23:00:00,2.0,14.66
2016-03-27 00:00:00,2.0,7.33
2016-03-27 01:00:00,2.2,3.04
2016-03-27 03:00:00,3.2,6.1
2016-03-27 04:00:00,3.5,4.02
2016-03-27 05:00:00,3.8,4.02
2016-03-27 06:00:00,3.6,0.91
2016-03-27 07:00:00,3.3,4.63
2016-03-27 08:00:00,4.1,7.5
2016-03-27 09:00:00,5.4,8.91
2016-03-27 10:00:00,5.0,10.99
2016-03-27 11:00:00,4.6,11.16
2016-03-27 12:00:00,4.7,11.49
2016-03-27 13:00:00,5.1,9.19
2016-03-27 14:00:00,5.1,6.49
2016-03-27 15:00:00,3.9,6.92
2016-03-27 16:00:00,6.5,7.47
2016-03-27 17:00:00,5.6,13.06
2016-03-27 18:00:00,6.2,14.94
2016-03-27 19:00:00,5.5,19.6
2016-03-27 20:00:00,4.1,22.86
2016-03-27 21:00:00,1.3,20.36
2016-03-27 22:00:00,1.7,19.98
2016-03-27 23:00:00,0.8,18.5
2016-03-28 00:00:00,0.9,12.88
2016-03-28 01:00:00,1.7,8.28
2016-03-28 02:00:00,1.6,7.43
2016-03-28 03:00:00,0.9,6.5
2016-03-28 04:00:00,1.2,5.27
2016-03-28 05:00:00,1.1,6.28
2016-03-28 06:00:00,1.6,5.86
2016-03-28 07:00:00,1.9,5.96
2016-03-28 08:00:00,2.1,3.99
2016-03-28 09:00:00,3.6,3.41
2016-03-28 10:00:00,4.2,2.68
2016-03-28 11:00:00,4.6,0.07
2016-03-28 12:00:00,5.1,-4.01
2016-03-28 13:00:00,5.5,-28.68
2016-03-28 14:00:00,5.3,-38.45
2016-03-28 15:00:00,3.9,-19.92
2016-03-28 16:00:00,3.7,-13.82
2016-03-28 17:00:00,4.5,-4.2
2016-03-28 18:00:00,3.1,7.45
2016-03-28 19:00:00,2.4,11.79
2016-03-28 20:00:00,2.7,17.02
2016-03-28 21:00:00,2.3,11.47
2016-03-28 22:00:00,5.6,16.29
2016-03-28 23:00:00,3.9,12.98
2016-03-29 00:00:00,2.8,11.51
2016-03-29 01:00:00,4.2,9.14
2016-03-29 02:00:00,3.7,11.95
2016-03-29 03:00:00,3.1,9.23
2016-03-29 04:00:00,2.8,8.3
2016-03-29 05:00:00,5.5,13.49
2016-03-29 06:00:00,8.2,25.35
2016-03-29 07:00:00,6.6,31.52
2016-03-29 08:00:00,7.9,31.43
2016-03-29 09:00:00,10.5,26.37
2016-03-29 10:00:00,8.2,21.76
2016-03-29 11:00:00,8.0,21.06
2016-03-29 12:00:00,8.9,20.43
2016-03-29 13:00:00,8.1,19.99
2016-03-29 14:00:00,7.5,19.08
2016-03-29 15:00:00,8.9,19.05
2016-03-29 16:00:00,6.9,19.14
2016-03-29 17:00:00,7.1,21.48
2016-03-29 18:00:00,5.1,30.07
2016-03-29 19:00:00,2.7,35.79
2016-03-29 20:00:00,0.9,39.54
2016-03-29 21:00:00,1.4,32.64
2016-03-29 22:00:00,1.4,28.56
2016-03-29 23:00:00,2.1,22.72
2016-03-30 00:00:00,1.1,24.9
2016-03-30 01:00:00,1.0,22.0
2016-03-30 02:00:00,1.8,20.87
2016-03-30 03:00:00,2.0,19.92
2016-03-30 04:00:00,2.2,20.18
2016-03-30 05:00:00,2.7,21.65
2016-03-30 06:00:00,2.8,29.6
2016-03-30 07:00:00,2.6,29.89
2016-03-30 08:00:00,2.6,27.95
2016-03-30 09:00:00,2.5,31.93
2016-03-30 10:00:00,4.0,29.65
2016-03-30 11:00:00,7.0,27.16
2016-03-30 12:00:00,7.5,26.89
2016-03-30 13:00:00,5.9,22.25
2016-03-30 14:00:00,6.0,22.3
2016-03-30 15:00:00,4.4,22.23
2016-03-30 16:00:00,4.7,25.64
2016-03-30 17:00:00,3.7,29.04
2016-03-30 18:00:00,3.2,31.9
2016-03-30 19:00:00,3.4,37.42
2016-03-30 20:00:00,2.9,37.0
2016-03-30 21:00:00,1.7,34.65
2016-03-30 22:00:00,2.2,30.38
2016-03-30 23:00:00,2.8,27.25
2016-03-31 00:00:00,2.3,23.34
2016-03-31 01:00:00,1.4,22.27
2016-03-31 02:00:00,1.8,21.5
2016-03-31 03:00:00,1.5,21.11
2016-03-31 04:00:00,1.5,21.29
2016-03-31 05:00:00,0.7,22.86
2016-03-31 06:00:00,0.5,29.08
2016-03-31 07:00:00,0.6,36.09
2016-03-31 08:00:00,0.7,40.96
2016-03-31 09:00:00,1.2,36.46
2016-03-31 10:00:00,1.6,34.64
2016-03-31 11:00:00,2.5,33.95
2016-03-31 12:00:00,2.4,30.03
2016-03-31 13:00:00,2.9,30.03
2016-03-31 14:00:00,3.5,27.92
2016-03-31 15:00:00,3.2,25.12
2016-03-31 16:00:00,3.0,24.73
2016-03-31 17:00:00,2.6,24.93
2016-03-31 18:00:00,2.5,27.44
2016-03-31 19:00:00,3.3,31.07
2016-03-31 20:00:00,3.7,31.99
2016-03-31 21:00:00,4.7,25.35
2016-03-31 22:00:00,3.6,25.23
2016-03-31 23:00:00,4.7,23.22
2016-04-01 00:00:00,3.8,21.35
2016-04-01 01:00:00,3.5,20.98
2016-04-01 02:00:00,3.3,21.19
2016-04-01 03:00:00,3.6,20.64
2016-04-01 04:00:00,2.0,21.13
2016-04-01 05:00:00,1.6,21.78
2016-04-01 06:00:00,1.3,29.73
2016-04-01 07:00:00,1.0,36.5
2016-04-01 08:00:00,0.7,40.44
2016-04-01 09:00:00,1.3,38.39
2016-04-01 10:00:00,2.5,34.57
2016-04-01 11:00:00,2.5,30.55
2016-04-01 12:00:00,3.1,25.79
2016-04-01 13:00:00,2.9,23.09
2016-04-01 14:00:00,2.9,23.13
2016-04-01 15:00:00,3.0,23.0
2016-04-01 16:00:00,2.9,22.45
2016-04-01 17:00:00,1.9,24.28
2016-04-01 18:00:00,0.9,31.91
2016-04-01 19:00:00,0.9,33.9
2016-04-01 20:00:00,0.7,35.85
2016-04-01 21:00:00,1.0,31.3
2016-04-01 22:00:00,1.2,24.33
2016-04-01 23:00:00,1.2,26.03
2016-04-02 00:00:00,1.0,21.82
2016-04-02 01:00:00,1.4,21.31
2016-04-02 02:00:00,1.6,21.1
2016-04-02 03:00:00,1.8,19.84
2016-04-02 04:00:00,1.6,19.91
2016-04-02 05:00:00,2.0,20.09
2016-04-02 06:00:00,2.4,20.19
2016-04-02 07:00:00,2.6,22.29
2016-04-02 08:00:00,3.0,22.51
2016-04-02 09:00:00,4.6,22.04
2016-04-02 10:00:00,4.0,20.81
2016-04-02 11:00:00,4.3,19.55
2016-04-02 12:00:00,4.9,18.12
2016-04-02 13:00:00,5.7,17.06
2016-04-02 14:00:00,6.3,14.06
2016-04-02 15:00:00,5.6,16.05
2016-04-02 16:00:00,4.6,18.73
2016-04-02 17:00:00,4.0,20.12
2016-04-02 18:00:00,2.9,23.41
2016-04-02 19:00:00,2.7,28.2
2016-04-02 20:00:00,3.3,30.43
2016-04-02 21:00:00,2.6,30.1
2016-04-02 22:00:00,2.6,26.79
2016-04-02 23:00:00,2.4,21.43
2016-04-03 00:00:00,2.1,19.59
2016-04-03 01:00:00,2.3,18.07
2016-04-03 02:00:00,1.4,17.5
2016-04-03 03:00:00,1.7,15.29
2016-04-03 04:00:00,2.2,15.68
2016-04-03 05:00:00,2.9,15.59
2016-04-03 06:00:00,2.7,13.32
2016-04-03 07:00:00,2.2,14.6
2016-04-03 08:00:00,2.7,17.48
2016-04-03 09:00:00,3.5,18.55
2016-04-03 10:00:00,3.4,17.36
2016-04-03 11:00:00,3.1,17.67
2016-04-03 12:00:00,3.1,15.48
2016-04-03 13:00:00,2.5,14.8
2016-04-03 14:00:00,2.2,12.75
2016-04-03 15:00:00,2.5,12.18
2016-04-03 16:00:00,2.6,13.02
2016-04-03 17:00:00,2.6,15.77
2016-04-03 18:00:00,2.5,21.19
2016-04-03 19:00:00,1.6,23.15
2016-04-03 20:00:00,1.5,25.28
2016-04-03 21:00:00,1.7,25.01
2016-04-03 22:00:00,2.1,24.32
2016-04-03 23:00:00,2.2,20.9
2016-04-04 00:00:00,2.0,21.0
2016-04-04 01:00:00,1.5,19.59
2016-04-04 02:00:00,1.6,19.15
2016-04-04 03:00:00,1.6,18.75
2016-04-04 04:00:00,1.2,18.72
2016-04-04 05:00:00,1.2,20.39
2016-04-04 06:00:00,1.0,29.1
2016-04-04 07:00:00,1.2,34.19
2016-04-04 08:00:00,1.7,35.42
2016-04-04 09:00:00,2.2,33.5
2016-04-04 10:00:00,2.1,29.62
2016-04-04 11:00:00,1.2,25.1
2016-04-04 12:00:00,1.9,23.37
2016-04-04 13:00:00,1.4,23.83
2016-04-04 14:00:00,1.2,23.93
2016-04-04 15:00:00,2.5,23.04
2016-04-04 16:00:00,2.3,27.42
2016-04-04 17:00:00,2.8,29.25
2016-04-04 18:00:00,0.8,32.96
2016-04-04 19:00:00,0.9,35.05
2016-04-04 20:00:00,1.0,36.1
2016-04-04 21:00:00,1.0,35.6
2016-04-04 22:00:00,0.7,30.3
2016-04-04 23:00:00,0.6,25.96
2016-04-05 00:00:00,0.9,21.39
2016-04-05 01:00:00,0.9,20.8
2016-04-05 02:00:00,0.8,20.76
2016-04-05 03:00:00,0.9,20.31
2016-04-05 04:00:00,0.8,20.34
2016-04-05 05:00:00,0.6,21.79
2016-04-05 06:00:00,0.8,27.84
2016-04-05 07:00:00,1.1,32.76
2016-04-05 08:00:00,0.6,35.18
2016-04-05 09:00:00,0.8,34.92
2016-04-05 10:00:00,1.3,34.1
2016-04-05 11:00:00,1.6,32.93
2016-04-05 12:00:00,2.3,29.52
2016-04-05 13:00:00,1.8,26.58
2016-04-05 14:00:00,2.0,24.74
2016-04-05 15:00:00,2.3,24.19
2016-04-05 16:00:00,2.7,23.96
2016-04-05 17:00:00,2.6,27.05
2016-04-05 18:00:00,3.5,29.79
2016-04-05 19:00:00,2.2,30.66
2016-04-05 20:00:00,4.0,30.04
2016-04-05 21:00:00,4.5,28.0
2016-04-05 22:00:00,3.1,25.32
2016-04-05 23:00:00,5.5,21.97
2016-04-06 00:00:00,6.2,20.0
2016-04-06 01:00:00,5.6,19.2
2016-04-06 02:00:00,4.2,19.06
2016-04-06 03:00:00,3.8,18.95
2016-04-06 04:00:00,3.8,19.02
2016-04-06 05:00:00,2.9,20.0
2016-04-06 06:00:00,2.6,24.33
2016-04-06 07:00:00,3.8,32.97
2016-04-06 08:00:00,5.3,34.24
2016-04-06 09:00:00,5.0,25.98
2016-04-06 10:00:00,6.3,23.24
2016-04-06 11:00:00,5.8,21.97
2016-04-06 12:00:00,5.9,21.25
2016-04-06 13:00:00,6.5,20.02
2016-04-06 14:00:00,4.5,19.75
2016-04-06 15:00:00,6.1,19.85
2016-04-06 16:00:00,6.3,20.09
2016-04-06 17:00:00,5.1,21.59
2016-04-06 18:00:00,2.6,23.1
2016-04-06 19:00:00,2.0,26.71
2016-04-06 20:00:00,2.4,28.26
2016-04-06 21:00:00,2.7,23.23
2016-04-06 22:00:00,2.5,21.06
2016-04-06 23:00:00,2.6,19.01
2016-04-07 00:00:00,2.9,16.42
2016-04-07 01:00:00,2.8,16.0
2016-04-07 02:00:00,2.7,13.46
2016-04-07 03:00:00,2.8,12.57
2016-04-07 04:00:00,2.5,13.49
2016-04-07 05:00:00,1.9,17.37
2016-04-07 06:00:00,2.7,22.62
2016-04-07 07:00:00,2.8,28.4
2016-04-07 08:00:00,3.3,31.31
2016-04-07 09:00:00,3.2,26.33
2016-04-07 10:00:00,2.5,21.55
2016-04-07 11:00:00,3.4,21.56
2016-04-07 12:00:00,4.6,22.32
2016-04-07 13:00:00,6.1,21.6
2016-04-07 14:00:00,5.1,22.57
2016-04-07 15:00:00,6.2,21.86
2016-04-07 16:00:00,5.0,21.94
2016-04-07 17:00:00,3.5,22.73
2016-04-07 18:00:00,2.7,28.59
2016-04-07 19:00:00,1.9,31.11
2016-04-07 20:00:00,1.6,32.68
2016-04-07 21:00:00,0.6,29.41
2016-04-07 22:00:00,1.0,28.27
2016-04-07 23:00:00,0.8,23.54
2016-04-08 00:00:00,1.3,23.39
2016-04-08 01:00:00,1.2,21.69
2016-04-08 02:00:00,1.1,21.18
2016-04-08 03:00:00,1.2,20.52
2016-04-08 04:00:00,0.9,21.04
2016-04-08 05:00:00,1.3,21.72
2016-04-08 06:00:00,1.5,29.12
2016-04-08 07:00:00,2.2,35.0
2016-04-08 08:00:00,2.1,38.2
2016-04-08 09:00:00,2.1,37.55
2016-04-08 10:00:00,1.8,34.22
2016-04-08 11:00:00,1.7,32.96
2016-04-08 12:00:00,2.2,29.74
2016-04-08 13:00:00,2.6,27.9
2016-04-08 14:00:00,2.6,26.36
2016-04-08 15:00:00,2.5,24.66
2016-04-08 16:00:00,2.8,23.95
2016-04-08 17:00:00,3.1,27.03
2016-04-08 18:00:00,2.4,29.58
2016-04-08 19:00:00,1.4,32.22
2016-04-08 20:00:00,0.9,31.96
2016-04-08 21:00:00,0.8,30.66
2016-04-08 22:00:00,0.8,30.68
2016-04-08 23:00:00,0.8,29.0
2016-04-09 00:00:00,1.3,28.45
2016-04-09 01:00:00,1.8,24.18
2016-04-09 02:00:00,1.5,23.28
2016-04-09 03:00:00,1.1,21.84
2016-04-09 04:00:00,0.8,21.46
2016-04-09 05:00:00,1.0,21.72
2016-04-09 06:00:00,1.2,22.42
2016-04-09 07:00:00,1.3,23.42
2016-04-09 08:00:00,1.2,27.21
2016-04-09 09:00:00,1.7,25.12
2016-04-09 10:00:00,2.6,22.76
2016-04-09 11:00:00,3.0,22.58
2016-04-09 12:00:00,3.2,21.83
2016-04-09 13:00:00,3.0,20.81
2016-04-09 14:00:00,3.0,19.94
2016-04-09 15:00:00,2.9,20.35
2016-04-09 16:00:00,2.2,20.3
2016-04-09 17:00:00,2.0,22.27
2016-04-09 18:00:00,1.8,26.91
2016-04-09 19:00:00,1.3,29.62
2016-04-09 20:00:00,1.4,31.81
2016-04-09 21:00:00,1.5,29.56
2016-04-09 22:00:00,2.3,27.44
2016-04-09 23:00:00,2.2,24.0
2016-04-10 00:00:00,2.3,21.13
2016-04-10 01:00:00,1.9,20.03
2016-04-10 02:00:00,2.0,19.25
2016-04-10 03:00:00,2.2,18.96
2016-04-10 04:00:00,1.4,19.02
2016-04-10 05:00:00,1.3,18.88
2016-04-10 06:00:00,1.3,19.15
2016-04-10 07:00:00,1.4,19.19
2016-04-10 08:00:00,1.8,20.22
2016-04-10 09:00:00,1.8,20.97
2016-04-10 10:00:00,2.1,21.0
2016-04-10 11:00:00,1.6,20.59
2016-04-10 12:00:00,2.0,19.29
2016-04-10 13:00:00,1.9,16.89
2016-04-10 14:00:00,2.2,14.25
2016-04-10 15:00:00,2.5,13.61
2016-04-10 16:00:00,1.8,12.06
2016-04-10 17:00:00,2.0,16.67
2016-04-10 18:00:00,1.6,20.78
2016-04-10 19:00:00,1.1,22.47
2016-04-10 20:00:00,1.1,24.55
2016-04-10 21:00:00,1.6,23.0
2016-04-10 22:00:00,1.8,21.84
2016-04-10 23:00:00,1.5,19.57
2016-04-11 00:00:00,1.5,16.35
2016-04-11 01:00:00,0.8,13.7
2016-04-11 02:00:00,1.4,12.81
2016-04-11 03:00:00,0.8,10.66
2016-04-11 04:00:00,1.1,13.09
2016-04-11 05:00:00,1.1,18.55
2016-04-11 06:00:00,0.7,25.49
2016-04-11 07:00:00,1.4,32.0
2016-04-11 08:00:00,1.8,34.61
2016-04-11 09:00:00,1.6,28.98
2016-04-11 10:00:00,1.3,25.63
2016-04-11 11:00:00,1.8,23.1
2016-04-11 12:00:00,1.5,22.59
2016-04-11 13:00:00,2.4,22.51
2016-04-11 14:00:00,2.8,22.12
2016-04-11 15:00:00,3.1,21.83
2016-04-11 16:00:00,2.8,22.11
2016-04-11 17:00:00,2.3,23.68
2016-04-11 18:00:00,1.5,28.47
2016-04-11 19:00:00,1.4,31.27
2016-04-11 20:00:00,0.8,32.56
2016-04-11 21:00:00,1.0,31.49
2016-04-11 22:00:00,0.8,27.86
2016-04-11 23:00:00,1.3,24.8
2016-04-12 00:00:00,1.2,22.8
2016-04-12 01:00:00,1.7,22.2
2016-04-12 02:00:00,0.9,21.69
2016-04-12 03:00:00,0.9,21.05
2016-04-12 04:00:00,1.3,21.32
2016-04-12 05:00:00,1.5,22.15
2016-04-12 06:00:00,1.4,28.98
2016-04-12 07:00:00,0.6,36.0
2016-04-12 08:00:00,0.9,38.94
2016-04-12 09:00:00,0.8,37.6
2016-04-12 10:00:00,1.0,34.0
2016-04-12 11:00:00,1.2,31.02
2016-04-12 12:00:00,1.8,27.97
2016-04-12 13:00:00,1.9,26.41
2016-04-12 14:00:00,1.1,24.59
2016-04-12 15:00:00,1.7,24.18
2016-04-12 16:00:00,1.7,25.13
2016-04-12 17:00:00,1.5,27.26
2016-04-12 18:00:00,1.6,31.32
2016-04-12 19:00:00,1.7,34.62
2016-04-12 20:00:00,0.7,34.95
2016-04-12 21:00:00,0.9,32.24
2016-04-12 22:00:00,1.0,30.0
2016-04-12 23:00:00,1.1,24.1
2016-04-13 00:00:00,1.2,22.93
2016-04-13 01:00:00,1.0,21.68
2016-04-13 02:00:00,1.0,21.68
2016-04-13 03:00:00,0.9,21.41
2016-04-13 04:00:00,0.6,21.71
2016-04-13 05:00:00,0.8,22.77
2016-04-13 06:00:00,0.5,31.35
2016-04-13 07:00:00,1.2,34.99
2016-04-13 08:00:00,1.4,39.41
2016-04-13 09:00:00,3.5,35.06
2016-04-13 10:00:00,2.3,33.23
2016-04-13 11:00:00,1.4,31.94
2016-04-13 12:00:00,1.6,28.9
2016-04-13 13:00:00,1.6,27.01
2016-04-13 14:00:00,1.5,25.96
2016-04-13 15:00:00,2.6,26.0
2016-04-13 16:00:00,2.7,26.33
2016-04-13 17:00:00,2.2,29.0
2016-04-13 18:00:00,2.0,32.37
2016-04-13 19:00:00,1.8,33.86
2016-04-13 20:00:00,1.0,34.42
2016-04-13 21:00:00,1.0,31.31
2016-04-13 22:00:00,3.5,28.0
2016-04-13 23:00:00,4.3,23.59
2016-04-14 00:00:00,3.4,23.35
2016-04-14 01:00:00,2.9,21.93
2016-04-14 02:00:00,3.2,21.18
2016-04-14 03:00:00,3.5,20.94
2016-04-14 04:00:00,3.7,21.06
2016-04-14 05:00:00,3.6,21.74
2016-04-14 06:00:00,2.9,27.0
2016-04-14 07:00:00,4.2,32.03
2016-04-14 08:00:00,3.9,37.28
2016-04-14 09:00:00,3.6,34.59
2016-04-14 10:00:00,4.0,30.91
2016-04-14 11:00:00,4.1,28.08
2016-04-14 12:00:00,3.3,26.4
2016-04-14 13:00:00,3.4,25.05
2016-04-14 14:00:00,4.9,23.83
2016-04-14 15:00:00,4.4,23.44
2016-04-14 16:00:00,3.5,23.22
2016-04-14 17:00:00,2.1,24.2
2016-04-14 18:00:00,3.1,27.25
2016-04-14 19:00:00,2.4,32.51
2016-04-14 20:00:00,0.9,31.98
2016-04-14 21:00:00,1.2,31.53
2016-04-14 22:00:00,0.9,28.33
2016-04-14 23:00:00,1.2,23.9
2016-04-15 00:00:00,0.9,22.1
2016-04-15 01:00:00,1.0,21.31
2016-04-15 02:00:00,0.8,20.45
2016-04-15 03:00:00,1.2,20.14
2016-04-15 04:00:00,1.1,20.34
2016-04-15 05:00:00,1.8,21.08
2016-04-15 06:00:00,2.4,25.0
2016-04-15 07:00:00,2.5,31.69
2016-04-15 08:00:00,3.0,34.7
2016-04-15 09:00:00,3.6,33.02
2016-04-15 10:00:00,3.5,30.98
2016-04-15 11:00:00,3.3,29.94
2016-04-15 12:00:00,3.4,28.0
2016-04-15 13:00:00,3.5,23.82
2016-04-15 14:00:00,2.6,22.81
2016-04-15 15:00:00,2.9,21.36
2016-04-15 16:00:00,3.3,21.32
2016-04-15 17:00:00,2.9,22.51
2016-04-15 18:00:00,2.6,23.94
2016-04-15 19:00:00,3.1,26.34
2016-04-15 20:00:00,3.0,28.08
2016-04-15 21:00:00,2.5,27.08
2016-04-15 22:00:00,2.5,25.0
2016-04-15 23:00:00,2.7,24.69
2016-04-16 00:00:00,2.2,21.3
2016-04-16 01:00:00,2.1,19.7
2016-04-16 02:00:00,2.4,19.24
2016-04-16 03:00:00,2.6,18.28
2016-04-16 04:00:00,2.9,17.19
2016-04-16 05:00:00,3.3,18.76
2016-04-16 06:00:00,3.5,19.46
2016-04-16 07:00:00,3.7,19.54
2016-04-16 08:00:00,3.5,21.14
2016-04-16 09:00:00,4.0,21.64
2016-04-16 10:00:00,3.8,19.8
2016-04-16 11:00:00,2.7,19.06
2016-04-16 12:00:00,1.9,18.05
2016-04-16 13:00:00,2.2,14.06
2016-04-16 14:00:00,4.3,13.77
2016-04-16 15:00:00,4.9,13.19
2016-04-16 16:00:00,3.7,12.69
2016-04-16 17:00:00,3.6,14.08
2016-04-16 18:00:00,3.3,17.69
2016-04-16 19:00:00,2.9,22.05
2016-04-16 20:00:00,3.0,23.7
2016-04-16 21:00:00,2.6,24.31
2016-04-16 22:00:00,2.0,23.94
2016-04-16 23:00:00,1.3,20.83
2016-04-17 00:00:00,1.7,19.33
2016-04-17 01:00:00,1.5,17.74
2016-04-17 02:00:00,1.8,15.85
2016-04-17 03:00:00,1.1,15.13
2016-04-17 04:00:00,1.5,15.15
2016-04-17 05:00:00,1.2,14.57
2016-04-17 06:00:00,0.8,14.82
2016-04-17 07:00:00,1.7,14.57
2016-04-17 08:00:00,4.8,16.48
2016-04-17 09:00:00,3.8,18.69
2016-04-17 10:00:00,3.2,18.69
2016-04-17 11:00:00,3.5,18.94
2016-04-17 12:00:00,4.3,18.16
2016-04-17 13:00:00,4.4,16.16
2016-04-17 14:00:00,4.4,13.82
2016-04-17 15:00:00,3.6,12.52
2016-04-17 16:00:00,4.3,13.52
2016-04-17 17:00:00,3.3,16.16
2016-04-17 18:00:00,3.6,19.35
2016-04-17 19:00:00,3.3,21.19
2016-04-17 20:00:00,2.9,26.4
2016-04-17 21:00:00,2.4,29.65
2016-04-17 22:00:00,2.9,30.16
2016-04-17 23:00:00,2.5,27.25
2016-04-18 00:00:00,2.3,20.92
2016-04-18 01:00:00,2.7,20.9
2016-04-18 02:00:00,2.3,19.7
2016-04-18 03:00:00,1.4,18.9
2016-04-18 04:00:00,1.0,19.0
2016-04-18 05:00:00,0.7,20.6
2016-04-18 06:00:00,0.8,30.0
2016-04-18 07:00:00,1.4,37.06
2016-04-18 08:00:00,1.4,38.79
2016-04-18 09:00:00,1.8,29.27
2016-04-18 10:00:00,2.0,24.09
2016-04-18 11:00:00,3.2,23.28
2016-04-18 12:00:00,3.6,21.14
2016-04-18 13:00:00,4.0,20.7
2016-04-18 14:00:00,4.4,20.65
2016-04-18 15:00:00,4.2,20.49
2016-04-18 16:00:00,4.8,20.31
2016-04-18 17:00:00,4.1,20.94
2016-04-18 18:00:00,1.6,23.19
2016-04-18 19:00:00,0.8,25.62
2016-04-18 20:00:00,0.7,27.92
2016-04-18 21:00:00,0.8,29.03
2016-04-18 22:00:00,1.2,22.55
2016-04-18 23:00:00,1.0,19.31
2016-04-19 00:00:00,0.9,19.32
2016-04-19 01:00:00,1.7,18.69
2016-04-19 02:00:00,2.0,18.04
2016-04-19 03:00:00,3.2,17.49
2016-04-19 04:00:00,3.8,18.44
2016-04-19 05:00:00,3.8,19.8
2016-04-19 06:00:00,4.2,26.93
2016-04-19 07:00:00,4.7,29.99
2016-04-19 08:00:00,5.7,29.68
2016-04-19 09:00:00,6.7,21.96
2016-04-19 10:00:00,7.6,20.94
2016-04-19 11:00:00,6.7,20.42
2016-04-19 12:00:00,7.6,17.79
2016-04-19 13:00:00,8.1,15.62
2016-04-19 14:00:00,8.1,13.6
2016-04-19 15:00:00,8.0,13.68
2016-04-19 16:00:00,7.0,15.02
2016-04-19 17:00:00,6.0,19.24
2016-04-19 18:00:00,6.0,20.76
2016-04-19 19:00:00,4.5,23.99
2016-04-19 20:00:00,5.9,25.95
2016-04-19 21:00:00,3.9,24.87
2016-04-19 22:00:00,3.7,21.42
2016-04-19 23:00:00,4.6,19.33
2016-04-20 00:00:00,4.3,19.14
2016-04-20 01:00:00,4.2,18.85
2016-04-20 02:00:00,4.2,16.5
2016-04-20 03:00:00,4.3,17.49
2016-04-20 04:00:00,4.0,18.63
2016-04-20 05:00:00,4.4,20.0
2016-04-20 06:00:00,4.6,25.76
2016-04-20 07:00:00,5.7,30.55
2016-04-20 08:00:00,5.6,31.91
2016-04-20 09:00:00,5.4,26.44
2016-04-20 10:00:00,6.1,23.02
2016-04-20 11:00:00,5.9,22.43
2016-04-20 12:00:00,5.8,21.51
2016-04-20 13:00:00,5.7,20.49
2016-04-20 14:00:00,5.6,20.89
2016-04-20 15:00:00,5.4,21.57
2016-04-20 16:00:00,5.7,21.59
2016-04-20 17:00:00,4.2,22.89
2016-04-20 18:00:00,3.3,27.24
2016-04-20 19:00:00,1.7,31.09
2016-04-20 20:00:00,1.4,32.16
2016-04-20 21:00:00,1.9,30.66
2016-04-20 22:00:00,1.2,28.52
2016-04-20 23:00:00,1.2,24.5
2016-04-21 00:00:00,1.2,22.51
2016-04-21 01:00:00,0.9,20.5
2016-04-21 02:00:00,1.0,19.93
2016-04-21 03:00:00,0.9,19.58
2016-04-21 04:00:00,0.7,19.84
2016-04-21 05:00:00,0.6,21.11
2016-04-21 06:00:00,0.6,29.1
2016-04-21 07:00:00,2.8,34.58
2016-04-21 08:00:00,2.8,35.38
2016-04-21 09:00:00,2.8,32.92
2016-04-21 10:00:00,3.5,28.91
2016-04-21 11:00:00,3.5,26.12
2016-04-21 12:00:00,4.0,23.59
2016-04-21 13:00:00,3.7,23.43
2016-04-21 14:00:00,3.2,23.47
2016-04-21 15:00:00,3.2,23.93
2016-04-21 16:00:00,3.6,23.95
2016-04-21 17:00:00,3.4,27.61
2016-04-21 18:00:00,2.6,30.74
2016-04-21 19:00:00,2.0,32.33
2016-04-21 20:00:00,1.6,32.34
2016-04-21 21:00:00,1.7,32.02
2016-04-21 22:00:00,1.2,29.19
2016-04-21 23:00:00,0.9,25.0
2016-04-22 00:00:00,1.0,21.95
2016-04-22 01:00:00,1.1,20.7
2016-04-22 02:00:00,1.4,19.59
2016-04-22 03:00:00,1.6,19.32
2016-04-22 04:00:00,1.0,19.85
2016-04-22 05:00:00,1.9,22.94
2016-04-22 06:00:00,3.7,28.0
2016-04-22 07:00:00,5.0,33.14
2016-04-22 08:00:00,4.9,34.61
2016-04-22 09:00:00,4.0,31.59
2016-04-22 10:00:00,3.2,28.69
2016-04-22 11:00:00,3.9,25.22
2016-04-22 12:00:00,3.9,23.98
2016-04-22 13:00:00,4.4,22.95
2016-04-22 14:00:00,3.7,22.24
2016-04-22 15:00:00,3.3,22.32
2016-04-22 16:00:00,3.7,22.89
2016-04-22 17:00:00,2.7,24.75
2016-04-22 18:00:00,1.4,28.99
2016-04-22 19:00:00,0.7,30.93
2016-04-22 20:00:00,0.7,30.94
2016-04-22 21:00:00,0.6,29.33
2016-04-22 22:00:00,0.5,27.94
2016-04-22 23:00:00,0.5,25.04
2016-04-23 00:00:00,0.8,27.72
2016-04-23 01:00:00,0.7,22.45
2016-04-23 02:00:00,1.2,21.47
2016-04-23 03:00:00,1.4,20.99
2016-04-23 04:00:00,1.2,20.99
2016-04-23 05:00:00,1.0,20.9
2016-04-23 06:00:00,1.6,21.05
2016-04-23 07:00:00,3.0,21.48
2016-04-23 08:00:00,3.6,23.62
2016-04-23 09:00:00,2.7,27.29
2016-04-23 10:00:00,3.8,26.91
2016-04-23 11:00:00,4.1,25.76
2016-04-23 12:00:00,3.9,23.4
2016-04-23 13:00:00,4.4,21.36
2016-04-23 14:00:00,4.3,20.42
2016-04-23 15:00:00,5.3,18.29
2016-04-23 16:00:00,5.1,16.27
2016-04-23 17:00:00,4.2,19.13
2016-04-23 18:00:00,4.4,21.07
2016-04-23 19:00:00,3.8,22.46
2016-04-23 20:00:00,2.4,25.0
2016-04-23 21:00:00,2.8,27.19
2016-04-23 22:00:00,3.7,25.05
2016-04-23 23:00:00,2.6,22.1
2016-04-24 00:00:00,3.8,18.21
2016-04-24 01:00:00,4.1,15.07
2016-04-24 02:00:00,4.0,14.31
2016-04-24 03:00:00,4.8,12.59
2016-04-24 04:00:00,4.6,12.79
2016-04-24 05:00:00,4.6,13.62
2016-04-24 06:00:00,5.0,12.76
2016-04-24 07:00:00,5.5,12.2
2016-04-24 08:00:00,4.1,13.75
2016-04-24 09:00:00,4.5,12.57
2016-04-24 10:00:00,5.2,12.54
2016-04-24 11:00:00,5.6,13.79
2016-04-24 12:00:00,3.4,14.19
2016-04-24 13:00:00,5.9,11.88
2016-04-24 14:00:00,5.0,9.44
2016-04-24 15:00:00,3.0,9.5
2016-04-24 16:00:00,5.1,8.47
2016-04-24 17:00:00,2.7,13.04
2016-04-24 18:00:00,3.4,20.28
2016-04-24 19:00:00,3.5,21.96
2016-04-24 20:00:00,2.2,23.94
2016-04-24 21:00:00,1.7,24.37
2016-04-24 22:00:00,0.7,27.87
2016-04-24 23:00:00,2.8,24.04
2016-04-25 00:00:00,3.2,22.56
2016-04-25 01:00:00,4.7,21.46
2016-04-25 02:00:00,2.9,20.82
2016-04-25 03:00:00,3.4,20.23
2016-04-25 04:00:00,4.5,20.26
2016-04-25 05:00:00,3.8,21.1
2016-04-25 06:00:00,4.4,29.02
2016-04-25 07:00:00,5.5,32.97
2016-04-25 08:00:00,6.6,34.48
2016-04-25 09:00:00,5.4,30.03
2016-04-25 10:00:00,5.0,28.95
2016-04-25 11:00:00,4.5,27.94
2016-04-25 12:00:00,4.1,28.31
2016-04-25 13:00:00,6.4,27.37
2016-04-25 14:00:00,5.6,24.39
2016-04-25 15:00:00,4.3,23.75
2016-04-25 16:00:00,4.5,23.78
2016-04-25 17:00:00,4.4,25.95
2016-04-25 18:00:00,3.3,28.41
2016-04-25 19:00:00,2.5,31.19
2016-04-25 20:00:00,2.5,31.46
2016-04-25 21:00:00,2.3,30.15
2016-04-25 22:00:00,2.4,28.14
2016-04-25 23:00:00,2.9,22.97
2016-04-26 00:00:00,3.0,21.81
2016-04-26 01:00:00,2.8,20.9
2016-04-26 02:00:00,3.6,20.96
2016-04-26 03:00:00,4.5,20.62
2016-04-26 04:00:00,4.3,21.07
2016-04-26 05:00:00,4.0,22.73
2016-04-26 06:00:00,3.6,29.91
2016-04-26 07:00:00,3.7,34.07
2016-04-26 08:00:00,3.8,35.14
2016-04-26 09:00:00,3.7,32.7
2016-04-26 10:00:00,3.3,30.36
2016-04-26 11:00:00,5.3,29.78
2016-04-26 12:00:00,5.3,26.95
2016-04-26 13:00:00,6.6,25.65
2016-04-26 14:00:00,5.1,25.29
2016-04-26 15:00:00,5.5,25.23
2016-04-26 16:00:00,5.4,24.73
2016-04-26 17:00:00,4.9,25.29
2016-04-26 18:00:00,4.0,28.92
2016-04-26 19:00:00,3.4,31.11
2016-04-26 20:00:00,2.1,31.61
2016-04-26 21:00:00,2.6,31.07
2016-04-26 22:00:00,3.6,27.98
2016-04-26 23:00:00,3.5,23.99
2016-04-27 00:00:00,4.0,23.01
2016-04-27 01:00:00,3.0,22.42
2016-04-27 02:00:00,3.6,22.53
2016-04-27 03:00:00,4.0,22.04
2016-04-27 04:00:00,4.0,22.17
2016-04-27 05:00:00,2.6,23.77
2016-04-27 06:00:00,3.6,28.6
2016-04-27 07:00:00,5.3,31.47
2016-04-27 08:00:00,6.6,30.27
2016-04-27 09:00:00,5.9,28.85
2016-04-27 10:00:00,6.8,25.65
2016-04-27 11:00:00,6.6,24.91
2016-04-27 12:00:00,6.5,24.21
2016-04-27 13:00:00,7.1,24.14
2016-04-27 14:00:00,6.1,23.56
2016-04-27 15:00:00,6.6,23.42
2016-04-27 16:00:00,6.7,23.53
2016-04-27 17:00:00,6.4,24.03
2016-04-27 18:00:00,5.9,28.95
2016-04-27 19:00:00,4.9,30.27
2016-04-27 20:00:00,3.0,33.0
2016-04-27 21:00:00,2.9,31.95
2016-04-27 22:00:00,2.3,27.93
2016-04-27 23:00:00,2.2,25.51
2016-04-28 00:00:00,3.4,23.0
2016-04-28 01:00:00,4.2,23.46
2016-04-28 02:00:00,3.8,24.55
2016-04-28 03:00:00,3.9,23.28
2016-04-28 04:00:00,3.4,23.73
2016-04-28 05:00:00,3.8,25.59
2016-04-28 06:00:00,4.8,31.12
2016-04-28 07:00:00,6.3,37.99
2016-04-28 08:00:00,6.9,37.99
2016-04-28 09:00:00,5.9,34.1
2016-04-28 10:00:00,5.8,29.93
2016-04-28 11:00:00,4.5,29.39
2016-04-28 12:00:00,6.2,26.16
2016-04-28 13:00:00,4.4,24.98
2016-04-28 14:00:00,5.8,27.39
2016-04-28 15:00:00,7.0,26.96
2016-04-28 16:00:00,6.7,26.5
2016-04-28 17:00:00,4.8,30.0
2016-04-28 18:00:00,4.1,34.79
2016-04-28 19:00:00,1.0,38.43
2016-04-28 20:00:00,1.2,35.75
2016-04-28 21:00:00,0.8,37.19
2016-04-28 22:00:00,1.3,34.92
2016-04-28 23:00:00,1.7,30.3
2016-04-29 00:00:00,1.7,26.41
2016-04-29 01:00:00,1.9,25.01
2016-04-29 02:00:00,1.4,23.99
2016-04-29 03:00:00,1.2,22.46
2016-04-29 04:00:00,1.3,22.35
2016-04-29 05:00:00,2.0,23.47
2016-04-29 06:00:00,2.9,26.8
2016-04-29 07:00:00,3.6,30.68
2016-04-29 08:00:00,3.1,28.51
2016-04-29 09:00:00,3.5,22.39
2016-04-29 10:00:00,3.9,20.69
2016-04-29 11:00:00,3.7,20.05
2016-04-29 12:00:00,4.0,19.09
2016-04-29 13:00:00,3.9,20.14
2016-04-29 14:00:00,3.5,20.86
2016-04-29 15:00:00,3.0,22.01
2016-04-29 16:00:00,3.0,22.59
2016-04-29 17:00:00,3.3,26.01
2016-04-29 18:00:00,2.3,30.82
2016-04-29 19:00:00,1.5,34.83
2016-04-29 20:00:00,1.7,35.18
2016-04-29 21:00:00,1.8,33.08
2016-04-29 22:00:00,2.0,30.93
2016-04-29 23:00:00,1.8,27.35
2016-04-30 00:00:00,1.8,24.17
2016-04-30 01:00:00,1.7,24.25
2016-04-30 02:00:00,2.0,24.54
2016-04-30 03:00:00,2.1,25.04
2016-04-30 04:00:00,2.2,24.0
2016-04-30 05:00:00,2.1,24.0
2016-04-30 06:00:00,2.5,24.22
2016-04-30 07:00:00,2.7,25.45
2016-04-30 08:00:00,2.9,26.81
2016-04-30 09:00:00,3.3,28.69
2016-04-30 10:00:00,3.6,25.7
2016-04-30 11:00:00,3.2,24.05
2016-04-30 12:00:00,3.1,22.44
2016-04-30 13:00:00,3.0,22.01
2016-04-30 14:00:00,2.4,21.48
2016-04-30 15:00:00,2.6,21.17
2016-04-30 16:00:00,2.7,21.54
2016-04-30 17:00:00,2.3,22.34
2016-04-30 18:00:00,2.6,25.02
2016-04-30 19:00:00,3.2,25.51
2016-04-30 20:00:00,2.7,25.61
2016-04-30 21:00:00,3.6,28.53
2016-04-30 22:00:00,4.4,27.92
2016-04-30 23:00:00,4.2,24.03
2016-05-01 00:00:00,3.4,20.1
2016-05-01 01:00:00,2.2,19.81
2016-05-01 02:00:00,1.6,18.72
2016-05-01 03:00:00,2.1,17.03
2016-05-01 04:00:00,1.8,17.17
2016-05-01 05:00:00,2.2,17.92
2016-05-01 06:00:00,3.0,17.64
2016-05-01 07:00:00,3.0,17.04
2016-05-01 08:00:00,3.7,16.82
2016-05-01 09:00:00,4.3,17.42
2016-05-01 10:00:00,5.1,16.77
2016-05-01 11:00:00,4.8,16.97
2016-05-01 12:00:00,4.8,15.16
2016-05-01 13:00:00,5.2,13.73
2016-05-01 14:00:00,5.4,14.29
2016-05-01 15:00:00,4.9,13.54
2016-05-01 16:00:00,4.7,14.25
2016-05-01 17:00:00,4.4,16.21
2016-05-01 18:00:00,3.0,21.35
2016-05-01 19:00:00,1.2,23.57
2016-05-01 20:00:00,0.7,25.08
2016-05-01 21:00:00,0.6,25.74
2016-05-01 22:00:00,0.7,26.35
2016-05-01 23:00:00,0.7,24.48
2016-05-02 00:00:00,0.6,21.45
2016-05-02 01:00:00,0.6,20.23
2016-05-02 02:00:00,0.4,20.03
2016-05-02 03:00:00,0.7,19.94
2016-05-02 04:00:00,0.6,20.08
2016-05-02 05:00:00,1.1,23.47
2016-05-02 06:00:00,0.6,31.12
2016-05-02 07:00:00,1.4,35.53
2016-05-02 08:00:00,1.8,34.96
2016-05-02 09:00:00,2.9,31.35
2016-05-02 10:00:00,2.5,28.29
2016-05-02 11:00:00,2.6,26.91
2016-05-02 12:00:00,3.5,25.29
2016-05-02 13:00:00,3.4,25.07
2016-05-02 14:00:00,2.9,25.02
2016-05-02 15:00:00,3.5,25.53
2016-05-02 16:00:00,3.2,26.94
2016-05-02 17:00:00,3.5,29.06
2016-05-02 18:00:00,2.3,33.0
2016-05-02 19:00:00,1.6,35.79
2016-05-02 20:00:00,1.6,35.76
2016-05-02 21:00:00,1.5,34.08
2016-05-02 22:00:00,0.7,31.93
2016-05-02 23:00:00,0.6,27.05
2016-05-03 00:00:00,0.4,23.91
2016-05-03 01:00:00,0.2,22.32
2016-05-03 02:00:00,0.2,21.84
2016-05-03 03:00:00,0.3,21.37
2016-05-03 04:00:00,0.6,21.85
2016-05-03 05:00:00,1.1,23.26
2016-05-03 06:00:00,0.8,30.39
2016-05-03 07:00:00,0.4,33.9
2016-05-03 08:00:00,0.7,36.48
2016-05-03 09:00:00,1.1,35.95
2016-05-03 10:00:00,1.2,35.58
2016-05-03 11:00:00,1.7,34.9
2016-05-03 12:00:00,1.1,31.55
2016-05-03 13:00:00,2.8,26.59
2016-05-03 14:00:00,3.4,24.9
2016-05-03 15:00:00,4.2,24.1
2016-05-03 16:00:00,4.9,23.91
2016-05-03 17:00:00,5.5,25.17
2016-05-03 18:00:00,3.4,28.51
2016-05-03 19:00:00,7.8,31.69
2016-05-03 20:00:00,7.3,32.1
2016-05-03 21:00:00,7.3,32.8
2016-05-03 22:00:00,6.9,30.92
2016-05-03 23:00:00,6.3,24.59
2016-05-04 00:00:00,5.5,22.94
2016-05-04 01:00:00,5.3,21.98
2016-05-04 02:00:00,5.5,21.95
2016-05-04 03:00:00,5.0,21.69
2016-05-04 04:00:00,5.8,22.14
2016-05-04 05:00:00,5.5,23.59
2016-05-04 06:00:00,6.0,31.47
2016-05-04 07:00:00,5.4,35.05
2016-05-04 08:00:00,5.3,35.97
2016-05-04 09:00:00,4.9,32.46
2016-05-04 10:00:00,4.9,28.51
2016-05-04 11:00:00,5.5,27.14
2016-05-04 12:00:00,5.0,25.43
2016-05-04 13:00:00,5.2,24.37
2016-05-04 14:00:00,4.6,24.01
2016-05-04 15:00:00,5.3,23.64
2016-05-04 16:00:00,4.9,23.88
2016-05-04 17:00:00,4.6,25.1
2016-05-04 18:00:00,3.1,28.96
2016-05-04 19:00:00,2.1,31.73
2016-05-04 20:00:00,1.5,32.0
2016-05-04 21:00:00,1.7,32.9
2016-05-04 22:00:00,2.5,31.93
2016-05-04 23:00:00,1.6,27.8
2016-05-05 00:00:00,0.9,23.69
2016-05-05 01:00:00,0.9,21.86
2016-05-05 02:00:00,0.4,21.26
2016-05-05 03:00:00,1.4,20.26
2016-05-05 04:00:00,1.0,19.79
2016-05-05 05:00:00,0.8,19.79
2016-05-05 06:00:00,0.6,19.95
2016-05-05 07:00:00,0.7,20.07
2016-05-05 08:00:00,1.0,20.0
2016-05-05 09:00:00,0.9,19.57
2016-05-05 10:00:00,0.8,19.01
2016-05-05 11:00:00,1.2,17.76
2016-05-05 12:00:00,1.8,16.97
2016-05-05 13:00:00,1.9,13.42
2016-05-05 14:00:00,2.9,10.85
2016-05-05 15:00:00,2.5,10.49
2016-05-05 16:00:00,1.9,13.06
2016-05-05 17:00:00,2.1,17.77
2016-05-05 18:00:00,1.8,20.67
2016-05-05 19:00:00,1.1,24.2
2016-05-05 20:00:00,0.8,24.08
2016-05-05 21:00:00,1.4,24.87
2016-05-05 22:00:00,1.0,25.79
2016-05-05 23:00:00,1.6,21.62
2016-05-06 00:00:00,1.1,20.73
2016-05-06 01:00:00,0.7,19.08
2016-05-06 02:00:00,0.6,18.46
2016-05-06 03:00:00,0.5,17.87
2016-05-06 04:00:00,0.9,19.11
2016-05-06 05:00:00,1.3,20.0
2016-05-06 06:00:00,1.2,24.44
2016-05-06 07:00:00,1.1,30.33
2016-05-06 08:00:00,2.4,30.99
2016-05-06 09:00:00,3.3,29.98
2016-05-06 10:00:00,2.3,24.28
2016-05-06 11:00:00,3.9,22.58
2016-05-06 12:00:00,3.9,19.66
2016-05-06 13:00:00,4.4,14.24
2016-05-06 14:00:00,3.8,11.92
2016-05-06 15:00:00,4.1,14.96
2016-05-06 16:00:00,4.0,17.93
2016-05-06 17:00:00,3.0,21.85
2016-05-06 18:00:00,3.5,27.99
2016-05-06 19:00:00,2.9,30.94
2016-05-06 20:00:00,2.3,28.8
2016-05-06 21:00:00,2.5,27.86
2016-05-06 22:00:00,2.3,25.43
2016-05-06 23:00:00,1.9,21.42
2016-05-07 00:00:00,1.9,19.73
2016-05-07 01:00:00,1.7,16.9
2016-05-07 02:00:00,2.0,14.95
2016-05-07 03:00:00,1.9,14.64
2016-05-07 04:00:00,1.0,14.96
2016-05-07 05:00:00,1.1,15.2
2016-05-07 06:00:00,2.2,16.27
2016-05-07 07:00:00,2.5,19.32
2016-05-07 08:00:00,3.6,19.94
2016-05-07 09:00:00,4.4,19.41
2016-05-07 10:00:00,5.5,13.1
2016-05-07 11:00:00,5.4,10.54
2016-05-07 12:00:00,6.1,6.12
2016-05-07 13:00:00,5.8,5.32
2016-05-07 14:00:00,5.7,3.05
2016-05-07 15:00:00,5.1,3.84
2016-05-07 16:00:00,5.4,8.67
2016-05-07 17:00:00,5.1,13.49
2016-05-07 18:00:00,4.0,19.92
2016-05-07 19:00:00,2.7,21.43
2016-05-07 20:00:00,2.3,19.93
2016-05-07 21:00:00,2.5,19.81
2016-05-07 22:00:00,2.6,19.72
2016-05-07 23:00:00,2.3,18.22
2016-05-08 00:00:00,2.1,14.2
2016-05-08 01:00:00,2.0,10.01
2016-05-08 02:00:00,2.1,7.98
2016-05-08 03:00:00,1.3,5.07
2016-05-08 04:00:00,1.3,4.0
2016-05-08 05:00:00,2.3,3.0
2016-05-08 06:00:00,3.1,2.91
2016-05-08 07:00:00,4.2,2.79
2016-05-08 08:00:00,4.6,4.0
2016-05-08 09:00:00,6.1,2.35
2016-05-08 10:00:00,7.5,-1.63
2016-05-08 11:00:00,8.0,-7.09
2016-05-08 12:00:00,8.1,-76.09
2016-05-08 13:00:00,7.5,-100.06
2016-05-08 14:00:00,7.3,-130.09
2016-05-08 15:00:00,5.8,-82.06
2016-05-08 16:00:00,5.3,-76.0
2016-05-08 17:00:00,4.8,-0.6
2016-05-08 18:00:00,3.9,10.4
2016-05-08 19:00:00,1.8,19.35
2016-05-08 20:00:00,1.8,19.4
2016-05-08 21:00:00,2.4,20.02
2016-05-08 22:00:00,2.0,20.12
2016-05-08 23:00:00,2.8,18.66
2016-05-09 00:00:00,3.2,14.28
2016-05-09 01:00:00,2.9,12.68
2016-05-09 02:00:00,2.7,12.09
2016-05-09 03:00:00,2.6,9.57
2016-05-09 04:00:00,3.7,11.0
2016-05-09 05:00:00,3.3,14.18
2016-05-09 06:00:00,3.5,28.57
2016-05-09 07:00:00,3.6,32.95
2016-05-09 08:00:00,4.7,34.69
2016-05-09 09:00:00,5.1,31.24
2016-05-09 10:00:00,5.7,24.23
2016-05-09 11:00:00,6.3,22.15
2016-05-09 12:00:00,7.2,17.08
2016-05-09 13:00:00,7.2,12.01
2016-05-09 14:00:00,6.1,10.85
2016-05-09 15:00:00,6.0,18.63
2016-05-09 16:00:00,5.5,21.0
2016-05-09 17:00:00,5.7,23.71
2016-05-09 18:00:00,4.4,27.12
2016-05-09 19:00:00,4.3,31.46
2016-05-09 20:00:00,2.3,31.28
2016-05-09 21:00:00,2.8,30.0
2016-05-09 22:00:00,2.8,24.92
2016-05-09 23:00:00,2.5,21.83
2016-05-10 00:00:00,2.8,22.55
2016-05-10 01:00:00,2.4,21.09
2016-05-10 02:00:00,2.5,19.61
2016-05-10 03:00:00,2.4,19.33
2016-05-10 04:00:00,2.7,19.87
2016-05-10 05:00:00,3.0,21.56
2016-05-10 06:00:00,2.9,28.5
2016-05-10 07:00:00,4.1,31.87
2016-05-10 08:00:00,4.4,36.66
2016-05-10 09:00:00,4.5,34.61
2016-05-10 10:00:00,4.7,29.96
2016-05-10 11:00:00,5.1,25.54
2016-05-10 12:00:00,4.6,23.46
2016-05-10 13:00:00,4.3,23.34
2016-05-10 14:00:00,3.9,23.41
2016-05-10 15:00:00,3.4,27.6
2016-05-10 16:00:00,3.8,28.21
2016-05-10 17:00:00,4.2,30.69
2016-05-10 18:00:00,3.8,31.93
2016-05-10 19:00:00,3.2,32.5
2016-05-10 20:00:00,2.7,32.25
2016-05-10 21:00:00,2.2,31.99
2016-05-10 22:00:00,1.7,29.96
2016-05-10 23:00:00,1.8,22.34
2016-05-11 00:00:00,2.2,22.4
2016-05-11 01:00:00,2.0,20.54
2016-05-11 02:00:00,2.0,19.92
2016-05-11 03:00:00,1.5,19.11
2016-05-11 04:00:00,2.1,19.87
2016-05-11 05:00:00,2.2,21.84
2016-05-11 06:00:00,1.8,28.96
2016-05-11 07:00:00,2.4,35.27
2016-05-11 08:00:00,3.5,39.6
2016-05-11 09:00:00,3.7,34.94
2016-05-11 10:00:00,3.9,29.41
2016-05-11 11:00:00,5.3,24.58
2016-05-11 12:00:00,4.9,22.19
2016-05-11 13:00:00,4.9,20.87
2016-05-11 14:00:00,4.4,20.74
2016-05-11 15:00:00,4.9,21.73
2016-05-11 16:00:00,4.5,22.54
2016-05-11 17:00:00,4.1,23.36
2016-05-11 18:00:00,4.1,25.87
2016-05-11 19:00:00,3.3,31.32
2016-05-11 20:00:00,2.5,29.94
2016-05-11 21:00:00,2.1,25.09
2016-05-11 22:00:00,2.1,22.23
2016-05-11 23:00:00,2.5,19.44
2016-05-12 00:00:00,2.7,19.5
2016-05-12 01:00:00,2.7,17.81
2016-05-12 02:00:00,3.0,14.67
2016-05-12 03:00:00,3.1,14.0
2016-05-12 04:00:00,3.1,13.02
2016-05-12 05:00:00,3.7,18.08
2016-05-12 06:00:00,4.3,24.08
2016-05-12 07:00:00,4.2,30.93
2016-05-12 08:00:00,3.9,34.05
2016-05-12 09:00:00,5.3,30.96
2016-05-12 10:00:00,6.2,28.93
2016-05-12 11:00:00,6.4,26.95
2016-05-12 12:00:00,6.6,25.24
2016-05-12 13:00:00,6.6,24.15
2016-05-12 14:00:00,5.6,24.75
2016-05-12 15:00:00,5.6,25.07
2016-05-12 16:00:00,5.0,25.14
2016-05-12 17:00:00,3.6,27.47
2016-05-12 18:00:00,2.0,29.79
2016-05-12 19:00:00,1.2,32.91
2016-05-12 20:00:00,1.4,32.85
2016-05-12 21:00:00,1.3,31.84
2016-05-12 22:00:00,0.7,29.98
2016-05-12 23:00:00,1.1,25.14
2016-05-13 00:00:00,0.9,23.07
2016-05-13 01:00:00,1.1,21.41
2016-05-13 02:00:00,1.2,21.04
2016-05-13 03:00:00,1.0,20.55
2016-05-13 04:00:00,1.4,21.13
2016-05-13 05:00:00,1.3,23.0
2016-05-13 06:00:00,2.0,28.07
2016-05-13 07:00:00,3.6,36.14
2016-05-13 08:00:00,3.4,40.21
2016-05-13 09:00:00,3.7,38.23
2016-05-13 10:00:00,5.1,35.37
2016-05-13 11:00:00,4.0,35.45
2016-05-13 12:00:00,4.8,30.94
2016-05-13 13:00:00,5.1,27.99
2016-05-13 14:00:00,5.3,25.28
2016-05-13 15:00:00,2.9,23.8
2016-05-13 16:00:00,2.1,23.53
2016-05-13 17:00:00,1.7,24.01
2016-05-13 18:00:00,2.5,26.37
2016-05-13 19:00:00,2.0,29.0
2016-05-13 20:00:00,1.3,27.1
2016-05-13 21:00:00,1.7,25.03
2016-05-13 22:00:00,2.6,26.96
2016-05-13 23:00:00,2.4,23.02
2016-05-14 00:00:00,2.5,13.76
2016-05-14 01:00:00,1.8,13.1
2016-05-14 02:00:00,1.3,11.51
2016-05-14 03:00:00,1.6,9.71
2016-05-14 04:00:00,1.6,10.37
2016-05-14 05:00:00,3.0,10.21
2016-05-14 06:00:00,3.6,9.91
2016-05-14 07:00:00,5.0,11.24
2016-05-14 08:00:00,5.3,15.57
2016-05-14 09:00:00,6.7,14.86
2016-05-14 10:00:00,6.9,11.99
2016-05-14 11:00:00,6.9,11.37
2016-05-14 12:00:00,7.4,10.27
2016-05-14 13:00:00,8.1,8.14
2016-05-14 14:00:00,7.6,7.01
2016-05-14 15:00:00,7.5,4.95
2016-05-14 16:00:00,7.5,4.92
2016-05-14 17:00:00,7.4,9.91
2016-05-14 18:00:00,6.2,15.01
2016-05-14 19:00:00,5.0,20.71
2016-05-14 20:00:00,3.6,20.46
2016-05-14 21:00:00,4.2,19.3
2016-05-14 22:00:00,4.5,23.6
2016-05-14 23:00:00,3.6,20.52
2016-05-15 00:00:00,3.8,20.0
2016-05-15 01:00:00,4.5,12.98
2016-05-15 02:00:00,3.9,11.94
2016-05-15 03:00:00,4.5,9.13
2016-05-15 04:00:00,4.5,9.19
2016-05-15 05:00:00,5.7,9.56
2016-05-15 06:00:00,6.2,7.1
2016-05-15 07:00:00,6.2,5.63
2016-05-15 08:00:00,5.8,5.5
2016-05-15 09:00:00,6.3,4.57
2016-05-15 10:00:00,6.7,3.5
2016-05-15 11:00:00,8.2,3.63
2016-05-15 12:00:00,8.5,0.73
2016-05-15 13:00:00,8.2,-9.25
2016-05-15 14:00:00,7.8,-35.02
2016-05-15 15:00:00,6.8,-8.24
2016-05-15 16:00:00,6.5,-2.97
2016-05-15 17:00:00,7.3,2.49
2016-05-15 18:00:00,7.8,14.45
2016-05-15 19:00:00,5.2,21.41
2016-05-15 20:00:00,4.3,21.69
2016-05-15 21:00:00,4.6,22.95
2016-05-15 22:00:00,4.8,24.28
2016-05-15 23:00:00,5.8,22.36
2016-05-16 00:00:00,5.4,17.85
2016-05-16 01:00:00,5.5,16.86
2016-05-16 02:00:00,5.2,16.06
2016-05-16 03:00:00,5.4,15.04
2016-05-16 04:00:00,5.4,14.06
2016-05-16 05:00:00,5.8,15.93
2016-05-16 06:00:00,6.9,16.42
2016-05-16 07:00:00,7.5,19.43
2016-05-16 08:00:00,7.2,22.54
2016-05-16 09:00:00,6.6,22.91
2016-05-16 10:00:00,6.4,23.11
2016-05-16 11:00:00,5.7,23.35
2016-05-16 12:00:00,5.9,22.9
2016-05-16 13:00:00,6.7,18.23
2016-05-16 14:00:00,7.1,16.09
2016-05-16 15:00:00,7.0,16.26
2016-05-16 16:00:00,6.3,17.15
2016-05-16 17:00:00,5.2,18.27
2016-05-16 18:00:00,4.2,24.0
2016-05-16 19:00:00,4.0,27.16
2016-05-16 20:00:00,3.7,28.37
2016-05-16 21:00:00,3.3,31.93
2016-05-16 22:00:00,3.6,29.99
2016-05-16 23:00:00,4.2,24.99
2016-05-17 00:00:00,4.1,30.0
2016-05-17 01:00:00,3.7,24.0
2016-05-17 02:00:00,3.3,22.82
2016-05-17 03:00:00,3.2,21.6
2016-05-17 04:00:00,3.4,21.73
2016-05-17 05:00:00,3.4,22.91
2016-05-17 06:00:00,4.8,29.95
2016-05-17 07:00:00,6.8,36.36
2016-05-17 08:00:00,6.3,38.0
2016-05-17 09:00:00,6.5,30.93
2016-05-17 10:00:00,6.5,28.99
2016-05-17 11:00:00,7.7,32.22
2016-05-17 12:00:00,7.2,31.61
2016-05-17 13:00:00,6.9,30.08
2016-05-17 14:00:00,8.3,29.93
2016-05-17 15:00:00,7.8,30.0
2016-05-17 16:00:00,6.7,30.02
2016-05-17 17:00:00,5.0,30.14
2016-05-17 18:00:00,3.7,34.64
2016-05-17 19:00:00,2.9,34.92
2016-05-17 20:00:00,2.7,36.76
2016-05-17 21:00:00,2.3,37.44
2016-05-17 22:00:00,1.8,33.22
2016-05-17 23:00:00,1.5,29.0
2016-05-18 00:00:00,1.7,24.91
2016-05-18 01:00:00,1.0,24.29
2016-05-18 02:00:00,1.1,23.89
2016-05-18 03:00:00,1.0,22.92
2016-05-18 04:00:00,1.2,23.31
2016-05-18 05:00:00,1.6,24.57
2016-05-18 06:00:00,1.7,31.12
2016-05-18 07:00:00,2.1,37.06
2016-05-18 08:00:00,2.9,39.48
2016-05-18 09:00:00,3.2,35.31
2016-05-18 10:00:00,2.9,32.58
2016-05-18 11:00:00,3.5,30.98
2016-05-18 12:00:00,4.2,31.12
2016-05-18 13:00:00,4.4,30.9
2016-05-18 14:00:00,3.4,30.87
2016-05-18 15:00:00,4.4,30.85
2016-05-18 16:00:00,4.5,31.32
2016-05-18 17:00:00,2.3,31.69
2016-05-18 18:00:00,1.0,33.08
2016-05-18 19:00:00,1.1,34.94
2016-05-18 20:00:00,1.5,34.64
2016-05-18 21:00:00,1.4,34.95
2016-05-18 22:00:00,1.3,33.09
2016-05-18 23:00:00,0.8,27.2
2016-05-19 00:00:00,1.6,24.88
2016-05-19 01:00:00,2.1,22.91
2016-05-19 02:00:00,1.8,22.23
2016-05-19 03:00:00,1.8,21.85
2016-05-19 04:00:00,1.4,22.29
2016-05-19 05:00:00,1.7,23.9
2016-05-19 06:00:00,2.0,31.58
2016-05-19 07:00:00,2.1,39.4
2016-05-19 08:00:00,2.8,46.0
2016-05-19 09:00:00,2.6,44.13
2016-05-19 10:00:00,3.2,45.0
2016-05-19 11:00:00,2.6,44.91
2016-05-19 12:00:00,2.2,40.07
2016-05-19 13:00:00,2.3,38.96
2016-05-19 14:00:00,1.7,35.0
2016-05-19 15:00:00,2.0,33.06
2016-05-19 16:00:00,2.0,31.91
2016-05-19 17:00:00,2.1,32.35
2016-05-19 18:00:00,1.8,34.0
2016-05-19 19:00:00,1.3,36.08
2016-05-19 20:00:00,0.6,34.96
2016-05-19 21:00:00,0.5,33.85
2016-05-19 22:00:00,0.6,32.08
2016-05-19 23:00:00,0.7,29.14
2016-05-20 00:00:00,0.5,24.73
2016-05-20 01:00:00,1.3,23.42
2016-05-20 02:00:00,1.9,21.5
2016-05-20 03:00:00,1.1,21.34
2016-05-20 04:00:00,1.5,21.52
2016-05-20 05:00:00,2.6,23.23
2016-05-20 06:00:00,3.8,27.71
2016-05-20 07:00:00,4.9,33.07
2016-05-20 08:00:00,5.1,34.97
2016-05-20 09:00:00,4.5,31.91
2016-05-20 10:00:00,4.8,27.5
2016-05-20 11:00:00,4.0,26.27
2016-05-20 12:00:00,5.0,24.99
2016-05-20 13:00:00,5.5,24.3
2016-05-20 14:00:00,7.1,24.22
2016-05-20 15:00:00,5.7,24.2
2016-05-20 16:00:00,4.9,24.57
2016-05-20 17:00:00,5.6,28.9
2016-05-20 18:00:00,3.6,32.69
2016-05-20 19:00:00,2.1,33.92
2016-05-20 20:00:00,1.8,34.06
2016-05-20 21:00:00,2.1,33.21
2016-05-20 22:00:00,2.1,33.66
2016-05-20 23:00:00,0.8,27.98
2016-05-21 00:00:00,0.8,24.36
2016-05-21 01:00:00,1.0,23.49
2016-05-21 02:00:00,1.1,22.6
2016-05-21 03:00:00,1.7,21.75
2016-05-21 04:00:00,1.3,21.26
2016-05-21 05:00:00,1.2,20.5
2016-05-21 06:00:00,1.8,20.66
2016-05-21 07:00:00,3.8,22.88
2016-05-21 08:00:00,3.6,23.06
2016-05-21 09:00:00,2.9,22.55
2016-05-21 10:00:00,3.7,20.32
2016-05-21 11:00:00,3.5,18.95
2016-05-21 12:00:00,3.3,16.19
2016-05-21 13:00:00,2.8,15.24
2016-05-21 14:00:00,2.7,15.09
2016-05-21 15:00:00,2.7,13.29
2016-05-21 16:00:00,2.0,17.42
2016-05-21 17:00:00,2.2,19.06
2016-05-21 18:00:00,1.6,23.9
2016-05-21 19:00:00,1.4,26.28
2016-05-21 20:00:00,1.1,30.94
2016-05-21 21:00:00,0.9,31.49
2016-05-21 22:00:00,0.9,28.94
2016-05-21 23:00:00,0.9,23.42
2016-05-22 00:00:00,1.6,17.79
2016-05-22 01:00:00,2.0,10.38
2016-05-22 02:00:00,1.9,7.62
2016-05-22 03:00:00,1.6,4.6
2016-05-22 04:00:00,1.8,2.81
2016-05-22 05:00:00,2.1,0.13
2016-05-22 06:00:00,2.3,-1.0
2016-05-22 07:00:00,2.7,0.5
2016-05-22 08:00:00,3.6,2.59
2016-05-22 09:00:00,4.3,-0.94
2016-05-22 10:00:00,4.9,-1.11
2016-05-22 11:00:00,4.8,-0.9
2016-05-22 12:00:00,4.5,-5.68
2016-05-22 13:00:00,4.3,-25.72
2016-05-22 14:00:00,4.2,-10.97
2016-05-22 15:00:00,3.9,-7.82
2016-05-22 16:00:00,3.5,-5.19
2016-05-22 17:00:00,2.8,2.02
2016-05-22 18:00:00,1.4,21.33
2016-05-22 19:00:00,2.1,23.65
2016-05-22 20:00:00,2.1,25.32
2016-05-22 21:00:00,2.1,26.11
2016-05-22 22:00:00,2.1,27.22
2016-05-22 23:00:00,2.5,22.9
2016-05-23 00:00:00,2.7,22.61
2016-05-23 01:00:00,2.8,20.89
2016-05-23 02:00:00,1.9,19.51
2016-05-23 03:00:00,2.6,18.91
2016-05-23 04:00:00,2.3,19.46
2016-05-23 05:00:00,1.8,20.69
2016-05-23 06:00:00,2.7,28.05
2016-05-23 07:00:00,3.5,34.51
2016-05-23 08:00:00,3.9,35.93
2016-05-23 09:00:00,3.6,33.99
2016-05-23 10:00:00,2.2,36.0
2016-05-23 11:00:00,2.8,35.94
2016-05-23 12:00:00,5.0,33.91
2016-05-23 13:00:00,3.5,33.54
2016-05-23 14:00:00,4.2,32.5
2016-05-23 15:00:00,3.5,32.78
2016-05-23 16:00:00,4.3,31.96
2016-05-23 17:00:00,4.4,31.68
2016-05-23 18:00:00,3.9,32.49
2016-05-23 19:00:00,3.4,33.09
2016-05-23 20:00:00,8.3,33.97
2016-05-23 21:00:00,2.7,31.97
2016-05-23 22:00:00,1.2,24.47
2016-05-23 23:00:00,1.8,22.71
2016-05-24 00:00:00,3.5,21.99
2016-05-24 01:00:00,3.2,21.75
2016-05-24 02:00:00,2.0,20.48
2016-05-24 03:00:00,1.6,20.0
2016-05-24 04:00:00,2.1,20.72
2016-05-24 05:00:00,3.0,22.61
2016-05-24 06:00:00,3.4,26.13
2016-05-24 07:00:00,3.3,34.38
2016-05-24 08:00:00,3.4,37.09
2016-05-24 09:00:00,4.0,36.19
2016-05-24 10:00:00,4.1,36.94
2016-05-24 11:00:00,4.0,36.06
2016-05-24 12:00:00,3.0,33.09
2016-05-24 13:00:00,3.7,33.0
2016-05-24 14:00:00,4.1,32.69
2016-05-24 15:00:00,5.2,30.92
2016-05-24 16:00:00,5.4,29.12
2016-05-24 17:00:00,4.5,29.8
2016-05-24 18:00:00,6.5,31.25
2016-05-24 19:00:00,5.6,32.2
2016-05-24 20:00:00,5.3,31.64
2016-05-24 21:00:00,5.0,32.38
2016-05-24 22:00:00,4.8,30.43
2016-05-24 23:00:00,5.0,24.98
2016-05-25 00:00:00,4.0,22.97
2016-05-25 01:00:00,3.9,22.57
2016-05-25 02:00:00,3.9,21.57
2016-05-25 03:00:00,3.8,21.0
2016-05-25 04:00:00,3.4,21.63
2016-05-25 05:00:00,3.3,22.99
2016-05-25 06:00:00,3.5,30.92
2016-05-25 07:00:00,3.3,35.8
2016-05-25 08:00:00,3.6,39.2
2016-05-25 09:00:00,4.0,34.99
2016-05-25 10:00:00,4.8,34.16
2016-05-25 11:00:00,3.9,33.07
2016-05-25 12:00:00,3.4,31.02
2016-05-25 13:00:00,3.6,28.95
2016-05-25 14:00:00,2.8,30.13
2016-05-25 15:00:00,3.6,30.12
2016-05-25 16:00:00,3.6,30.9
2016-05-25 17:00:00,3.5,32.92
2016-05-25 18:00:00,3.3,35.8
2016-05-25 19:00:00,2.2,36.61
2016-05-25 20:00:00,1.8,36.76
2016-05-25 21:00:00,1.4,35.49
2016-05-25 22:00:00,1.8,34.92
2016-05-25 23:00:00,2.0,28.06
2016-05-26 00:00:00,2.4,25.74
2016-05-26 01:00:00,2.4,24.16
2016-05-26 02:00:00,2.1,23.42
2016-05-26 03:00:00,2.3,23.27
2016-05-26 04:00:00,2.2,23.33
2016-05-26 05:00:00,2.4,23.79
2016-05-26 06:00:00,2.7,26.15
2016-05-26 07:00:00,4.1,30.96
2016-05-26 08:00:00,4.2,30.97
2016-05-26 09:00:00,4.6,27.94
2016-05-26 10:00:00,4.5,25.57
2016-05-26 11:00:00,4.1,24.79
2016-05-26 12:00:00,3.0,25.46
2016-05-26 13:00:00,3.1,24.71
2016-05-26 14:00:00,3.2,24.69
2016-05-26 15:00:00,2.6,25.16
2016-05-27 11:00:00,1.6,32.91
2016-05-27 12:00:00,2.1,30.37
2016-05-27 13:00:00,2.2,27.2
2016-05-27 14:00:00,2.5,26.64
2016-05-27 15:00:00,3.1,26.86
2016-05-27 16:00:00,3.4,27.68
2016-05-27 17:00:00,3.2,30.96
2016-05-27 18:00:00,2.7,32.91
2016-05-27 19:00:00,1.1,33.2
2016-05-27 20:00:00,1.6,32.19
2016-05-27 21:00:00,1.4,31.85
2016-05-27 22:00:00,0.9,30.23
2016-05-27 23:00:00,0.6,25.99
2016-05-28 00:00:00,0.5,28.92
2016-05-28 01:00:00,0.3,24.38
2016-05-28 02:00:00,0.8,22.79
2016-05-28 03:00:00,0.7,22.14
2016-05-28 04:00:00,1.1,21.69
2016-05-28 05:00:00,0.8,21.91
2016-05-28 06:00:00,0.8,22.56
2016-05-28 07:00:00,1.2,24.02
2016-05-28 08:00:00,1.1,26.57
2016-05-28 09:00:00,2.7,26.95
2016-05-28 10:00:00,1.8,24.46
2016-05-28 11:00:00,1.6,23.49
2016-05-28 12:00:00,2.1,22.87
2016-05-28 13:00:00,1.9,22.06
2016-05-28 14:00:00,2.4,21.47
2016-05-28 15:00:00,1.3,20.42
2016-05-28 16:00:00,2.0,20.0
2016-05-28 17:00:00,2.5,22.01
2016-05-28 18:00:00,1.9,25.57
2016-05-28 19:00:00,1.7,26.42
2016-05-28 20:00:00,1.8,27.1
2016-05-28 21:00:00,2.0,25.69
2016-05-28 22:00:00,2.1,23.37
2016-05-28 23:00:00,1.1,22.31
2016-05-29 00:00:00,1.5,18.03
2016-05-29 01:00:00,1.0,13.15
2016-05-29 02:00:00,0.7,12.97
2016-05-29 03:00:00,1.1,13.17
2016-05-29 04:00:00,0.9,8.9
2016-05-29 05:00:00,1.5,6.16
2016-05-29 06:00:00,2.5,10.58
2016-05-29 07:00:00,4.0,13.87
2016-05-29 08:00:00,3.5,14.67
2016-05-29 09:00:00,3.3,15.23
2016-05-29 10:00:00,3.2,12.87
2016-05-29 11:00:00,2.4,14.03
2016-05-29 12:00:00,3.6,10.46
2016-05-29 13:00:00,2.9,8.57
2016-05-29 14:00:00,1.4,4.6
2016-05-29 15:00:00,2.0,3.78
2016-05-29 16:00:00,5.6,5.32
2016-05-29 17:00:00,4.6,8.42
2016-05-29 18:00:00,4.8,18.08
2016-05-29 19:00:00,4.6,21.88
2016-05-29 20:00:00,4.1,22.77
2016-05-29 21:00:00,3.6,23.04
2016-05-29 22:00:00,2.6,23.1
2016-05-29 23:00:00,2.3,19.73
2016-05-30 00:00:00,2.5,18.07
2016-05-30 01:00:00,3.0,13.87
2016-05-30 02:00:00,4.3,12.27
2016-05-30 03:00:00,3.8,11.28
2016-05-30 04:00:00,2.5,11.86
2016-05-30 05:00:00,4.4,18.01
2016-05-30 06:00:00,3.9,26.16
2016-05-30 07:00:00,4.1,34.94
2016-05-30 08:00:00,4.1,35.25
2016-05-30 09:00:00,4.2,35.43
2016-05-30 10:00:00,2.8,34.79
2016-05-30 11:00:00,3.8,34.25
2016-05-30 12:00:00,2.8,29.0
2016-05-30 13:00:00,3.2,26.33
2016-05-30 14:00:00,3.3,25.08
2016-05-30 15:00:00,2.2,24.67
2016-05-30 16:00:00,2.8,25.06
2016-05-30 17:00:00,2.9,25.47
2016-05-30 18:00:00,4.1,28.74
2016-05-30 19:00:00,2.1,28.99
2016-05-30 20:00:00,1.9,25.48
2016-05-30 21:00:00,1.6,24.68
2016-05-30 22:00:00,0.8,23.9
2016-05-30 23:00:00,0.9,21.94
2016-05-31 00:00:00,0.8,21.17
2016-05-31 01:00:00,1.1,19.25
2016-05-31 02:00:00,1.2,16.44
2016-05-31 08:00:00,-999.0,35.81
2016-05-31 09:00:00,2.9,35.47
2016-05-31 10:00:00,2.9,34.94
2016-05-31 11:00:00,2.7,35.8
2016-05-31 12:00:00,2.9,32.78
2016-05-31 13:00:00,3.1,30.94
2016-05-31 14:00:00,2.9,30.57
2016-05-31 15:00:00,3.0,28.82
2016-05-31 16:00:00,3.6,29.26
2016-05-31 17:00:00,1.8,32.37
2016-05-31 18:00:00,1.0,34.94
2016-05-31 19:00:00,1.6,35.92
2016-05-31 20:00:00,1.5,32.95
2016-05-31 21:00:00,1.6,31.98
2016-05-31 22:00:00,1.3,30.78
2016-05-31 23:00:00,1.3,26.15
2016-06-01 00:00:00,1.7,24.0
2016-06-01 01:00:00,1.8,22.23
2016-06-01 02:00:00,2.1,21.07
2016-06-01 03:00:00,1.9,20.08
2016-06-01 04:00:00,1.8,20.18
2016-06-01 05:00:00,1.9,23.1
2016-06-01 06:00:00,2.0,29.9
2016-06-01 07:00:00,2.3,37.49
2016-06-01 08:00:00,2.5,40.87
2016-06-01 09:00:00,2.6,41.0
2016-06-01 10:00:00,1.0,40.44
2016-06-01 11:00:00,1.5,40.51
2016-06-01 12:00:00,1.6,36.64
2016-06-01 13:00:00,1.8,32.11
2016-06-01 14:00:00,1.6,30.9
2016-06-01 15:00:00,2.8,28.96
2016-06-01 16:00:00,2.4,28.12
2016-06-01 17:00:00,2.4,30.11
2016-06-01 18:00:00,1.9,32.66
2016-06-01 19:00:00,1.9,32.92
2016-06-01 20:00:00,1.2,30.95
2016-06-01 21:00:00,0.8,29.57
2016-06-01 22:00:00,0.8,30.9
2016-06-01 23:00:00,1.1,26.64
2016-06-02 00:00:00,2.2,21.96
2016-06-02 01:00:00,0.8,20.75
2016-06-02 02:00:00,1.1,20.06
2016-06-02 03:00:00,1.2,20.0
2016-06-02 04:00:00,1.3,20.0
2016-06-02 05:00:00,1.4,22.37
2016-06-02 06:00:00,0.9,29.03
2016-06-02 07:00:00,1.6,37.97
2016-06-02 08:00:00,1.8,39.54
2016-06-02 09:00:00,1.9,37.98
2016-06-02 10:00:00,1.7,37.09
2016-06-02 11:00:00,2.0,36.37
2016-06-02 12:00:00,2.4,32.08
2016-06-02 13:00:00,3.5,28.67
2016-06-02 14:00:00,3.2,26.68
2016-06-02 15:00:00,3.1,25.95
2016-06-02 16:00:00,3.0,25.92
2016-06-02 17:00:00,3.2,28.22
2016-06-02 18:00:00,2.4,31.84
2016-06-02 19:00:00,1.6,32.96
2016-06-02 20:00:00,2.2,31.96
2016-06-02 21:00:00,2.7,29.46
2016-06-02 22:00:00,1.6,29.16
2016-06-02 23:00:00,1.1,24.59
2016-06-03 00:00:00,1.9,24.1
2016-06-03 01:00:00,1.3,21.68
2016-06-03 02:00:00,0.8,21.22
2016-06-03 03:00:00,2.0,20.64
2016-06-03 04:00:00,2.3,20.9
2016-06-03 05:00:00,1.9,22.5
2016-06-03 06:00:00,3.5,27.46
2016-06-03 07:00:00,3.7,35.45
2016-06-03 08:00:00,4.4,40.08
2016-06-03 09:00:00,5.3,39.93
2016-06-03 10:00:00,4.9,36.44
2016-06-03 11:00:00,4.2,35.64
2016-06-03 12:00:00,3.5,30.92
2016-06-03 13:00:00,5.1,27.77
2016-06-03 14:00:00,4.6,25.28
2016-06-03 15:00:00,3.7,25.26
2016-06-03 16:00:00,4.7,25.49
2016-06-03 17:00:00,3.7,28.0
2016-06-03 18:00:00,3.0,31.82
2016-06-03 19:00:00,2.3,33.61
2016-06-03 20:00:00,1.7,31.98
2016-06-03 21:00:00,1.1,30.66
2016-06-03 22:00:00,0.9,32.16
2016-06-03 23:00:00,0.8,28.94
2016-06-04 00:00:00,1.0,23.72
2016-06-04 01:00:00,0.8,23.21
2016-06-04 02:00:00,0.8,21.63
2016-06-04 03:00:00,0.4,21.29
2016-06-04 04:00:00,0.6,21.26
2016-06-04 05:00:00,0.5,21.3
2016-06-04 06:00:00,0.7,21.53
2016-06-04 07:00:00,1.1,23.5
2016-06-04 08:00:00,3.1,27.49
2016-06-04 09:00:00,3.6,28.98
2016-06-04 10:00:00,3.8,26.56
2016-06-04 11:00:00,3.2,26.91
2016-06-04 12:00:00,2.7,25.73
2016-06-04 13:00:00,2.8,22.78
2016-06-04 14:00:00,3.1,21.58
2016-06-04 15:00:00,2.8,21.41
2016-06-04 16:00:00,2.2,21.53
2016-06-04 17:00:00,2.6,25.29
2016-06-04 18:00:00,2.2,28.19
2016-06-04 19:00:00,1.4,30.07
2016-06-04 20:00:00,0.6,29.87
2016-06-04 21:00:00,0.8,29.88
2016-06-04 22:00:00,0.4,30.99
2016-06-04 23:00:00,0.8,28.88
2016-06-05 00:00:00,0.6,24.43
2016-06-05 01:00:00,0.8,22.0
2016-06-05 02:00:00,0.8,20.08
2016-06-05 03:00:00,0.5,19.08
2016-06-05 04:00:00,0.6,18.03
2016-06-05 05:00:00,0.9,16.61
2016-06-05 06:00:00,0.7,16.09
2016-06-05 07:00:00,0.9,17.78
2016-06-05 08:00:00,0.9,17.89
2016-06-05 09:00:00,1.1,17.08
2016-06-05 10:00:00,2.1,17.84
2016-06-05 11:00:00,2.3,18.48
2016-06-05 12:00:00,2.1,17.94
2016-06-05 13:00:00,2.2,15.15
2016-06-05 14:00:00,1.8,14.47
2016-06-05 15:00:00,3.2,14.03
2016-06-05 16:00:00,1.8,14.54
2016-06-05 17:00:00,3.4,18.62
2016-06-05 18:00:00,3.4,23.91
2016-06-05 19:00:00,2.3,26.92
2016-06-05 20:00:00,1.9,28.85
2016-06-05 21:00:00,1.8,29.14
2016-06-05 22:00:00,2.4,30.74
2016-06-05 23:00:00,1.5,27.93
2016-06-06 00:00:00,1.2,24.59
2016-06-06 01:00:00,1.4,22.76
2016-06-06 02:00:00,0.8,21.87
2016-06-06 03:00:00,2.2,21.19
2016-06-06 04:00:00,2.4,21.15
2016-06-06 05:00:00,2.0,22.71
2016-06-06 06:00:00,3.3,29.98
2016-06-06 07:00:00,3.5,36.16
2016-06-06 08:00:00,4.0,37.82
2016-06-06 09:00:00,4.3,34.94
2016-06-06 10:00:00,4.8,32.57
2016-06-06 11:00:00,4.4,31.93
2016-06-06 12:00:00,4.4,28.63
2016-06-06 13:00:00,3.7,28.08
2016-06-06 14:00:00,3.7,28.78
2016-06-06 15:00:00,3.7,29.63
2016-06-06 16:00:00,3.2,30.99
2016-06-06 17:00:00,3.4,34.68
2016-06-06 18:00:00,3.4,38.76
2016-06-06 19:00:00,2.7,41.06
2016-06-06 20:00:00,2.0,37.31
2016-06-06 21:00:00,1.8,34.2
2016-06-06 22:00:00,1.0,33.81
2016-06-06 23:00:00,0.8,28.79
2016-06-07 00:00:00,0.4,24.85
2016-06-07 01:00:00,0.5,23.34
2016-06-07 02:00:00,0.4,22.59
2016-06-07 03:00:00,0.4,21.58
2016-06-07 04:00:00,0.4,21.67
2016-06-07 05:00:00,0.5,22.09
2016-06-07 06:00:00,1.0,29.68
2016-06-07 07:00:00,1.1,35.82
2016-06-07 08:00:00,0.8,39.48
2016-06-07 09:00:00,1.1,34.49
2016-06-07 10:00:00,1.9,29.15
2016-06-07 11:00:00,2.0,28.8
2016-06-07 12:00:00,1.9,25.94
2016-06-07 13:00:00,2.0,25.59
2016-06-07 14:00:00,1.9,25.18
2016-06-07 15:00:00,2.1,26.41
2016-06-07 16:00:00,2.3,27.53
2016-06-07 17:00:00,2.1,32.13
2016-06-07 18:00:00,2.0,36.02
2016-06-07 19:00:00,1.4,38.48
2016-06-07 20:00:00,1.2,34.9
2016-06-07 21:00:00,0.6,32.97
2016-06-07 22:00:00,1.5,32.59
2016-06-07 23:00:00,0.8,27.54
2016-06-08 00:00:00,0.9,25.98
2016-06-08 01:00:00,1.6,23.89
2016-06-08 02:00:00,1.3,22.83
2016-06-08 03:00:00,1.1,21.68
2016-06-08 04:00:00,1.1,21.54
2016-06-08 05:00:00,0.3,23.38
2016-06-08 06:00:00,0.6,28.21
2016-06-08 07:00:00,0.8,35.07
2016-06-08 08:00:00,2.2,41.31
2016-06-08 09:00:00,3.2,37.33
2016-06-08 10:00:00,3.5,34.25
2016-06-08 11:00:00,3.5,32.99
2016-06-08 12:00:00,3.7,28.52
2016-06-08 13:00:00,4.5,27.6
2016-06-08 14:00:00,3.7,27.18
2016-06-08 15:00:00,3.8,26.37
2016-06-08 16:00:00,3.8,26.0
2016-06-08 17:00:00,2.3,28.24
2016-06-08 18:00:00,3.4,30.68
2016-06-08 19:00:00,2.0,32.9
2016-06-08 20:00:00,1.7,32.12
2016-06-08 21:00:00,2.1,32.55
2016-06-08 22:00:00,1.5,30.9
2016-06-08 23:00:00,1.9,26.5
2016-06-09 00:00:00,1.7,23.67
2016-06-09 01:00:00,0.9,21.87
2016-06-09 02:00:00,1.1,20.81
2016-06-09 03:00:00,1.6,20.58
2016-06-09 04:00:00,1.9,21.11
2016-06-09 05:00:00,2.0,23.06
2016-06-09 06:00:00,2.7,28.03
2016-06-09 07:00:00,2.8,33.97
2016-06-09 08:00:00,2.7,43.08
2016-06-09 09:00:00,3.1,44.0
2016-06-09 10:00:00,3.3,42.89
2016-06-09 11:00:00,3.2,41.4
2016-06-09 12:00:00,3.4,34.99
2016-06-09 13:00:00,2.5,33.93
2016-06-09 14:00:00,2.6,30.2
2016-06-09 15:00:00,3.3,27.34
2016-06-09 16:00:00,4.1,27.01
2016-06-09 17:00:00,4.1,28.84
2016-06-09 18:00:00,4.3,32.95
2016-06-09 19:00:00,2.3,34.94
2016-06-09 20:00:00,0.9,33.7
2016-06-09 21:00:00,1.4,31.51
2016-06-09 22:00:00,1.8,30.49
2016-06-09 23:00:00,2.7,25.89
2016-06-10 00:00:00,3.1,23.55
2016-06-10 01:00:00,3.1,21.57
2016-06-10 02:00:00,3.1,21.03
2016-06-10 03:00:00,3.2,19.91
2016-06-10 04:00:00,2.4,19.16
2016-06-10 05:00:00,4.0,20.97
2016-06-10 06:00:00,5.1,27.25
2016-06-10 07:00:00,6.1,33.94
2016-06-10 08:00:00,6.7,35.95
2016-06-10 09:00:00,8.3,30.97
2016-06-10 10:00:00,8.4,24.68
2016-06-10 11:00:00,7.3,24.47
2016-06-10 12:00:00,7.0,22.52
2016-06-10 13:00:00,6.7,21.37
2016-06-10 14:00:00,6.4,21.06
2016-06-10 15:00:00,6.6,21.8
2016-06-10 16:00:00,6.5,23.09
2016-06-10 17:00:00,6.0,26.29
2016-06-10 18:00:00,4.7,30.01
2016-06-10 19:00:00,4.0,32.85
2016-06-10 20:00:00,2.3,32.06
2016-06-10 21:00:00,1.5,31.67
2016-06-10 22:00:00,1.0,32.86
2016-06-10 23:00:00,1.1,29.45
2016-06-11 00:00:00,1.0,26.14
2016-06-11 01:00:00,0.7,24.2
2016-06-11 02:00:00,0.8,23.01
2016-06-11 03:00:00,0.7,21.57
2016-06-11 04:00:00,1.2,21.71
2016-06-11 05:00:00,1.1,21.25
2016-06-11 06:00:00,1.0,21.82
2016-06-11 07:00:00,1.4,22.85
2016-06-11 08:00:00,2.0,26.06
2016-06-11 09:00:00,2.3,29.47
2016-06-11 10:00:00,2.2,29.46
2016-06-11 11:00:00,2.6,30.03
2016-06-11 12:00:00,2.3,28.49
2016-06-11 13:00:00,1.8,25.69
2016-06-11 14:00:00,1.6,23.85
2016-06-11 15:00:00,1.5,23.8
2016-06-11 16:00:00,1.7,24.06
2016-06-11 17:00:00,1.7,27.92
2016-06-11 18:00:00,2.1,30.23
2016-06-11 19:00:00,2.4,31.47
2016-06-11 20:00:00,2.0,31.85
2016-06-11 21:00:00,1.0,29.47
2016-06-11 22:00:00,0.7,30.94
2016-06-11 23:00:00,0.4,27.73
2016-06-12 00:00:00,1.3,22.74
2016-06-12 01:00:00,1.1,18.6
2016-06-12 02:00:00,1.2,18.58
2016-06-12 03:00:00,0.5,18.58
2016-06-12 04:00:00,0.7,18.54
2016-06-12 05:00:00,1.1,17.5
2016-06-12 06:00:00,1.5,17.58
2016-06-12 07:00:00,2.2,19.16
2016-06-12 08:00:00,2.2,21.57
2016-06-12 09:00:00,2.5,22.91
2016-06-12 10:00:00,2.5,21.19
2016-06-12 11:00:00,2.1,25.3
2016-06-12 12:00:00,2.3,22.94
2016-06-12 13:00:00,2.8,19.16
2016-06-12 14:00:00,3.3,18.53
2016-06-12 15:00:00,2.9,19.07
2016-06-12 16:00:00,2.9,21.06
2016-06-12 17:00:00,2.3,23.93
2016-06-12 18:00:00,1.9,27.52
2016-06-12 19:00:00,1.5,29.78
2016-06-12 20:00:00,2.2,31.33
2016-06-12 21:00:00,2.4,29.4
2016-06-12 22:00:00,2.5,29.81
2016-06-12 23:00:00,1.0,23.24
2016-06-13 00:00:00,1.7,21.34
2016-06-13 01:00:00,1.8,19.46
2016-06-13 02:00:00,1.6,17.63
2016-06-13 03:00:00,0.8,18.37
2016-06-13 04:00:00,1.1,18.57
2016-06-13 05:00:00,1.3,21.03
2016-06-13 06:00:00,1.1,27.31
2016-06-13 07:00:00,1.7,33.49
2016-06-13 08:00:00,3.3,37.13
2016-06-13 09:00:00,4.5,39.91
2016-06-13 10:00:00,4.1,38.17
2016-06-13 11:00:00,4.2,39.09
2016-06-13 12:00:00,3.8,34.23
2016-06-13 13:00:00,2.3,32.32
2016-06-13 14:00:00,2.0,31.68
2016-06-13 15:00:00,1.9,30.89
2016-06-13 16:00:00,1.1,29.38
2016-06-13 17:00:00,1.1,30.45
2016-06-13 18:00:00,1.2,31.75
2016-06-13 19:00:00,2.2,32.97
2016-06-13 20:00:00,1.8,32.58
2016-06-13 21:00:00,0.4,29.98
2016-06-13 22:00:00,1.1,29.31
2016-06-13 23:00:00,0.9,26.14
2016-06-14 00:00:00,1.1,24.82
2016-06-14 01:00:00,1.5,22.76
2016-06-14 02:00:00,1.2,21.88
2016-06-14 03:00:00,0.9,21.64
2016-06-14 04:00:00,0.8,22.04
2016-06-14 05:00:00,1.9,23.0
2016-06-14 06:00:00,2.0,27.4
2016-06-14 07:00:00,3.2,35.29
2016-06-14 08:00:00,3.2,38.39
2016-06-14 09:00:00,3.9,38.44
2016-06-14 10:00:00,4.4,37.25
2016-06-14 11:00:00,4.4,35.83
2016-06-14 12:00:00,4.1,32.0
2016-06-14 13:00:00,4.2,29.37
2016-06-14 14:00:00,3.7,27.55
2016-06-14 15:00:00,3.1,27.38
2016-06-14 16:00:00,2.6,28.64
2016-06-14 17:00:00,3.3,32.51
2016-06-14 18:00:00,2.7,35.08
2016-06-14 19:00:00,1.9,37.5
2016-06-14 20:00:00,1.5,36.0
2016-06-14 21:00:00,2.5,32.01
2016-06-14 22:00:00,1.1,30.1
2016-06-14 23:00:00,1.0,26.59
2016-06-15 00:00:00,1.7,26.19
2016-06-15 01:00:00,1.3,25.34
2016-06-15 02:00:00,1.3,24.32
2016-06-15 03:00:00,1.3,23.73
2016-06-15 04:00:00,1.7,23.52
2016-06-15 05:00:00,1.8,25.31
2016-06-15 06:00:00,1.6,28.37
2016-06-15 07:00:00,2.0,35.91
2016-06-15 08:00:00,2.3,38.79
2016-06-15 09:00:00,2.4,36.2
2016-06-15 10:00:00,2.2,35.91
2016-06-15 11:00:00,2.7,35.51
2016-06-15 12:00:00,1.8,30.21
2016-06-15 13:00:00,1.6,28.29
2016-06-15 14:00:00,2.0,27.99
2016-06-15 15:00:00,1.8,27.73
2016-06-15 16:00:00,1.7,29.12
2016-06-15 17:00:00,2.3,31.0
2016-06-15 18:00:00,2.2,34.53
2016-06-15 19:00:00,2.7,36.91
2016-06-15 20:00:00,0.9,35.49
2016-06-15 21:00:00,1.5,33.25
2016-06-15 22:00:00,1.4,33.02
2016-06-15 23:00:00,1.2,27.33
2016-06-16 00:00:00,1.8,26.46
2016-06-16 01:00:00,1.9,25.64
2016-06-16 02:00:00,1.3,24.6
2016-06-16 03:00:00,0.9,23.61
2016-06-16 04:00:00,1.1,23.99
2016-06-16 05:00:00,1.1,24.95
2016-06-16 06:00:00,1.5,29.84
2016-06-16 07:00:00,2.0,37.82
2016-06-16 08:00:00,1.6,39.74
2016-06-16 09:00:00,1.8,35.43
2016-06-16 10:00:00,2.3,34.88
2016-06-16 11:00:00,1.5,33.76
2016-06-16 12:00:00,1.7,29.71
2016-06-16 13:00:00,1.4,26.98
2016-06-16 14:00:00,1.6,27.44
2016-06-16 15:00:00,1.1,28.47
2016-06-16 16:00:00,1.7,31.75
2016-06-16 17:00:00,2.1,33.03
2016-06-16 18:00:00,2.4,34.71
2016-06-16 19:00:00,2.0,35.2
2016-06-16 20:00:00,1.6,35.28
2016-06-16 21:00:00,1.6,33.02
2016-06-16 22:00:00,1.1,31.05
2016-06-16 23:00:00,1.5,26.62
2016-06-17 00:00:00,1.4,25.9
2016-06-17 01:00:00,1.8,23.73
2016-06-17 02:00:00,0.9,22.16
2016-06-17 03:00:00,1.0,21.37
2016-06-17 04:00:00,1.1,21.72
2016-06-17 05:00:00,3.3,22.45
2016-06-17 06:00:00,4.3,27.85
2016-06-17 07:00:00,4.6,35.3
2016-06-17 08:00:00,6.0,39.7
2016-06-17 09:00:00,7.2,37.5
2016-06-17 10:00:00,6.6,34.94
2016-06-17 11:00:00,5.8,33.25
2016-06-17 12:00:00,4.2,28.81
2016-06-17 13:00:00,5.6,24.97
2016-06-17 14:00:00,6.2,23.92
2016-06-17 15:00:00,5.3,23.01
2016-06-17 16:00:00,4.1,23.06
2016-06-17 17:00:00,5.7,26.55
2016-06-17 18:00:00,3.4,30.72
2016-06-17 19:00:00,3.5,32.15
2016-06-17 20:00:00,3.5,30.59
2016-06-17 21:00:00,1.8,28.16
2016-06-17 22:00:00,3.3,29.08
2016-06-17 23:00:00,4.3,26.07
2016-06-18 00:00:00,4.2,23.06
2016-06-18 01:00:00,4.0,22.45
2016-06-18 02:00:00,3.9,21.02
2016-06-18 03:00:00,3.8,20.09
2016-06-18 04:00:00,3.5,20.06
2016-06-18 05:00:00,4.1,18.75
2016-06-18 06:00:00,4.6,20.73
2016-06-18 07:00:00,4.3,22.75
2016-06-18 08:00:00,3.9,24.47
2016-06-18 09:00:00,4.3,23.0
2016-06-18 10:00:00,4.7,21.64
2016-06-18 11:00:00,5.1,21.08
2016-06-18 12:00:00,4.6,16.04
2016-06-18 13:00:00,4.8,12.85
2016-06-18 14:00:00,3.8,15.93
2016-06-18 15:00:00,4.1,18.67
2016-06-18 16:00:00,3.9,21.49
2016-06-18 17:00:00,2.7,23.38
2016-06-18 18:00:00,2.4,26.53
2016-06-18 19:00:00,2.0,27.28
2016-06-18 20:00:00,1.4,26.83
2016-06-18 21:00:00,2.0,26.97
2016-06-18 22:00:00,1.3,28.0
2016-06-18 23:00:00,1.0,24.48
2016-06-19 00:00:00,1.1,20.64
2016-06-19 01:00:00,1.1,15.16
2016-06-19 02:00:00,1.0,13.04
2016-06-19 03:00:00,1.0,10.88
2016-06-19 04:00:00,1.0,15.04
2016-06-19 05:00:00,1.6,13.1
2016-06-19 06:00:00,3.0,10.16
2016-06-19 07:00:00,3.0,10.13
2016-06-19 08:00:00,3.2,14.29
2016-06-19 09:00:00,3.2,16.98
2016-06-19 10:00:00,3.1,17.55
2016-06-19 11:00:00,2.8,19.08
2016-06-19 12:00:00,3.3,17.12
2016-06-19 13:00:00,3.5,11.63
2016-06-19 14:00:00,3.7,9.04
2016-06-19 15:00:00,3.1,8.9
2016-06-19 16:00:00,3.1,11.79
2016-06-19 17:00:00,3.7,19.04
2016-06-19 18:00:00,3.8,22.97
2016-06-19 19:00:00,1.8,26.95
2016-06-19 20:00:00,3.7,27.8
2016-06-19 21:00:00,3.3,29.88
2016-06-19 22:00:00,3.3,29.26
2016-06-19 23:00:00,2.9,27.14
2016-06-20 00:00:00,3.6,24.92
2016-06-20 01:00:00,3.0,21.6
2016-06-20 02:00:00,2.8,20.4
2016-06-20 03:00:00,2.2,17.45
2016-06-20 04:00:00,1.9,17.05
2016-06-20 05:00:00,2.7,19.99
2016-06-20 06:00:00,2.0,28.97
2016-06-20 07:00:00,2.5,34.42
2016-06-20 08:00:00,2.7,34.94
2016-06-20 09:00:00,2.5,29.44
2016-06-20 10:00:00,2.2,26.84
2016-06-20 11:00:00,1.8,26.95
2016-06-20 12:00:00,1.0,25.51
2016-06-20 13:00:00,2.3,25.24
2016-06-20 14:00:00,2.4,25.44
2016-06-20 15:00:00,2.7,25.49
2016-06-20 16:00:00,3.0,25.19
2016-06-20 17:00:00,2.4,27.74
2016-06-20 18:00:00,3.0,32.97
2016-06-20 19:00:00,2.8,34.96
2016-06-20 20:00:00,2.3,33.57
2016-06-20 21:00:00,2.1,31.76
2016-06-20 22:00:00,2.1,30.74
2016-06-20 23:00:00,2.7,25.38
2016-06-21 00:00:00,2.7,24.23
2016-06-21 01:00:00,2.8,23.37
2016-06-21 02:00:00,2.5,22.34
2016-06-21 03:00:00,1.8,21.23
2016-06-21 04:00:00,1.4,21.89
2016-06-21 05:00:00,1.6,23.93
2016-06-21 06:00:00,1.6,29.54
2016-06-21 07:00:00,4.2,38.73
2016-06-21 08:00:00,5.7,40.78
2016-06-21 09:00:00,4.8,42.59
2016-06-21 10:00:00,4.8,41.79
2016-06-21 11:00:00,4.9,43.73
2016-06-21 12:00:00,5.8,39.59
2016-06-21 13:00:00,4.2,37.64
2016-06-21 14:00:00,4.0,35.84
2016-06-21 15:00:00,3.4,34.16
2016-06-21 16:00:00,2.7,32.45
2016-06-21 17:00:00,2.5,33.05
2016-06-21 18:00:00,2.1,34.94
2016-06-21 19:00:00,1.0,35.91
2016-06-21 20:00:00,1.4,37.44
2016-06-21 21:00:00,1.2,34.98
2016-06-21 22:00:00,1.2,33.93
2016-06-21 23:00:00,1.4,30.0
2016-06-22 00:00:00,1.7,28.06
2016-06-22 01:00:00,1.5,24.95
2016-06-22 02:00:00,1.7,23.95
2016-06-22 03:00:00,1.4,23.14
2016-06-22 04:00:00,1.1,22.97
2016-06-22 05:00:00,1.1,24.06
2016-06-22 06:00:00,1.2,29.98
2016-06-22 07:00:00,1.4,40.0
2016-06-22 08:00:00,2.2,42.0
2016-06-22 09:00:00,2.7,40.0
2016-06-22 10:00:00,2.7,37.27
2016-06-22 11:00:00,3.9,36.62
2016-06-22 12:00:00,2.8,33.6
2016-06-22 13:00:00,1.5,30.29
2016-06-22 14:00:00,1.5,28.94
2016-06-22 15:00:00,1.8,28.93
2016-06-22 16:00:00,2.0,30.31
2016-06-22 17:00:00,1.9,33.7
2016-06-22 18:00:00,1.6,38.12
2016-06-22 19:00:00,0.8,39.8
2016-06-22 20:00:00,1.4,38.3
2016-06-22 21:00:00,1.5,37.39
2016-06-22 22:00:00,1.2,35.98
2016-06-22 23:00:00,0.7,30.35
2016-06-23 00:00:00,0.8,28.09
2016-06-23 01:00:00,1.1,25.64
2016-06-23 02:00:00,0.8,24.38
2016-06-23 03:00:00,1.2,23.3
2016-06-23 04:00:00,1.1,23.24
2016-06-23 05:00:00,0.9,24.14
2016-06-23 06:00:00,1.3,28.16
2016-06-23 07:00:00,1.9,35.91
2016-06-23 08:00:00,2.3,35.91
2016-06-23 09:00:00,2.3,34.97
2016-06-23 10:00:00,3.1,29.78
2016-06-23 11:00:00,3.1,27.95
2016-06-23 12:00:00,3.0,25.62
2016-06-23 13:00:00,3.3,25.08
2016-06-23 14:00:00,3.1,25.37
2016-06-23 15:00:00,2.8,25.71
2016-06-23 16:00:00,2.9,27.31
2016-06-23 17:00:00,2.5,30.83
2016-06-23 18:00:00,2.2,35.92
2016-06-23 19:00:00,2.2,40.06
2016-06-23 20:00:00,2.4,38.04
2016-06-23 21:00:00,2.3,32.72
2016-06-23 22:00:00,2.9,30.77
2016-06-23 23:00:00,1.5,26.99
2016-06-24 00:00:00,1.8,26.03
2016-06-24 01:00:00,2.6,24.56
2016-06-24 02:00:00,2.8,24.08
2016-06-24 03:00:00,1.6,23.36
2016-06-24 04:00:00,0.6,23.91
2016-06-24 05:00:00,1.0,26.43
2016-06-24 06:00:00,2.2,31.86
2016-06-24 07:00:00,2.6,37.03
2016-06-24 08:00:00,2.1,38.84
2016-06-24 09:00:00,2.3,34.46
2016-06-24 10:00:00,3.2,31.96
2016-06-24 11:00:00,3.2,30.01
2016-06-24 12:00:00,2.9,29.93
2016-06-24 13:00:00,2.3,28.27
2016-06-24 14:00:00,2.4,28.66
2016-06-24 15:00:00,1.9,28.38
2016-06-24 16:00:00,2.2,29.63
2016-06-24 17:00:00,2.3,31.65
2016-06-24 18:00:00,1.5,34.98
2016-06-24 19:00:00,2.0,35.53
2016-06-24 20:00:00,1.9,34.95
2016-06-24 21:00:00,1.9,33.28
2016-06-24 22:00:00,1.0,34.12
2016-06-24 23:00:00,1.4,32.04
2016-06-25 00:00:00,0.7,30.14
2016-06-25 01:00:00,1.0,28.97
2016-06-25 02:00:00,0.9,26.64
2016-06-25 03:00:00,1.7,24.28
2016-06-25 04:00:00,1.5,23.35
2016-06-25 05:00:00,0.7,23.0
2016-06-25 06:00:00,0.9,24.0
2016-06-25 07:00:00,1.3,26.93
2016-06-25 08:00:00,0.8,30.25
2016-06-25 09:00:00,2.2,32.96
2016-06-25 10:00:00,1.4,33.86
2016-06-25 11:00:00,1.8,32.95
2016-06-25 12:00:00,2.1,30.06
2016-06-25 13:00:00,4.9,27.81
2016-06-25 14:00:00,2.5,25.08
2016-06-25 15:00:00,2.4,24.43
2016-06-25 16:00:00,3.4,24.43
2016-06-25 17:00:00,3.1,27.31
2016-06-25 18:00:00,1.0,29.42
2016-06-25 19:00:00,1.5,30.53
2016-06-25 20:00:00,1.5,29.8
2016-06-25 21:00:00,1.1,28.81
2016-06-25 22:00:00,1.2,29.61
2016-06-25 23:00:00,3.0,27.02
2016-06-26 00:00:00,3.2,17.29
2016-06-26 01:00:00,5.8,12.78
2016-06-26 02:00:00,5.9,14.25
2016-06-26 03:00:00,6.1,13.35
2016-06-26 04:00:00,5.5,13.08
2016-06-26 05:00:00,5.1,12.43
2016-06-26 06:00:00,5.5,11.53
2016-06-26 07:00:00,6.5,12.63
2016-06-26 08:00:00,6.7,13.46
2016-06-26 09:00:00,5.7,13.51
2016-06-26 10:00:00,5.1,9.79
2016-06-26 11:00:00,4.4,12.86
2016-06-26 12:00:00,4.4,12.08
2016-06-26 13:00:00,4.0,9.29
2016-06-26 14:00:00,4.8,8.05
2016-06-26 15:00:00,4.1,9.19
2016-06-26 16:00:00,4.1,11.67
2016-06-26 17:00:00,3.6,15.79
2016-06-26 18:00:00,3.3,23.76
2016-06-26 19:00:00,2.0,26.79
2016-06-26 20:00:00,1.7,29.97
2016-06-26 21:00:00,0.5,28.46
2016-06-26 22:00:00,1.3,31.91
2016-06-26 23:00:00,1.0,28.12
2016-06-27 00:00:00,1.0,24.1
2016-06-27 01:00:00,0.6,20.99
2016-06-27 02:00:00,0.7,19.04
2016-06-27 03:00:00,1.4,16.29
2016-06-27 04:00:00,0.6,16.12
2016-06-27 05:00:00,1.4,19.02
2016-06-27 06:00:00,3.0,27.75
2016-06-27 07:00:00,2.8,33.07
2016-06-27 08:00:00,4.5,34.26
2016-06-27 09:00:00,4.0,31.02
2016-06-27 10:00:00,4.2,26.57
2016-06-27 11:00:00,4.0,26.29
2016-06-27 12:00:00,4.0,24.82
2016-06-27 13:00:00,4.7,25.38
2016-06-27 14:00:00,4.6,24.87
2016-06-27 15:00:00,4.5,25.95
2016-06-27 16:00:00,4.8,25.92
2016-06-27 17:00:00,4.5,28.08
2016-06-27 18:00:00,3.4,34.98
2016-06-27 19:00:00,1.8,39.05
2016-06-27 20:00:00,0.9,38.31
2016-06-27 21:00:00,0.9,36.52
2016-06-27 22:00:00,1.3,36.4
2016-06-27 23:00:00,1.6,31.69
2016-06-28 00:00:00,1.8,26.84
2016-06-28 01:00:00,2.1,24.4
2016-06-28 02:00:00,3.1,24.09
2016-06-28 03:00:00,2.4,23.13
2016-06-28 04:00:00,1.4,22.76
2016-06-28 05:00:00,3.4,24.19
2016-06-28 06:00:00,4.0,30.0
2016-06-28 07:00:00,4.0,40.08
2016-06-28 08:00:00,3.7,41.91
2016-06-28 09:00:00,3.8,41.98
2016-06-28 10:00:00,3.2,38.94
2016-06-28 11:00:00,4.4,37.88
2016-06-28 12:00:00,3.0,35.36
2016-06-28 13:00:00,4.3,34.08
2016-06-28 14:00:00,2.9,32.62
2016-06-28 15:00:00,3.5,31.37
2016-06-28 16:00:00,3.3,30.89
2016-06-28 17:00:00,2.5,36.04
2016-06-28 18:00:00,2.1,39.85
2016-06-28 19:00:00,0.3,41.74
2016-06-28 20:00:00,0.8,38.99
2016-06-28 21:00:00,0.7,34.56
2016-06-28 22:00:00,0.7,33.84
2016-06-28 23:00:00,1.1,28.34
2016-06-29 00:00:00,0.8,24.03
2016-06-29 01:00:00,1.5,22.14
2016-06-29 02:00:00,2.1,20.64
2016-06-29 03:00:00,1.7,19.91
2016-06-29 04:00:00,2.1,19.17
2016-06-29 05:00:00,2.9,19.99
2016-06-29 06:00:00,1.4,24.58
2016-06-29 07:00:00,2.3,32.91
2016-06-29 08:00:00,2.6,34.94
2016-06-29 09:00:00,3.7,31.82
2016-06-29 10:00:00,5.6,26.05
2016-06-29 11:00:00,6.2,24.71
2016-06-29 12:00:00,5.7,23.92
2016-06-29 13:00:00,6.4,23.6
2016-06-29 14:00:00,6.3,23.4
2016-06-29 15:00:00,6.3,23.96
2016-06-29 16:00:00,6.4,23.71
2016-06-29 17:00:00,4.9,26.54
2016-06-29 18:00:00,3.9,33.46
2016-06-29 19:00:00,2.3,38.99
2016-06-29 20:00:00,0.5,37.49
2016-06-29 21:00:00,0.5,34.98
2016-06-29 22:00:00,0.6,34.94
2016-06-29 23:00:00,0.9,29.96
2016-06-30 00:00:00,0.7,25.16
2016-06-30 01:00:00,0.9,23.34
2016-06-30 02:00:00,1.0,22.08
2016-06-30 03:00:00,0.5,20.11
2016-06-30 04:00:00,1.2,19.82
2016-06-30 05:00:00,0.7,21.58
2016-06-30 06:00:00,1.2,26.61
2016-06-30 07:00:00,0.8,34.94
2016-06-30 08:00:00,1.9,39.86
2016-06-30 09:00:00,3.9,38.24
2016-06-30 10:00:00,5.1,38.49
2016-06-30 11:00:00,4.1,36.0
2016-06-30 12:00:00,3.4,30.69
2016-06-30 13:00:00,3.3,27.63
2016-06-30 14:00:00,3.2,25.8
2016-06-30 15:00:00,2.2,26.17
2016-06-30 16:00:00,2.0,26.28
2016-06-30 17:00:00,2.1,29.77
2016-06-30 18:00:00,3.2,34.23
2016-06-30 19:00:00,0.9,38.28
2016-06-30 20:00:00,1.5,34.91
2016-06-30 21:00:00,1.8,31.11
2016-06-30 22:00:00,1.5,32.38
2016-06-30 23:00:00,1.2,27.72
2016-07-01 00:00:00,1.1,29.36
2016-07-01 01:00:00,1.2,24.69
2016-07-01 02:00:00,1.3,23.42
2016-07-01 03:00:00,1.2,21.91
2016-07-01 04:00:00,1.3,20.19
2016-07-01 05:00:00,1.3,22.44
2016-07-01 06:00:00,2.5,26.84
2016-07-01 07:00:00,3.6,33.58
2016-07-01 08:00:00,4.1,35.78
2016-07-01 09:00:00,4.5,29.8
2016-07-01 10:00:00,5.1,24.0
2016-07-01 11:00:00,4.4,23.26
2016-07-01 12:00:00,4.9,22.56
2016-07-01 13:00:00,4.7,22.09
2016-07-01 14:00:00,3.4,22.09
2016-07-01 15:00:00,4.2,24.22
2016-07-01 16:00:00,3.2,27.0
2016-07-01 17:00:00,2.4,28.75
2016-07-01 18:00:00,1.6,32.43
2016-07-01 19:00:00,1.3,33.95
2016-07-01 20:00:00,1.9,32.67
2016-07-01 21:00:00,1.7,30.07
2016-07-01 22:00:00,2.1,31.91
2016-07-01 23:00:00,2.0,27.59
2016-07-02 00:00:00,1.9,22.03
2016-07-02 01:00:00,1.4,20.38
2016-07-02 02:00:00,1.2,19.4
2016-07-02 03:00:00,1.4,17.09
2016-07-02 04:00:00,1.2,16.79
2016-07-02 05:00:00,1.2,16.58
2016-07-02 06:00:00,2.1,17.99
2016-07-02 07:00:00,3.2,20.05
2016-07-02 08:00:00,2.9,21.41
2016-07-02 09:00:00,3.7,23.71
2016-07-02 10:00:00,5.1,22.04
2016-07-02 11:00:00,7.6,22.03
2016-07-02 12:00:00,3.8,21.87
2016-07-02 13:00:00,3.9,20.86
2016-07-02 14:00:00,5.5,19.4
2016-07-02 15:00:00,4.5,18.52
2016-07-02 16:00:00,2.7,17.95
2016-07-02 17:00:00,2.5,19.96
2016-07-02 18:00:00,2.1,23.11
2016-07-02 19:00:00,2.2,25.33
2016-07-02 20:00:00,3.8,25.48
2016-07-02 21:00:00,3.3,25.03
2016-07-02 22:00:00,2.2,25.97
2016-07-02 23:00:00,2.6,22.4
2016-07-03 00:00:00,2.9,18.07
2016-07-03 01:00:00,2.4,9.32
2016-07-03 02:00:00,1.9,7.88
2016-07-03 03:00:00,2.4,6.97
2016-07-03 04:00:00,2.4,8.82
2016-07-03 05:00:00,2.9,7.77
2016-07-03 06:00:00,4.0,8.14
2016-07-03 07:00:00,3.6,8.82
2016-07-03 08:00:00,2.9,12.2
2016-07-03 09:00:00,3.0,9.92
2016-07-03 10:00:00,3.8,8.92
2016-07-03 11:00:00,3.9,8.86
2016-07-03 12:00:00,3.5,8.92
2016-07-03 13:00:00,4.8,7.09
2016-07-03 14:00:00,4.2,6.98
2016-07-03 15:00:00,3.2,7.14
2016-07-03 16:00:00,2.5,8.97
2016-07-03 17:00:00,3.0,18.08
2016-07-03 18:00:00,4.2,22.02
2016-07-03 19:00:00,5.0,26.76
2016-07-03 20:00:00,4.6,27.97
2016-07-03 21:00:00,4.1,30.49
2016-07-03 22:00:00,3.9,32.35
2016-07-03 23:00:00,3.3,29.37
2016-07-04 00:00:00,2.4,25.73
2016-07-04 01:00:00,2.5,22.73
2016-07-04 02:00:00,2.4,22.26
2016-07-04 03:00:00,2.2,21.65
2016-07-04 04:00:00,2.5,21.69
2016-07-04 05:00:00,2.6,23.37
2016-07-04 06:00:00,3.1,31.93
2016-07-04 07:00:00,2.8,35.19
2016-07-04 08:00:00,3.2,37.93
2016-07-04 09:00:00,3.8,33.54
2016-07-04 10:00:00,3.2,32.91
2016-07-04 11:00:00,3.3,31.68
2016-07-04 12:00:00,3.3,29.98
2016-07-04 13:00:00,3.9,29.33
2016-07-04 14:00:00,3.3,29.75
2016-07-04 15:00:00,2.6,29.26
2016-07-04 16:00:00,2.5,30.47
2016-07-04 17:00:00,2.6,32.9
2016-07-04 18:00:00,1.2,35.98
2016-07-04 19:00:00,0.5,38.41
2016-07-04 20:00:00,0.9,38.65
2016-07-04 21:00:00,1.5,35.56
2016-07-04 22:00:00,1.4,34.96
2016-07-04 23:00:00,1.1,33.98
2016-07-05 00:00:00,0.9,29.93
2016-07-05 01:00:00,1.5,27.0
2016-07-05 02:00:00,1.5,25.46
2016-07-05 03:00:00,1.4,23.88
2016-07-05 04:00:00,1.9,23.43
2016-07-05 05:00:00,1.9,25.31
2016-07-05 06:00:00,1.6,30.28
2016-07-05 07:00:00,2.0,34.94
2016-07-05 08:00:00,2.7,36.46
2016-07-05 09:00:00,2.8,35.05
2016-07-05 10:00:00,3.0,32.54
2016-07-05 11:00:00,2.4,31.46
2016-07-05 12:00:00,4.6,28.6
2016-07-05 13:00:00,4.7,26.52
2016-07-05 14:00:00,6.4,24.34
2016-07-05 15:00:00,6.8,22.28
2016-07-05 16:00:00,5.3,22.14
2016-07-05 17:00:00,5.8,23.01
2016-07-05 18:00:00,3.6,24.6
2016-07-05 19:00:00,2.7,27.57
2016-07-05 20:00:00,1.3,26.9
2016-07-05 21:00:00,2.1,23.95
2016-07-05 22:00:00,2.0,22.89
2016-07-05 23:00:00,4.5,18.96
2016-07-06 00:00:00,7.9,8.18
2016-07-06 01:00:00,7.7,9.26
2016-07-06 02:00:00,7.3,8.17
2016-07-06 03:00:00,7.8,5.84
2016-07-06 04:00:00,9.1,4.9
2016-07-06 05:00:00,8.4,10.72
2016-07-06 06:00:00,9.3,20.09
2016-07-06 07:00:00,9.6,24.54
2016-07-06 08:00:00,9.1,24.15
2016-07-06 09:00:00,8.0,20.12
2016-07-06 10:00:00,5.9,13.19
2016-07-06 11:00:00,9.8,13.15
2016-07-06 12:00:00,9.9,9.36
2016-07-06 13:00:00,9.8,8.17
2016-07-06 14:00:00,11.2,2.55
2016-07-06 15:00:00,10.2,9.23
2016-07-06 16:00:00,9.1,11.6
2016-07-06 17:00:00,8.5,14.73
2016-07-06 18:00:00,7.4,23.32
2016-07-06 19:00:00,7.5,28.27
2016-07-06 20:00:00,4.6,29.32
2016-07-06 21:00:00,3.5,29.6
2016-07-06 22:00:00,4.1,31.75
2016-07-06 23:00:00,4.5,28.84
2016-07-07 00:00:00,4.1,29.09
2016-07-07 01:00:00,3.6,25.56
2016-07-07 02:00:00,3.2,24.21
2016-07-07 03:00:00,2.9,22.11
2016-07-07 04:00:00,2.6,22.98
2016-07-07 05:00:00,3.2,23.74
2016-07-07 06:00:00,4.2,30.6
2016-07-07 07:00:00,4.5,34.28
2016-07-07 08:00:00,5.3,35.71
2016-07-07 09:00:00,5.7,31.51
2016-07-07 10:00:00,5.0,28.83
2016-07-07 11:00:00,5.4,28.79
2016-07-07 12:00:00,5.3,26.91
2016-07-07 13:00:00,4.6,25.97
2016-07-07 14:00:00,5.0,24.66
2016-07-07 15:00:00,4.4,25.41
2016-07-07 16:00:00,4.3,27.01
2016-07-07 17:00:00,4.6,30.42
2016-07-07 18:00:00,3.9,34.68
2016-07-07 19:00:00,2.0,37.77
2016-07-07 20:00:00,0.6,37.91
2016-07-07 21:00:00,0.5,32.49
2016-07-07 22:00:00,1.1,36.53
2016-07-07 23:00:00,1.1,32.8
2016-07-08 00:00:00,1.0,28.62
2016-07-08 01:00:00,1.1,26.52
2016-07-08 02:00:00,1.4,25.04
2016-07-08 03:00:00,1.2,23.46
2016-07-08 04:00:00,0.8,23.18
2016-07-08 05:00:00,1.3,25.02
2016-07-08 06:00:00,1.9,30.0
2016-07-08 07:00:00,2.3,34.99
2016-07-08 08:00:00,2.5,38.62
2016-07-08 09:00:00,2.9,35.26
2016-07-08 10:00:00,2.8,33.36
2016-07-08 11:00:00,3.4,32.93
2016-07-08 12:00:00,3.7,30.15
2016-07-08 13:00:00,3.7,27.91
2016-07-08 14:00:00,3.5,26.53
2016-07-08 15:00:00,2.6,25.91
2016-07-08 16:00:00,2.2,26.94
2016-07-08 17:00:00,2.0,27.38
2016-07-08 18:00:00,1.7,28.54
2016-07-08 19:00:00,4.2,29.79
2016-07-08 20:00:00,3.5,28.1
2016-07-08 21:00:00,2.4,26.91
2016-07-08 22:00:00,3.7,28.08
2016-07-08 23:00:00,3.6,24.61
2016-07-09 00:00:00,3.7,20.7
2016-07-09 01:00:00,3.9,18.61
2016-07-09 02:00:00,3.8,17.39
2016-07-09 03:00:00,3.0,19.0
2016-07-09 04:00:00,3.1,17.1
2016-07-09 05:00:00,3.9,17.01
2016-07-09 06:00:00,5.4,18.12
2016-07-09 07:00:00,6.8,22.32
2016-07-09 08:00:00,7.3,21.99
2016-07-09 09:00:00,5.8,21.78
2016-07-09 10:00:00,7.1,16.99
2016-07-09 11:00:00,7.0,16.99
2016-07-09 12:00:00,6.1,15.32
2016-07-09 13:00:00,5.8,8.98
2016-07-09 14:00:00,6.1,11.64
2016-07-09 15:00:00,5.4,11.25
2016-07-09 16:00:00,5.0,16.9
2016-07-09 17:00:00,4.4,22.0
2016-07-09 18:00:00,3.9,27.92
2016-07-09 19:00:00,2.7,30.63
2016-07-09 20:00:00,0.8,30.25
2016-07-09 21:00:00,0.5,29.86
2016-07-09 22:00:00,1.5,30.61
2016-07-09 23:00:00,1.5,28.0
2016-07-10 00:00:00,1.7,23.17
2016-07-10 01:00:00,1.2,18.54
2016-07-10 02:00:00,1.0,15.04
2016-07-10 03:00:00,0.8,11.96
2016-07-10 04:00:00,1.4,11.17
2016-07-10 05:00:00,1.4,9.91
2016-07-10 06:00:00,1.9,10.63
2016-07-10 07:00:00,2.9,10.1
2016-07-10 08:00:00,3.6,12.36
2016-07-10 09:00:00,3.7,10.64
2016-07-10 10:00:00,4.4,7.62
2016-07-10 11:00:00,4.4,9.12
2016-07-10 12:00:00,4.0,6.88
2016-07-10 13:00:00,4.5,-0.08
2016-07-10 14:00:00,4.3,-0.9
2016-07-10 15:00:00,3.9,3.96
2016-07-10 16:00:00,3.3,10.14
2016-07-10 17:00:00,3.4,19.5
2016-07-10 18:00:00,2.6,24.18
2016-07-10 19:00:00,1.6,29.93
2016-07-10 20:00:00,1.4,30.91
2016-07-10 21:00:00,1.4,30.92
2016-07-10 22:00:00,1.8,31.49
2016-07-10 23:00:00,2.1,29.81
2016-07-11 00:00:00,2.6,20.6
2016-07-11 01:00:00,2.6,20.56
2016-07-11 02:00:00,2.3,21.08
2016-07-11 03:00:00,1.6,19.96
2016-07-11 04:00:00,1.5,19.77
2016-07-11 05:00:00,1.6,22.1
2016-07-11 06:00:00,1.5,27.67
2016-07-11 07:00:00,2.1,32.03
2016-07-11 08:00:00,3.8,32.94
2016-07-11 09:00:00,4.6,29.95
2016-07-11 10:00:00,5.9,26.28
2016-07-11 11:00:00,7.1,24.91
2016-07-11 12:00:00,6.8,22.09
2016-07-11 13:00:00,6.6,20.4
2016-07-11 14:00:00,6.5,20.08
2016-07-11 15:00:00,5.7,20.34
2016-07-11 16:00:00,6.7,22.23
2016-07-11 17:00:00,6.2,25.45
2016-07-11 18:00:00,4.7,28.8
2016-07-11 19:00:00,3.9,31.25
2016-07-11 20:00:00,1.5,31.48
2016-07-11 21:00:00,1.4,30.02
2016-07-11 22:00:00,1.9,28.5
2016-07-11 23:00:00,1.7,26.97
2016-07-12 00:00:00,1.6,25.09
2016-07-12 01:00:00,1.3,23.98
2016-07-12 02:00:00,1.0,22.39
2016-07-12 03:00:00,0.7,22.59
2016-07-12 04:00:00,1.1,22.58
2016-07-12 05:00:00,0.8,24.51
2016-07-12 06:00:00,1.1,28.53
2016-07-12 07:00:00,1.1,33.63
2016-07-12 08:00:00,1.8,34.94
2016-07-12 09:00:00,1.7,31.98
2016-07-12 10:00:00,2.3,31.96
2016-07-12 11:00:00,2.6,32.7
2016-07-12 12:00:00,4.8,31.44
2016-07-12 13:00:00,3.7,29.99
2016-07-12 14:00:00,4.0,30.22
2016-07-12 15:00:00,3.7,30.42
2016-07-12 16:00:00,3.7,30.32
2016-07-12 17:00:00,3.3,31.91
2016-07-12 18:00:00,2.2,33.03
2016-07-12 19:00:00,2.0,33.61
2016-07-12 20:00:00,2.1,33.06
2016-07-12 21:00:00,2.2,33.67
2016-07-12 22:00:00,2.4,33.38
2016-07-12 23:00:00,2.5,30.84
2016-07-13 00:00:00,2.6,27.95
2016-07-13 01:00:00,2.2,27.16
2016-07-13 02:00:00,2.6,26.05
2016-07-13 03:00:00,2.5,25.0
2016-07-13 04:00:00,2.6,25.1
2016-07-13 05:00:00,2.2,26.18
2016-07-13 06:00:00,2.9,31.85
2016-07-13 07:00:00,3.8,34.94
2016-07-13 08:00:00,3.6,40.42
2016-07-13 09:00:00,2.6,40.62
2016-07-13 10:00:00,2.3,39.36
2016-07-13 11:00:00,1.9,39.66
2016-07-13 12:00:00,2.7,36.03
2016-07-13 13:00:00,5.4,36.05
2016-07-13 14:00:00,3.7,35.36
2016-07-13 15:00:00,3.1,32.87
2016-07-13 16:00:00,2.8,31.94
2016-07-13 17:00:00,2.1,32.94
2016-07-13 18:00:00,2.0,34.22
2016-07-13 19:00:00,1.2,35.06
2016-07-13 20:00:00,1.3,33.01
2016-07-13 21:00:00,3.2,30.81
2016-07-13 22:00:00,1.4,31.4
2016-07-13 23:00:00,0.7,27.86
2016-07-14 00:00:00,2.0,23.46
2016-07-14 01:00:00,2.0,23.24
2016-07-14 02:00:00,2.4,22.1
2016-07-14 03:00:00,2.4,21.83
2016-07-14 04:00:00,3.4,21.06
2016-07-14 05:00:00,3.7,22.05
2016-07-14 06:00:00,4.2,24.06
2016-07-14 07:00:00,4.8,29.42
2016-07-14 08:00:00,5.0,32.05
2016-07-14 09:00:00,5.3,31.02
2016-07-14 10:00:00,6.2,29.8
2016-07-14 11:00:00,7.5,30.43
2016-07-14 12:00:00,7.6,27.58
2016-07-14 13:00:00,8.4,25.06
2016-07-14 14:00:00,7.9,22.54
2016-07-14 15:00:00,6.1,20.65
2016-07-14 16:00:00,4.8,20.66
2016-07-14 17:00:00,4.5,22.09
2016-07-14 18:00:00,3.2,25.74
2016-07-14 19:00:00,3.1,28.95
2016-07-14 20:00:00,2.9,27.93
2016-07-14 21:00:00,3.0,25.65
2016-07-14 22:00:00,5.0,25.56
2016-07-14 23:00:00,6.0,21.85
2016-07-15 00:00:00,6.4,18.92
2016-07-15 01:00:00,5.7,19.87
2016-07-15 02:00:00,5.8,17.02
2016-07-15 03:00:00,6.0,13.16
2016-07-15 04:00:00,6.2,15.06
2016-07-15 05:00:00,6.1,18.88
2016-07-15 06:00:00,6.0,23.44
2016-07-15 07:00:00,5.8,29.08
2016-07-15 08:00:00,5.7,30.08
2016-07-15 09:00:00,6.5,31.82
2016-07-15 10:00:00,6.4,29.94
2016-07-15 11:00:00,7.3,29.73
2016-07-15 12:00:00,7.1,27.39
2016-07-15 13:00:00,6.3,23.8
2016-07-15 14:00:00,5.9,22.93
2016-07-15 15:00:00,4.6,22.02
2016-07-15 16:00:00,3.7,22.82
2016-07-15 17:00:00,3.4,27.71
2016-07-15 18:00:00,3.9,31.92
2016-07-15 19:00:00,4.4,34.67
2016-07-15 20:00:00,3.7,32.73
2016-07-15 21:00:00,2.4,32.25
2016-07-15 22:00:00,1.7,34.94
2016-07-15 23:00:00,1.8,33.78
2016-07-16 00:00:00,1.3,27.53
2016-07-16 01:00:00,1.2,23.82
2016-07-16 02:00:00,1.7,23.0
2016-07-16 03:00:00,1.1,22.0
2016-07-16 04:00:00,1.3,21.91
2016-07-16 05:00:00,2.2,21.79
2016-07-16 06:00:00,2.6,22.01
2016-07-16 07:00:00,2.9,22.47
2016-07-16 08:00:00,4.0,23.34
2016-07-16 09:00:00,4.0,22.96
2016-07-16 10:00:00,3.7,21.99
2016-07-16 11:00:00,3.5,21.93
2016-07-16 12:00:00,2.5,22.89
2016-07-16 13:00:00,2.7,21.98
2016-07-16 14:00:00,2.9,21.93
2016-07-16 15:00:00,2.4,22.21
2016-07-16 16:00:00,2.6,23.36
2016-07-16 17:00:00,1.8,25.38
2016-07-16 18:00:00,0.8,30.3
2016-07-16 19:00:00,1.2,31.92
2016-07-16 20:00:00,0.8,30.61
2016-07-16 21:00:00,0.7,30.99
2016-07-16 22:00:00,0.5,32.16
2016-07-16 23:00:00,0.9,27.78
2016-07-17 00:00:00,0.8,24.53
2016-07-17 01:00:00,1.0,21.04
2016-07-17 02:00:00,1.5,21.03
2016-07-17 03:00:00,1.0,20.17
2016-07-17 04:00:00,1.2,19.57
2016-07-17 05:00:00,1.4,19.4
2016-07-17 06:00:00,1.4,19.01
2016-07-17 07:00:00,1.2,20.96
2016-07-17 08:00:00,2.6,21.13
2016-07-17 09:00:00,3.5,22.3
2016-07-17 10:00:00,4.0,20.77
2016-07-17 11:00:00,3.1,21.99
2016-07-17 12:00:00,4.2,21.03
2016-07-17 13:00:00,4.0,16.19
2016-07-17 14:00:00,2.7,13.06
2016-07-17 15:00:00,2.7,13.06
2016-07-17 16:00:00,4.0,13.02
2016-07-17 17:00:00,3.6,20.03
2016-07-17 18:00:00,3.8,22.4
2016-07-17 19:00:00,1.7,27.37
2016-07-17 20:00:00,0.6,28.07
2016-07-17 21:00:00,0.4,30.09
2016-07-17 22:00:00,1.1,30.57
2016-07-17 23:00:00,0.9,29.0
2016-07-18 00:00:00,0.3,26.03
2016-07-18 01:00:00,1.0,24.05
2016-07-18 02:00:00,0.9,23.31
2016-07-18 03:00:00,1.1,22.58
2016-07-18 04:00:00,1.1,23.02
2016-07-18 05:00:00,1.6,23.81
2016-07-18 06:00:00,2.1,28.82
2016-07-18 07:00:00,3.1,33.09
2016-07-18 08:00:00,3.7,35.39
2016-07-18 09:00:00,3.4,32.98
2016-07-18 10:00:00,4.7,30.53
2016-07-18 11:00:00,6.2,30.22
2016-07-18 12:00:00,6.2,27.17
2016-07-18 13:00:00,6.3,27.92
2016-07-18 14:00:00,5.8,26.4
2016-07-18 15:00:00,5.4,26.51
2016-07-18 16:00:00,4.8,26.76
2016-07-18 17:00:00,3.6,29.95
2016-07-18 18:00:00,1.6,33.0
2016-07-18 19:00:00,1.4,39.39
2016-07-18 20:00:00,1.4,40.0
2016-07-18 21:00:00,1.5,38.61
2016-07-18 22:00:00,1.1,35.9
2016-07-18 23:00:00,1.5,30.45
2016-07-19 00:00:00,1.0,27.59
2016-07-19 01:00:00,0.8,27.09
2016-07-19 02:00:00,0.9,26.41
2016-07-19 03:00:00,1.3,25.89
2016-07-19 04:00:00,1.3,25.61
2016-07-19 05:00:00,1.5,26.14
2016-07-19 06:00:00,1.8,31.0
2016-07-19 07:00:00,3.0,36.99
2016-07-19 08:00:00,3.4,40.01
2016-07-19 09:00:00,3.9,35.7
2016-07-19 10:00:00,4.8,32.99
2016-07-19 11:00:00,5.7,32.91
2016-07-19 12:00:00,5.5,31.38
2016-07-19 13:00:00,5.3,30.91
2016-07-19 14:00:00,4.4,30.08
2016-07-19 15:00:00,4.7,31.28
2016-07-19 16:00:00,4.4,32.4
2016-07-19 17:00:00,3.6,35.25
2016-07-19 18:00:00,3.0,39.91
2016-07-19 19:00:00,1.8,44.0
2016-07-19 20:00:00,0.9,37.03
2016-07-19 21:00:00,0.5,37.0
2016-07-19 22:00:00,0.3,32.92
2016-07-19 23:00:00,0.3,27.91
2016-07-20 00:00:00,0.5,28.01
2016-07-20 01:00:00,0.5,26.32
2016-07-20 02:00:00,1.0,25.1
2016-07-20 03:00:00,1.1,24.79
2016-07-20 04:00:00,1.2,24.83
2016-07-20 05:00:00,0.7,25.85
2016-07-20 06:00:00,0.8,29.35
2016-07-20 07:00:00,0.8,33.52
2016-07-20 08:00:00,2.2,36.79
2016-07-20 09:00:00,1.8,34.1
2016-07-20 10:00:00,1.8,32.39
2016-07-20 11:00:00,2.3,31.43
2016-07-20 12:00:00,1.6,28.02
2016-07-20 13:00:00,1.6,26.63
2016-07-20 14:00:00,1.7,25.93
2016-07-20 15:00:00,1.5,26.43
2016-07-20 16:00:00,2.1,28.08
2016-07-20 17:00:00,2.2,31.66
2016-07-20 18:00:00,2.2,33.3
2016-07-20 19:00:00,2.4,34.48
2016-07-20 20:00:00,1.9,33.41
2016-07-20 21:00:00,2.1,31.96
2016-07-20 22:00:00,2.0,28.94
2016-07-20 23:00:00,2.2,25.35
2016-07-21 00:00:00,1.5,26.43
2016-07-21 01:00:00,1.9,26.46
2016-07-21 02:00:00,1.8,25.9
2016-07-21 03:00:00,2.0,25.52
2016-07-21 04:00:00,1.8,25.55
2016-07-21 05:00:00,2.2,27.49
2016-07-21 06:00:00,2.4,32.84
2016-07-21 07:00:00,2.5,36.61
2016-07-21 08:00:00,2.6,39.16
2016-07-21 09:00:00,2.4,36.04
2016-07-21 10:00:00,2.0,37.02
2016-07-21 11:00:00,4.3,36.01
2016-07-21 12:00:00,4.0,35.04
2016-07-21 13:00:00,3.9,34.24
2016-07-21 14:00:00,2.7,32.94
2016-07-21 15:00:00,1.3,33.0
2016-07-21 16:00:00,1.3,33.31
2016-07-21 17:00:00,1.8,34.37
2016-07-21 18:00:00,1.9,34.76
2016-07-21 19:00:00,1.9,38.38
2016-07-21 20:00:00,1.7,35.95
2016-07-21 21:00:00,1.7,35.7
2016-07-21 22:00:00,1.1,32.92
2016-07-21 23:00:00,1.3,31.01
2016-07-22 00:00:00,0.9,29.26
2016-07-22 01:00:00,1.7,27.24
2016-07-22 02:00:00,0.5,27.1
2016-07-22 03:00:00,1.0,26.56
2016-07-22 04:00:00,1.0,26.5
2016-07-22 05:00:00,0.8,28.06
2016-07-22 06:00:00,1.1,32.36
2016-07-22 07:00:00,2.0,35.99
2016-07-22 08:00:00,1.8,36.81
2016-07-22 09:00:00,1.7,36.0
2016-07-22 10:00:00,2.4,35.16
2016-07-22 11:00:00,2.4,34.41
2016-07-22 12:00:00,2.5,32.15
2016-07-22 13:00:00,2.2,30.78
2016-07-22 14:00:00,2.7,30.68
2016-07-22 15:00:00,2.4,31.19
2016-07-22 16:00:00,2.6,31.62
2016-07-22 17:00:00,3.4,32.93
2016-07-22 18:00:00,2.8,34.91
2016-07-22 19:00:00,1.7,35.96
2016-07-22 20:00:00,2.2,33.26
2016-07-22 21:00:00,2.1,31.97
2016-07-22 22:00:00,1.8,31.96
2016-07-22 23:00:00,1.0,29.0
2016-07-23 00:00:00,0.5,31.8
2016-07-23 01:00:00,0.5,30.83
2016-07-23 02:00:00,0.7,29.1
2016-07-23 03:00:00,0.4,27.02
2016-07-23 04:00:00,0.6,25.77
2016-07-23 05:00:00,0.5,25.65
2016-07-23 06:00:00,1.7,26.22
2016-07-23 07:00:00,2.0,30.32
2016-07-23 08:00:00,2.5,31.96
2016-07-23 09:00:00,2.6,32.53
2016-07-23 10:00:00,4.0,32.26
2016-07-23 11:00:00,4.3,31.97
2016-07-23 12:00:00,3.7,29.02
2016-07-23 13:00:00,3.4,25.25
2016-07-23 14:00:00,3.7,24.52
2016-07-23 15:00:00,3.9,24.97
2016-07-23 16:00:00,3.5,27.72
2016-07-23 17:00:00,3.5,30.57
2016-07-23 18:00:00,3.8,31.86
2016-07-23 19:00:00,3.5,33.62
2016-07-23 20:00:00,2.8,32.9
2016-07-23 21:00:00,2.8,32.38
2016-07-23 22:00:00,2.6,32.14
2016-07-23 23:00:00,2.3,29.07
2016-07-24 00:00:00,2.0,30.11
2016-07-24 01:00:00,1.5,28.11
2016-07-24 02:00:00,1.4,25.99
2016-07-24 03:00:00,1.1,24.93
2016-07-24 04:00:00,0.8,24.25
2016-07-24 05:00:00,1.0,23.98
2016-07-24 06:00:00,1.1,23.92
2016-07-24 07:00:00,1.3,24.79
2016-07-24 08:00:00,1.3,25.67
2016-07-24 09:00:00,1.2,25.95
2016-07-24 10:00:00,1.3,24.87
2016-07-24 11:00:00,2.8,25.13
2016-07-24 12:00:00,3.3,23.47
2016-07-24 13:00:00,3.3,23.82
2016-07-24 14:00:00,3.4,23.3
2016-07-24 15:00:00,2.9,23.48
2016-07-24 16:00:00,2.7,24.76
2016-07-24 17:00:00,2.7,26.42
2016-07-24 18:00:00,2.2,29.91
2016-07-24 19:00:00,1.7,31.94
2016-07-24 20:00:00,1.8,32.95
2016-07-24 21:00:00,1.3,33.22
2016-07-24 22:00:00,1.0,35.93
2016-07-24 23:00:00,0.8,33.3
2016-07-25 00:00:00,0.7,29.8
2016-07-25 01:00:00,0.4,27.32
2016-07-25 02:00:00,0.5,26.32
2016-07-25 03:00:00,0.4,25.93
2016-07-25 04:00:00,0.5,25.92
2016-07-25 05:00:00,0.5,27.8
2016-07-25 06:00:00,0.6,35.0
2016-07-25 07:00:00,0.7,38.08
2016-07-25 08:00:00,1.4,39.52
2016-07-25 09:00:00,1.6,37.94
2016-07-25 10:00:00,1.3,36.47
2016-07-25 11:00:00,1.5,36.05
2016-07-25 12:00:00,1.7,33.64
2016-07-25 13:00:00,1.7,32.95
2016-07-25 14:00:00,2.1,32.35
2016-07-25 15:00:00,2.2,32.6
2016-07-25 16:00:00,1.7,33.32
2016-07-25 17:00:00,1.8,35.18
2016-07-25 18:00:00,1.4,35.99
2016-07-25 19:00:00,0.8,36.59
2016-07-25 20:00:00,1.0,36.47
2016-07-25 21:00:00,0.6,36.08
2016-07-25 22:00:00,0.5,35.47
2016-07-25 23:00:00,0.9,30.4
2016-07-26 00:00:00,1.1,27.98
2016-07-26 01:00:00,0.9,27.5
2016-07-26 02:00:00,1.3,26.38
2016-07-26 03:00:00,0.9,25.88
2016-07-26 04:00:00,1.3,25.91
2016-07-26 05:00:00,1.4,26.53
2016-07-26 06:00:00,2.1,30.97
2016-07-26 07:00:00,3.0,35.9
2016-07-26 08:00:00,3.5,39.16
2016-07-26 09:00:00,3.9,37.45
2016-07-26 10:00:00,4.0,36.46
2016-07-26 11:00:00,6.1,37.01
2016-07-26 12:00:00,5.1,33.13
2016-07-26 13:00:00,4.9,32.91
2016-07-26 14:00:00,4.5,31.8
2016-07-26 15:00:00,3.9,32.92
2016-07-26 16:00:00,4.6,32.26
2016-07-26 17:00:00,3.3,34.07
2016-07-26 18:00:00,2.2,37.13
2016-07-26 19:00:00,1.2,39.3
2016-07-26 20:00:00,0.6,37.28
2016-07-26 21:00:00,0.6,36.54
2016-07-26 22:00:00,0.7,35.81
2016-07-26 23:00:00,0.6,30.2
2016-07-27 00:00:00,0.5,28.12
2016-07-27 01:00:00,1.5,27.61
2016-07-27 02:00:00,0.7,26.53
2016-07-27 03:00:00,1.0,25.87
2016-07-27 04:00:00,1.5,26.0
2016-07-27 05:00:00,2.0,26.63
2016-07-27 06:00:00,2.6,31.53
2016-07-27 07:00:00,2.4,36.43
2016-07-27 08:00:00,1.9,39.11
2016-07-27 09:00:00,2.8,40.67
2016-07-27 10:00:00,2.9,40.92
2016-07-27 11:00:00,2.2,41.25
2016-07-27 12:00:00,1.4,37.09
2016-07-27 13:00:00,1.3,36.53
2016-07-27 14:00:00,4.5,33.19
2016-07-27 15:00:00,2.1,32.6
2016-07-27 16:00:00,2.0,32.7
2016-07-27 17:00:00,1.8,33.15
2016-07-27 18:00:00,1.6,35.97
2016-07-27 19:00:00,2.0,36.61
2016-07-27 20:00:00,2.0,36.37
2016-07-27 21:00:00,0.8,35.56
2016-07-27 22:00:00,1.0,34.04
2016-07-27 23:00:00,1.4,29.94
2016-07-28 00:00:00,1.1,26.9
2016-07-28 01:00:00,1.7,26.39
2016-07-28 02:00:00,1.3,25.8
2016-07-28 03:00:00,1.2,25.29
2016-07-28 04:00:00,1.4,25.26
2016-07-28 05:00:00,2.2,26.39
2016-07-28 06:00:00,2.4,29.92
2016-07-28 07:00:00,1.9,34.91
2016-07-28 08:00:00,1.9,36.94
2016-07-28 09:00:00,1.6,35.79
2016-07-28 10:00:00,1.6,33.93
2016-07-28 11:00:00,1.5,33.75
2016-07-28 12:00:00,1.7,33.81
2016-07-28 13:00:00,1.6,31.79
2016-07-28 14:00:00,2.0,30.97
2016-07-28 15:00:00,1.6,31.43
2016-07-28 16:00:00,1.7,31.43
2016-07-28 17:00:00,1.3,32.98
2016-07-28 18:00:00,0.9,34.97
2016-07-28 19:00:00,1.3,36.72
2016-07-28 20:00:00,1.5,35.5
2016-07-28 21:00:00,1.9,34.04
2016-07-28 22:00:00,1.5,33.93
2016-07-28 23:00:00,1.6,29.92
2016-07-29 00:00:00,1.4,28.21
2016-07-29 01:00:00,0.9,27.04
2016-07-29 02:00:00,1.1,26.03
2016-07-29 03:00:00,1.0,24.58
2016-07-29 04:00:00,1.9,24.84
2016-07-29 05:00:00,3.3,25.95
2016-07-29 06:00:00,2.2,29.68
2016-07-29 07:00:00,3.2,33.99
2016-07-29 08:00:00,4.5,36.13
2016-07-29 09:00:00,4.6,36.09
2016-07-29 10:00:00,4.2,33.75
2016-07-29 11:00:00,5.3,33.21
2016-07-29 12:00:00,4.6,31.67
2016-07-29 13:00:00,5.2,29.5
2016-07-29 14:00:00,3.9,27.94
2016-07-29 15:00:00,3.6,27.37
2016-07-29 16:00:00,3.4,28.09
2016-07-29 17:00:00,3.0,29.11
2016-07-29 18:00:00,3.2,31.5
2016-07-29 19:00:00,2.4,34.13
2016-07-29 20:00:00,1.6,32.98
2016-07-29 21:00:00,1.8,30.86
2016-07-29 22:00:00,1.7,29.81
2016-07-29 23:00:00,1.4,28.87
2016-07-30 00:00:00,2.3,31.07
2016-07-30 01:00:00,2.0,26.51
2016-07-30 02:00:00,1.5,25.59
2016-07-30 03:00:00,3.0,24.56
2016-07-30 04:00:00,2.4,24.17
2016-07-30 05:00:00,2.6,24.39
2016-07-30 06:00:00,2.6,24.72
2016-07-30 07:00:00,4.2,25.46
2016-07-30 08:00:00,3.3,26.74
2016-07-30 09:00:00,3.8,28.97
2016-07-30 10:00:00,3.4,28.38
2016-07-30 11:00:00,2.1,27.93
2016-07-30 12:00:00,2.6,26.33
2016-07-30 13:00:00,3.3,24.79
2016-07-30 14:00:00,2.7,23.99
2016-07-30 15:00:00,2.0,24.04
2016-07-30 16:00:00,1.1,25.04
2016-07-30 17:00:00,2.3,26.1
2016-07-30 18:00:00,1.2,30.51
2016-07-30 19:00:00,1.5,31.92
2016-07-30 20:00:00,1.6,32.55
2016-07-30 21:00:00,1.0,32.09
2016-07-30 22:00:00,0.7,36.02
2016-07-30 23:00:00,0.8,32.96
2016-07-31 00:00:00,0.6,28.08
2016-07-31 01:00:00,1.0,25.36
2016-07-31 02:00:00,0.6,23.8
2016-07-31 03:00:00,0.6,22.56
2016-07-31 04:00:00,0.4,22.14
2016-07-31 05:00:00,0.5,21.65
2016-07-31 06:00:00,0.8,20.98
2016-07-31 07:00:00,1.7,21.99
2016-07-31 08:00:00,2.5,23.8
2016-07-31 09:00:00,2.0,25.12
2016-07-31 10:00:00,1.4,25.28
2016-07-31 11:00:00,2.1,26.77
2016-07-31 12:00:00,1.8,26.34
2016-07-31 13:00:00,2.1,25.56
2016-07-31 14:00:00,3.1,24.35
2016-07-31 15:00:00,3.4,23.32
2016-07-31 16:00:00,2.8,22.78
2016-07-31 17:00:00,1.4,25.25
2016-07-31 18:00:00,1.4,25.09
2016-07-31 19:00:00,1.6,28.23
2016-07-31 20:00:00,1.8,28.92
2016-07-31 21:00:00,2.2,30.19
2016-07-31 22:00:00,5.4,31.39
2016-07-31 23:00:00,6.1,27.78
2016-08-01 00:00:00,3.9,24.91
2016-08-01 01:00:00,5.5,23.79
2016-08-01 02:00:00,4.7,22.55
2016-08-01 03:00:00,4.3,22.14
2016-08-01 04:00:00,4.1,22.42
2016-08-01 05:00:00,3.8,23.93
2016-08-01 06:00:00,3.8,29.06
2016-08-01 07:00:00,4.6,32.17
2016-08-01 08:00:00,4.8,35.0
2016-08-01 09:00:00,5.0,33.21
2016-08-01 10:00:00,5.3,30.13
2016-08-01 11:00:00,5.0,29.8
2016-08-01 12:00:00,5.4,27.92
2016-08-01 13:00:00,5.6,25.93
2016-08-01 14:00:00,5.7,27.03
2016-08-01 15:00:00,5.6,27.01
2016-08-01 16:00:00,6.3,28.48
2016-08-01 17:00:00,5.1,32.05
2016-08-01 18:00:00,3.4,35.97
2016-08-01 19:00:00,2.3,37.15
2016-08-01 20:00:00,1.0,38.33
2016-08-01 21:00:00,1.0,36.95
2016-08-01 22:00:00,1.2,35.99
2016-08-01 23:00:00,1.3,31.63
2016-08-02 00:00:00,1.4,27.56
2016-08-02 01:00:00,1.2,25.79
2016-08-02 02:00:00,1.3,25.35
2016-08-02 03:00:00,0.9,24.7
2016-08-02 04:00:00,0.7,24.27
2016-08-02 05:00:00,0.9,25.9
2016-08-02 06:00:00,1.3,30.43
2016-08-02 07:00:00,1.1,34.87
2016-08-02 08:00:00,2.5,36.87
2016-08-02 09:00:00,2.5,36.92
2016-08-02 10:00:00,2.5,36.97
2016-08-02 11:00:00,2.5,38.09
2016-08-02 12:00:00,2.1,37.83
2016-08-02 13:00:00,1.9,36.85
2016-08-02 14:00:00,2.6,35.98
2016-08-02 15:00:00,3.6,35.73
2016-08-02 16:00:00,3.4,34.92
2016-08-02 17:00:00,2.0,35.94
2016-08-02 18:00:00,3.1,35.92
2016-08-02 19:00:00,1.6,34.95
2016-08-02 20:00:00,1.7,32.83
2016-08-02 21:00:00,1.2,32.4
2016-08-02 22:00:00,1.5,31.19
2016-08-02 23:00:00,1.4,28.98
2016-08-03 00:00:00,1.8,26.03
2016-08-03 01:00:00,1.5,24.53
2016-08-03 02:00:00,1.8,23.74
2016-08-03 03:00:00,1.6,22.69
2016-08-03 04:00:00,1.8,22.48
2016-08-03 05:00:00,1.8,23.66
2016-08-03 06:00:00,2.2,27.06
2016-08-03 07:00:00,2.2,31.82
2016-08-03 08:00:00,2.9,33.95
2016-08-03 09:00:00,3.3,34.97
2016-08-03 10:00:00,3.1,35.02
2016-08-03 11:00:00,2.7,34.95
2016-08-03 12:00:00,3.5,33.57
2016-08-03 13:00:00,3.6,30.04
2016-08-03 14:00:00,4.2,28.13
2016-08-03 15:00:00,3.5,28.38
2016-08-03 16:00:00,2.9,28.45
2016-08-03 17:00:00,2.1,29.95
2016-08-03 18:00:00,1.8,32.52
2016-08-03 19:00:00,2.3,33.0
2016-08-03 20:00:00,3.0,31.25
2016-08-03 21:00:00,4.3,30.33
2016-08-03 22:00:00,2.6,28.99
2016-08-03 23:00:00,2.5,26.91
2016-08-04 00:00:00,1.7,23.55
2016-08-04 01:00:00,1.7,22.43
2016-08-04 02:00:00,1.0,20.05
2016-08-04 03:00:00,1.4,19.42
2016-08-04 04:00:00,1.9,19.83
2016-08-04 05:00:00,2.2,22.42
2016-08-04 06:00:00,1.8,25.49
2016-08-04 07:00:00,1.9,30.01
2016-08-04 08:00:00,2.3,33.05
2016-08-04 09:00:00,4.1,32.03
2016-08-04 10:00:00,4.7,29.01
2016-08-04 11:00:00,5.7,27.98
2016-08-04 12:00:00,5.3,25.45
2016-08-04 13:00:00,5.6,23.58
2016-08-04 14:00:00,4.9,23.97
2016-08-04 15:00:00,5.0,27.02
2016-08-04 16:00:00,3.0,29.29
2016-08-04 17:00:00,2.0,32.98
2016-08-04 18:00:00,1.9,34.58
2016-08-04 19:00:00,4.9,34.9
2016-08-04 20:00:00,1.5,34.58
2016-08-04 21:00:00,1.5,34.46
2016-08-04 22:00:00,1.1,33.91
2016-08-04 23:00:00,0.9,29.37
2016-08-05 00:00:00,0.5,28.13
2016-08-05 01:00:00,2.2,26.83
2016-08-05 02:00:00,2.4,25.12
2016-08-05 03:00:00,4.6,23.95
2016-08-05 04:00:00,5.0,24.07
2016-08-05 05:00:00,3.6,26.24
2016-08-05 06:00:00,2.6,30.45
2016-08-05 07:00:00,3.0,34.01
2016-08-05 08:00:00,3.8,37.19
2016-08-05 09:00:00,3.5,38.69
2016-08-05 10:00:00,4.2,38.54
2016-08-05 11:00:00,4.3,38.0
2016-08-05 12:00:00,3.4,36.0
2016-08-05 13:00:00,3.0,33.96
2016-08-05 14:00:00,2.7,31.39
2016-08-05 15:00:00,1.6,28.23
2016-08-05 16:00:00,1.7,28.46
2016-08-05 17:00:00,1.2,31.29
2016-08-05 18:00:00,1.3,33.89
2016-08-05 19:00:00,1.5,34.4
2016-08-05 20:00:00,1.2,34.15
2016-08-05 21:00:00,1.5,33.02
2016-08-05 22:00:00,1.2,32.3
2016-08-05 23:00:00,1.3,28.84
2016-08-06 00:00:00,1.7,29.58
2016-08-06 01:00:00,2.0,26.68
2016-08-06 02:00:00,2.8,25.34
2016-08-06 03:00:00,2.6,23.77
2016-08-06 04:00:00,2.6,22.4
2016-08-06 05:00:00,2.0,22.01
2016-08-06 06:00:00,2.9,22.97
2016-08-06 07:00:00,4.5,25.02
2016-08-06 08:00:00,3.8,26.36
2016-08-06 09:00:00,3.5,26.47
2016-08-06 10:00:00,3.8,24.94
2016-08-06 11:00:00,4.6,23.71
2016-08-06 12:00:00,5.1,22.07
2016-08-06 13:00:00,6.0,19.81
2016-08-06 14:00:00,5.9,18.38
2016-08-06 15:00:00,6.0,17.83
2016-08-06 16:00:00,5.3,17.18
2016-08-06 17:00:00,5.6,22.03
2016-08-06 18:00:00,3.3,26.32
2016-08-06 19:00:00,1.6,28.96
2016-08-06 20:00:00,1.3,28.92
2016-08-06 21:00:00,2.0,30.32
2016-08-06 22:00:00,2.0,30.44
2016-08-06 23:00:00,2.1,28.12
2016-08-07 00:00:00,2.5,24.6
2016-08-07 01:00:00,2.4,20.05
2016-08-07 02:00:00,2.1,17.99
2016-08-07 03:00:00,1.8,12.86
2016-08-07 04:00:00,2.2,12.38
2016-08-07 05:00:00,1.4,12.35
2016-08-07 06:00:00,2.9,12.51
2016-08-07 07:00:00,3.5,11.93
2016-08-07 08:00:00,4.7,12.25
2016-08-07 09:00:00,4.8,12.79
2016-08-07 10:00:00,5.6,9.95
2016-08-07 11:00:00,5.8,8.83
2016-08-07 12:00:00,5.3,5.93
2016-08-07 13:00:00,5.6,0.02
2016-08-07 14:00:00,4.7,0.04
2016-08-07 15:00:00,4.3,2.35
2016-08-07 16:00:00,4.2,5.67
2016-08-07 17:00:00,3.3,12.84
2016-08-07 18:00:00,1.3,24.7
2016-08-07 19:00:00,0.9,27.77
2016-08-07 20:00:00,1.1,30.48
2016-08-07 21:00:00,1.0,32.37
2016-08-07 22:00:00,1.3,32.65
2016-08-07 23:00:00,1.6,26.33
2016-08-08 00:00:00,1.6,20.62
2016-08-08 01:00:00,1.4,16.44
2016-08-08 02:00:00,1.5,12.91
2016-08-08 03:00:00,1.6,8.16
2016-08-08 04:00:00,1.4,8.12
2016-08-08 05:00:00,1.4,8.94
2016-08-08 06:00:00,2.2,17.85
2016-08-08 07:00:00,3.5,23.71
2016-08-08 08:00:00,3.8,26.29
2016-08-08 09:00:00,4.6,24.02
2016-08-08 10:00:00,5.8,20.26
2016-08-08 11:00:00,5.7,18.73
2016-08-08 12:00:00,5.8,14.28
2016-08-08 13:00:00,5.5,13.41
2016-08-08 14:00:00,5.0,12.89
2016-08-08 15:00:00,5.3,17.92
2016-08-08 16:00:00,5.7,20.82
2016-08-08 17:00:00,5.4,26.52
2016-08-08 18:00:00,3.2,31.29
2016-08-08 19:00:00,3.0,34.39
2016-08-08 20:00:00,5.8,33.23
2016-08-08 21:00:00,3.4,34.0
2016-08-08 22:00:00,3.0,33.93
2016-08-08 23:00:00,2.4,31.75
2016-08-09 00:00:00,3.2,23.88
2016-08-09 01:00:00,3.3,23.06
2016-08-09 02:00:00,2.7,22.6
2016-08-09 03:00:00,2.4,20.32
2016-08-09 04:00:00,2.0,19.94
2016-08-09 05:00:00,2.2,22.97
2016-08-09 06:00:00,2.2,28.33
2016-08-09 07:00:00,2.0,32.86
2016-08-09 08:00:00,2.2,34.83
2016-08-09 09:00:00,2.2,35.03
2016-08-09 10:00:00,2.7,34.6
2016-08-09 11:00:00,3.6,34.26
2016-08-09 12:00:00,1.9,33.6
2016-08-09 13:00:00,2.1,32.78
2016-08-09 14:00:00,3.7,30.22
2016-08-09 15:00:00,3.5,27.84
2016-08-09 16:00:00,3.5,25.97
2016-08-09 17:00:00,2.7,28.12
2016-08-09 18:00:00,2.1,30.35
2016-08-09 19:00:00,1.8,32.02
2016-08-09 20:00:00,1.2,30.91
2016-08-09 21:00:00,1.4,30.47
2016-08-09 22:00:00,1.2,29.1
2016-08-09 23:00:00,1.9,26.45
2016-08-10 00:00:00,1.1,23.35
2016-08-10 01:00:00,1.8,23.11
2016-08-10 02:00:00,2.6,22.0
2016-08-10 03:00:00,1.1,19.99
2016-08-10 04:00:00,1.9,20.19
2016-08-10 05:00:00,1.0,23.18
2016-08-10 06:00:00,1.3,27.59
2016-08-10 07:00:00,1.8,32.21
2016-08-10 08:00:00,2.1,33.95
2016-08-10 09:00:00,2.8,33.5
2016-08-10 10:00:00,2.9,32.01
2016-08-10 11:00:00,2.4,31.87
2016-08-10 12:00:00,2.1,29.66
2016-08-10 13:00:00,1.8,26.91
2016-08-10 14:00:00,2.5,25.43
2016-08-10 15:00:00,2.4,24.51
2016-08-10 16:00:00,3.0,24.31
2016-08-10 17:00:00,3.9,27.33
2016-08-10 18:00:00,1.4,31.48
2016-08-10 19:00:00,2.7,33.68
2016-08-10 20:00:00,2.0,33.72
2016-08-10 21:00:00,2.3,33.93
2016-08-10 22:00:00,2.6,32.93
2016-08-10 23:00:00,1.9,28.65
2016-08-11 00:00:00,1.6,24.23
2016-08-11 01:00:00,2.1,23.01
2016-08-11 02:00:00,2.1,22.72
2016-08-11 03:00:00,2.1,20.49
2016-08-11 04:00:00,2.6,21.48
2016-08-11 05:00:00,2.3,22.77
2016-08-11 06:00:00,2.8,27.97
2016-08-11 07:00:00,3.6,34.09
2016-08-11 08:00:00,3.4,35.67
2016-08-11 09:00:00,4.4,33.07
2016-08-11 10:00:00,4.0,30.86
2016-08-11 11:00:00,4.6,30.48
2016-08-11 12:00:00,5.1,28.57
2016-08-11 13:00:00,4.9,27.17
2016-08-11 14:00:00,6.1,24.99
2016-08-11 15:00:00,5.3,25.62
2016-08-11 16:00:00,5.4,25.69
2016-08-11 17:00:00,4.5,31.4
2016-08-11 18:00:00,1.9,34.37
2016-08-11 19:00:00,1.9,34.95
2016-08-11 20:00:00,1.3,35.11
2016-08-11 21:00:00,1.2,34.82
2016-08-11 22:00:00,1.3,33.87
2016-08-11 23:00:00,1.3,28.82
2016-08-12 00:00:00,1.3,24.07
2016-08-12 01:00:00,1.6,22.97
2016-08-12 02:00:00,1.4,21.05
2016-08-12 03:00:00,1.7,19.9
2016-08-12 04:00:00,1.6,20.05
2016-08-12 05:00:00,1.9,22.98
2016-08-12 06:00:00,2.4,27.93
2016-08-12 07:00:00,3.5,32.55
2016-08-12 08:00:00,4.6,33.8
2016-08-12 09:00:00,4.1,34.04
2016-08-12 10:00:00,4.4,34.91
2016-08-12 11:00:00,4.1,35.25
2016-08-12 12:00:00,4.5,34.95
2016-08-12 13:00:00,4.5,32.1
2016-08-12 14:00:00,4.0,29.5
2016-08-12 15:00:00,3.5,27.12
2016-08-12 16:00:00,2.7,24.2
2016-08-12 17:00:00,2.1,26.9
2016-08-12 18:00:00,2.2,28.09
2016-08-12 19:00:00,2.9,29.06
2016-08-12 20:00:00,2.1,29.13
2016-08-12 21:00:00,2.5,28.99
2016-08-12 22:00:00,3.0,28.34
2016-08-12 23:00:00,3.4,24.7
2016-08-13 00:00:00,3.3,21.7
2016-08-13 01:00:00,3.4,19.97
2016-08-13 02:00:00,3.1,18.09
2016-08-13 03:00:00,2.3,16.89
2016-08-13 04:00:00,2.2,16.1
2016-08-13 05:00:00,1.5,14.46
2016-08-13 06:00:00,2.6,16.08
2016-08-13 07:00:00,4.5,18.05
2016-08-13 08:00:00,4.2,20.06
2016-08-13 09:00:00,4.4,20.06
2016-08-13 10:00:00,4.3,18.06
2016-08-13 11:00:00,4.9,15.85
2016-08-13 12:00:00,5.7,13.64
2016-08-13 13:00:00,6.4,9.07
2016-08-13 14:00:00,6.3,9.11
2016-08-13 15:00:00,6.2,10.54
2016-08-13 16:00:00,5.1,12.52
2016-08-13 17:00:00,4.5,18.77
2016-08-13 18:00:00,2.9,24.72
2016-08-13 19:00:00,2.2,26.88
2016-08-13 20:00:00,3.0,27.7
2016-08-13 21:00:00,2.8,29.08
2016-08-13 22:00:00,1.7,28.31
2016-08-13 23:00:00,2.1,25.73
2016-08-14 00:00:00,2.4,23.44
2016-08-14 01:00:00,2.1,21.18
2016-08-14 02:00:00,2.3,19.61
2016-08-14 03:00:00,2.0,19.03
2016-08-14 04:00:00,1.4,18.05
2016-08-14 05:00:00,1.5,18.08
2016-08-14 06:00:00,2.5,18.06
2016-08-14 07:00:00,2.5,19.14
2016-08-14 08:00:00,3.3,19.9
2016-08-14 09:00:00,3.5,18.99
2016-08-14 10:00:00,3.5,19.74
2016-08-14 11:00:00,4.5,20.46
2016-08-14 12:00:00,4.1,19.1
2016-08-14 13:00:00,4.2,17.41
2016-08-14 14:00:00,4.4,15.99
2016-08-14 15:00:00,4.8,16.57
2016-08-14 16:00:00,4.9,16.89
2016-08-14 17:00:00,3.6,20.13
2016-08-14 18:00:00,1.9,26.75
2016-08-14 19:00:00,1.1,29.57
2016-08-14 20:00:00,0.6,31.56
2016-08-14 21:00:00,0.7,32.3
2016-08-14 22:00:00,0.4,31.56
2016-08-14 23:00:00,0.7,28.5
2016-08-15 00:00:00,1.0,25.15
2016-08-15 01:00:00,0.8,22.94
2016-08-15 02:00:00,0.6,21.61
2016-08-15 03:00:00,0.8,21.01
2016-08-15 04:00:00,0.8,21.5
2016-08-15 05:00:00,0.9,23.29
2016-08-15 06:00:00,1.5,27.21
2016-08-15 07:00:00,2.3,30.82
2016-08-15 08:00:00,2.0,32.0
2016-08-15 09:00:00,1.4,30.59
2016-08-15 10:00:00,3.1,28.65
2016-08-15 11:00:00,3.0,28.32
2016-08-15 12:00:00,3.7,27.02
2016-08-15 13:00:00,3.8,25.0
2016-08-15 14:00:00,4.0,23.9
2016-08-15 15:00:00,3.8,24.1
2016-08-15 16:00:00,3.5,25.54
2016-08-15 17:00:00,3.2,30.62
2016-08-15 18:00:00,2.7,33.98
2016-08-15 19:00:00,1.3,35.88
2016-08-15 20:00:00,0.8,34.32
2016-08-15 21:00:00,1.1,34.47
2016-08-15 22:00:00,1.3,33.22
2016-08-15 23:00:00,1.2,30.42
2016-08-16 00:00:00,1.1,26.26
2016-08-16 01:00:00,1.1,23.99
2016-08-16 02:00:00,1.0,22.94
2016-08-16 03:00:00,1.2,22.03
2016-08-16 04:00:00,0.5,22.1
2016-08-16 05:00:00,1.0,24.1
2016-08-16 06:00:00,1.4,28.71
2016-08-16 07:00:00,1.6,33.63
2016-08-16 08:00:00,1.5,34.14
2016-08-16 09:00:00,2.7,33.9
2016-08-16 10:00:00,3.3,31.73
2016-08-16 11:00:00,2.8,30.13
2016-08-16 12:00:00,2.5,29.09
2016-08-16 13:00:00,2.2,28.93
2016-08-16 14:00:00,2.5,28.94
2016-08-16 15:00:00,1.8,29.29
2016-08-16 16:00:00,1.8,30.58
2016-08-16 17:00:00,1.5,33.12
2016-08-16 18:00:00,1.6,34.33
2016-08-16 19:00:00,1.5,35.79
2016-08-16 20:00:00,3.2,34.81
2016-08-16 21:00:00,4.3,34.36
2016-08-16 22:00:00,2.2,31.25
2016-08-16 23:00:00,1.1,27.74
2016-08-17 00:00:00,1.7,25.03
2016-08-17 01:00:00,1.8,24.01
2016-08-17 02:00:00,1.2,23.51
2016-08-17 03:00:00,1.5,21.9
2016-08-17 04:00:00,1.9,22.56
2016-08-17 05:00:00,1.9,25.05
2016-08-17 06:00:00,1.7,29.74
2016-08-17 07:00:00,1.9,34.75
2016-08-17 08:00:00,1.3,36.1
2016-08-17 09:00:00,2.0,33.0
2016-08-17 10:00:00,1.8,28.54
2016-08-17 11:00:00,2.6,28.03
2016-08-17 12:00:00,2.0,27.79
2016-08-17 13:00:00,1.7,27.72
2016-08-17 14:00:00,1.7,27.05
2016-08-17 15:00:00,1.8,28.41
2016-08-17 16:00:00,2.4,30.47
2016-08-17 17:00:00,1.6,35.08
2016-08-17 18:00:00,0.9,35.67
2016-08-17 19:00:00,0.8,37.07
2016-08-17 20:00:00,0.6,36.45
2016-08-17 21:00:00,0.6,35.48
2016-08-17 22:00:00,1.0,32.42
2016-08-17 23:00:00,1.2,28.82
2016-08-18 00:00:00,1.0,25.16
2016-08-18 01:00:00,1.0,24.12
2016-08-18 02:00:00,1.2,23.34
2016-08-18 03:00:00,1.1,21.83
2016-08-18 04:00:00,0.5,22.49
2016-08-18 05:00:00,0.7,25.05
2016-08-18 06:00:00,0.8,30.26
2016-08-18 07:00:00,1.7,33.79
2016-08-18 08:00:00,2.1,35.67
2016-08-18 09:00:00,2.2,35.33
2016-08-18 10:00:00,1.9,33.38
2016-08-18 11:00:00,2.0,30.84
2016-08-18 12:00:00,2.4,29.15
2016-08-18 13:00:00,2.0,29.44
2016-08-18 14:00:00,1.7,29.08
2016-08-18 15:00:00,2.1,29.51
2016-08-18 16:00:00,2.6,32.78
2016-08-18 17:00:00,1.7,35.01
2016-08-18 18:00:00,1.1,36.05
2016-08-18 19:00:00,1.2,37.34
2016-08-18 20:00:00,1.2,36.85
2016-08-18 21:00:00,1.0,36.01
2016-08-18 22:00:00,0.6,32.74
2016-08-18 23:00:00,0.9,28.92
2016-08-19 00:00:00,0.5,27.71
2016-08-19 01:00:00,0.8,26.62
2016-08-19 02:00:00,0.7,25.0
2016-08-19 03:00:00,0.8,23.91
2016-08-19 04:00:00,0.7,24.96
2016-08-19 05:00:00,0.4,26.08
2016-08-19 06:00:00,0.4,32.25
2016-08-19 07:00:00,0.5,36.25
2016-08-19 08:00:00,0.8,37.27
2016-08-19 09:00:00,1.3,36.45
2016-08-19 10:00:00,1.4,34.48
2016-08-19 11:00:00,1.8,31.56
2016-08-19 12:00:00,2.5,26.95
2016-08-19 13:00:00,2.1,26.01
2016-08-19 14:00:00,3.1,25.78
2016-08-19 15:00:00,1.9,27.48
2016-08-19 16:00:00,2.1,31.76
2016-08-19 17:00:00,1.6,34.09
2016-08-19 18:00:00,1.4,36.09
2016-08-19 19:00:00,1.7,36.46
2016-08-19 20:00:00,2.0,34.99
2016-08-19 21:00:00,1.4,34.32
2016-08-19 22:00:00,1.4,32.22
2016-08-19 23:00:00,1.7,28.87
2016-08-20 00:00:00,1.9,26.54
2016-08-20 01:00:00,1.9,25.04
2016-08-20 02:00:00,1.7,23.31
2016-08-20 03:00:00,2.3,22.81
2016-08-20 04:00:00,1.8,22.32
2016-08-20 05:00:00,1.6,22.02
2016-08-20 06:00:00,1.3,22.44
2016-08-20 07:00:00,1.0,23.08
2016-08-20 08:00:00,3.1,26.94
2016-08-20 09:00:00,2.1,29.03
2016-08-20 10:00:00,2.8,25.79
2016-08-20 11:00:00,2.9,24.22
2016-08-20 12:00:00,2.2,23.12
2016-08-20 13:00:00,2.7,22.09
2016-08-20 14:00:00,3.6,21.71
2016-08-20 15:00:00,2.9,22.0
2016-08-20 16:00:00,1.7,20.95
2016-08-20 17:00:00,1.4,22.73
2016-08-20 18:00:00,1.2,26.99
2016-08-20 19:00:00,1.4,29.34
2016-08-20 20:00:00,4.3,30.0
2016-08-20 21:00:00,2.5,30.38
2016-08-20 22:00:00,2.0,29.11
2016-08-20 23:00:00,3.4,25.03
2016-08-21 00:00:00,2.6,18.51
2016-08-21 01:00:00,0.6,15.01
2016-08-21 02:00:00,1.1,12.13
2016-08-21 03:00:00,0.9,9.72
2016-08-21 04:00:00,1.1,9.83
2016-08-21 05:00:00,1.4,9.74
2016-08-21 06:00:00,1.5,9.62
2016-08-21 07:00:00,2.4,9.13
2016-08-21 08:00:00,3.7,11.34
2016-08-21 09:00:00,3.9,11.55
2016-08-21 10:00:00,3.5,11.59
2016-08-21 11:00:00,3.8,11.6
2016-08-21 12:00:00,2.7,11.45
2016-08-21 13:00:00,3.2,9.09
2016-08-21 14:00:00,1.9,7.19
2016-08-21 15:00:00,1.7,7.88
2016-08-21 16:00:00,3.3,8.94
2016-08-21 17:00:00,2.7,10.86
2016-08-21 18:00:00,4.6,22.04
2016-08-21 19:00:00,3.1,28.13
2016-08-21 20:00:00,2.3,30.74
2016-08-21 21:00:00,3.7,31.9
2016-08-21 22:00:00,3.3,30.59
2016-08-21 23:00:00,2.3,23.54
2016-08-22 00:00:00,1.9,20.68
2016-08-22 01:00:00,3.5,19.04
2016-08-22 02:00:00,4.1,18.78
2016-08-22 03:00:00,3.4,17.5
2016-08-22 04:00:00,2.5,18.07
2016-08-22 05:00:00,2.0,20.81
2016-08-22 06:00:00,2.0,26.82
2016-08-22 07:00:00,3.6,31.42
2016-08-22 08:00:00,4.1,34.41
2016-08-22 09:00:00,3.6,35.0
2016-08-22 10:00:00,3.5,31.66
2016-08-22 11:00:00,3.7,29.06
2016-08-22 12:00:00,4.3,27.25
2016-08-22 13:00:00,3.6,27.19
2016-08-22 14:00:00,2.2,27.3
2016-08-22 15:00:00,1.6,27.81
2016-08-22 16:00:00,2.4,28.49
2016-08-22 17:00:00,1.3,32.9
2016-08-22 18:00:00,1.1,36.59
2016-08-22 19:00:00,1.3,37.71
2016-08-22 20:00:00,1.5,37.64
2016-08-22 21:00:00,1.5,35.02
2016-08-22 22:00:00,1.5,30.99
2016-08-22 23:00:00,1.4,27.92
2016-08-23 00:00:00,1.8,23.68
2016-08-23 01:00:00,1.9,22.35
2016-08-23 02:00:00,3.0,21.62
2016-08-23 03:00:00,3.6,20.29
2016-08-23 04:00:00,3.0,22.01
2016-08-23 05:00:00,3.2,23.52
2016-08-23 06:00:00,2.4,30.56
2016-08-23 07:00:00,2.9,35.24
2016-08-23 08:00:00,4.0,37.31
2016-08-23 09:00:00,4.7,37.95
2016-08-23 10:00:00,4.5,34.94
2016-08-23 11:00:00,5.1,32.36
2016-08-23 12:00:00,4.5,28.78
2016-08-23 13:00:00,3.8,28.07
2016-08-23 14:00:00,3.8,27.95
2016-08-23 15:00:00,2.9,30.2
2016-08-23 16:00:00,3.2,34.63
2016-08-23 17:00:00,3.2,37.96
2016-08-23 18:00:00,2.3,40.2
2016-08-23 19:00:00,1.2,41.6
2016-08-23 20:00:00,0.5,42.0
2016-08-23 21:00:00,0.5,38.92
2016-08-23 22:00:00,0.4,33.38
2016-08-23 23:00:00,0.5,27.57
2016-08-24 00:00:00,0.4,26.19
2016-08-24 01:00:00,0.5,23.9
2016-08-24 02:00:00,0.6,22.82
2016-08-24 03:00:00,0.5,22.24
2016-08-24 04:00:00,0.6,22.25
2016-08-24 05:00:00,0.9,24.23
2016-08-24 06:00:00,0.6,30.85
2016-08-24 07:00:00,1.7,34.9
2016-08-24 08:00:00,2.8,36.02
2016-08-24 09:00:00,2.8,34.93
2016-08-24 10:00:00,2.6,29.96
2016-08-24 11:00:00,3.2,27.56
2016-08-24 12:00:00,3.3,26.83
2016-08-24 13:00:00,3.3,26.24
2016-08-24 14:00:00,3.1,26.0
2016-08-24 15:00:00,3.2,30.48
2016-08-24 16:00:00,3.2,32.97
2016-08-24 17:00:00,2.9,34.95
2016-08-24 18:00:00,2.5,37.69
2016-08-24 19:00:00,2.3,38.44
2016-08-24 20:00:00,2.0,37.99
2016-08-24 21:00:00,2.2,34.01
2016-08-24 22:00:00,2.5,28.61
2016-08-24 23:00:00,2.3,24.49
2016-08-25 00:00:00,2.0,21.96
2016-08-25 01:00:00,2.2,21.86
2016-08-25 02:00:00,2.0,20.97
2016-08-25 03:00:00,1.8,21.16
2016-08-25 04:00:00,2.1,21.45
2016-08-25 05:00:00,1.9,23.3
2016-08-25 06:00:00,1.8,30.33
2016-08-25 07:00:00,2.4,34.2
2016-08-25 08:00:00,2.6,35.7
2016-08-25 09:00:00,2.6,34.91
2016-08-25 10:00:00,2.8,29.26
2016-08-25 11:00:00,3.3,27.78
2016-08-25 12:00:00,3.3,26.81
2016-08-25 13:00:00,3.9,25.42
2016-08-25 14:00:00,3.6,24.98
2016-08-25 15:00:00,3.6,27.26
2016-08-25 16:00:00,3.9,30.17
2016-08-25 17:00:00,3.7,34.0
2016-08-25 18:00:00,3.3,36.65
2016-08-25 19:00:00,3.0,38.78
2016-08-25 20:00:00,2.6,37.96
2016-08-25 21:00:00,2.5,34.16
2016-08-25 22:00:00,2.3,27.98
2016-08-25 23:00:00,1.5,24.26
2016-08-26 00:00:00,2.0,22.1
2016-08-26 01:00:00,2.9,20.34
2016-08-26 02:00:00,2.0,20.31
2016-08-26 03:00:00,1.9,20.23
2016-08-26 04:00:00,1.9,21.25
2016-08-26 05:00:00,2.2,23.1
2016-08-26 06:00:00,1.7,29.0
2016-08-26 07:00:00,2.0,34.47
2016-08-26 08:00:00,4.2,35.9
2016-08-26 09:00:00,3.4,34.92
2016-08-26 10:00:00,3.6,32.55
2016-08-26 11:00:00,3.9,28.87
2016-08-26 12:00:00,3.7,26.67
2016-08-26 13:00:00,3.8,25.13
2016-08-26 14:00:00,3.7,24.49
2016-08-26 15:00:00,3.5,26.68
2016-08-26 16:00:00,3.4,29.73
2016-08-26 17:00:00,2.9,34.92
2016-08-26 18:00:00,2.0,38.45
2016-08-26 19:00:00,1.6,41.99
2016-08-26 20:00:00,1.8,39.01
2016-08-26 21:00:00,1.8,37.06
2016-08-26 22:00:00,1.9,32.09
2016-08-26 23:00:00,2.1,27.22
2016-08-27 00:00:00,2.0,25.93
2016-08-27 01:00:00,2.1,24.05
2016-08-27 02:00:00,2.0,23.0
2016-08-27 03:00:00,1.6,23.07
2016-08-27 04:00:00,0.8,23.28
2016-08-27 05:00:00,1.1,23.18
2016-08-27 06:00:00,1.2,25.28
2016-08-27 07:00:00,1.1,26.84
2016-08-27 08:00:00,2.1,29.5
2016-08-27 09:00:00,1.9,29.56
2016-08-27 10:00:00,2.3,25.14
2016-08-27 11:00:00,2.3,23.02
2016-08-27 12:00:00,2.0,21.93
2016-08-27 13:00:00,2.4,20.03
2016-08-27 14:00:00,2.1,19.96
2016-08-27 15:00:00,1.8,20.76
2016-08-27 16:00:00,1.7,23.03
2016-08-27 17:00:00,2.6,28.41
2016-08-27 18:00:00,2.0,34.94
2016-08-27 19:00:00,1.1,35.36
2016-08-27 20:00:00,0.4,34.95
2016-08-27 21:00:00,1.3,33.61
2016-08-27 22:00:00,0.8,29.92
2016-08-27 23:00:00,0.9,24.73
2016-08-28 00:00:00,1.5,23.14
2016-08-28 01:00:00,0.9,20.98
2016-08-28 02:00:00,1.5,21.01
2016-08-28 03:00:00,1.9,21.29
2016-08-28 04:00:00,1.8,19.85
2016-08-28 05:00:00,1.7,19.83
2016-08-28 06:00:00,1.2,20.48
2016-08-28 07:00:00,2.7,20.18
2016-08-28 08:00:00,3.3,22.07
2016-08-28 09:00:00,3.5,23.19
2016-08-28 10:00:00,3.4,20.07
2016-08-28 11:00:00,3.2,20.09
2016-08-28 12:00:00,3.5,13.38
2016-08-28 13:00:00,3.4,10.05
2016-08-28 14:00:00,3.3,8.99
2016-08-28 15:00:00,2.9,13.51
2016-08-28 16:00:00,3.1,18.15
2016-08-28 17:00:00,3.1,22.26
2016-08-28 18:00:00,2.1,29.01
2016-08-28 19:00:00,2.6,32.95
2016-08-28 20:00:00,2.1,33.92
2016-08-28 21:00:00,2.4,33.25
2016-08-28 22:00:00,5.5,29.97
2016-08-28 23:00:00,2.2,23.3
2016-08-29 00:00:00,1.8,22.16
2016-08-29 01:00:00,3.1,23.02
2016-08-29 02:00:00,4.0,22.09
2016-08-29 03:00:00,3.8,22.09
2016-08-29 04:00:00,3.0,22.61
2016-08-29 05:00:00,1.6,24.52
2016-08-29 06:00:00,2.3,34.95
2016-08-29 07:00:00,2.8,40.26
2016-08-29 08:00:00,5.1,41.69
2016-08-29 09:00:00,7.4,35.32
2016-08-29 10:00:00,7.7,30.98
2016-08-29 11:00:00,8.1,28.96
2016-08-29 12:00:00,7.2,26.33
2016-08-29 13:00:00,7.2,24.95
2016-08-29 14:00:00,8.4,22.98
2016-08-29 15:00:00,8.0,23.02
2016-08-29 16:00:00,7.3,22.99
2016-08-29 17:00:00,6.9,30.0
2016-08-29 18:00:00,5.2,34.01
2016-08-29 19:00:00,4.6,36.64
2016-08-29 20:00:00,2.3,37.55
2016-08-29 21:00:00,1.4,34.09
2016-08-29 22:00:00,2.1,29.29
2016-08-29 23:00:00,1.6,24.19
2016-08-30 00:00:00,2.3,24.85
2016-08-30 01:00:00,3.4,24.15
2016-08-30 02:00:00,3.3,23.74
2016-08-30 03:00:00,2.8,23.35
2016-08-30 04:00:00,2.0,22.74
2016-08-30 05:00:00,2.1,24.14
2016-08-30 06:00:00,2.2,32.65
2016-08-30 07:00:00,3.2,40.59
2016-08-30 08:00:00,4.1,43.82
2016-08-30 09:00:00,3.9,38.03
2016-08-30 10:00:00,4.4,32.0
2016-08-30 11:00:00,3.1,30.06
2016-08-30 12:00:00,3.8,27.07
2016-08-30 13:00:00,3.5,26.97
2016-08-30 14:00:00,2.9,26.86
2016-08-30 15:00:00,2.8,28.96
2016-08-30 16:00:00,2.3,33.33
2016-08-30 17:00:00,1.8,37.77
2016-08-30 18:00:00,1.7,40.6
2016-08-30 19:00:00,1.2,43.71
2016-08-30 20:00:00,0.4,44.83
2016-08-30 21:00:00,0.3,40.83
2016-08-30 22:00:00,1.0,32.96
2016-08-30 23:00:00,0.8,26.64
2016-08-31 00:00:00,0.9,25.6
2016-08-31 01:00:00,0.7,24.02
2016-08-31 02:00:00,0.4,23.48
2016-08-31 03:00:00,0.6,22.77
2016-08-31 04:00:00,0.4,22.79
2016-08-31 05:00:00,0.4,25.34
2016-08-31 06:00:00,0.7,32.98
2016-08-31 07:00:00,1.4,40.46
2016-08-31 08:00:00,1.4,42.04
2016-08-31 09:00:00,1.8,36.13
2016-08-31 10:00:00,2.6,29.59
2016-08-31 11:00:00,3.4,28.19
2016-08-31 12:00:00,3.6,26.78
2016-08-31 13:00:00,3.8,27.06
2016-08-31 14:00:00,3.5,26.91
2016-08-31 15:00:00,3.0,27.05
2016-08-31 16:00:00,3.1,30.79
2016-08-31 17:00:00,2.8,35.94
2016-08-31 18:00:00,2.0,38.96
2016-08-31 19:00:00,1.4,40.94
2016-08-31 20:00:00,1.3,39.61
2016-08-31 21:00:00,2.0,35.96
2016-08-31 22:00:00,1.6,28.38
2016-08-31 23:00:00,1.3,24.2
2016-09-01 00:00:00,1.1,24.34
2016-09-01 01:00:00,0.4,23.73
2016-09-01 02:00:00,0.3,23.37
2016-09-01 03:00:00,0.4,22.98
2016-09-01 04:00:00,0.6,23.59
2016-09-01 05:00:00,0.6,25.1
2016-09-01 06:00:00,0.5,32.95
2016-09-01 07:00:00,1.5,37.97
2016-09-01 08:00:00,3.0,41.08
2016-09-01 09:00:00,2.4,38.24
2016-09-01 10:00:00,3.0,34.92
2016-09-01 11:00:00,3.0,32.98
2016-09-01 12:00:00,2.6,29.93
2016-09-01 13:00:00,4.2,28.68
2016-09-01 14:00:00,4.0,27.87
2016-09-01 15:00:00,4.4,27.88
2016-09-01 16:00:00,4.5,28.96
2016-09-01 17:00:00,3.5,34.06
2016-09-01 18:00:00,1.0,36.82
2016-09-01 19:00:00,0.8,38.96
2016-09-01 20:00:00,0.4,40.44
2016-09-01 21:00:00,0.4,37.93
2016-09-01 22:00:00,0.9,30.43
2016-09-01 23:00:00,1.0,26.93
2016-09-02 00:00:00,0.6,25.64
2016-09-02 01:00:00,0.8,23.89
2016-09-02 02:00:00,1.1,23.76
2016-09-02 03:00:00,0.9,22.91
2016-09-02 04:00:00,1.1,23.1
2016-09-02 05:00:00,1.2,25.97
2016-09-02 06:00:00,1.4,33.08
2016-09-02 07:00:00,1.5,38.41
2016-09-02 08:00:00,2.2,40.5
2016-09-02 09:00:00,1.9,37.91
2016-09-02 10:00:00,1.7,32.84
2016-09-02 11:00:00,1.6,29.59
2016-09-02 12:00:00,2.1,26.81
2016-09-02 13:00:00,2.0,25.69
2016-09-02 14:00:00,2.6,25.85
2016-09-02 15:00:00,3.1,27.94
2016-09-02 16:00:00,2.6,29.17
2016-09-02 17:00:00,1.7,34.01
2016-09-02 18:00:00,0.8,37.56
2016-09-02 19:00:00,1.3,37.98
2016-09-02 20:00:00,1.1,38.79
2016-09-02 21:00:00,0.9,34.99
2016-09-02 22:00:00,1.0,29.09
2016-09-02 23:00:00,1.2,27.61
2016-09-03 00:00:00,0.7,31.41
2016-09-03 01:00:00,0.6,28.04
2016-09-03 02:00:00,0.7,25.37
2016-09-03 03:00:00,0.8,24.88
2016-09-03 04:00:00,1.0,24.02
2016-09-03 05:00:00,0.6,24.92
2016-09-03 06:00:00,1.3,25.65
2016-09-03 07:00:00,2.7,29.44
2016-09-03 08:00:00,3.6,31.55
2016-09-03 09:00:00,3.7,32.95
2016-09-03 10:00:00,3.4,30.35
2016-09-03 11:00:00,4.1,29.06
2016-09-03 12:00:00,4.2,27.16
2016-09-03 13:00:00,5.1,25.09
2016-09-03 14:00:00,4.2,25.11
2016-09-03 15:00:00,4.5,25.36
2016-09-03 16:00:00,4.5,26.85
2016-09-03 17:00:00,3.9,30.44
2016-09-03 18:00:00,2.7,34.27
2016-09-03 19:00:00,2.0,37.56
2016-09-03 20:00:00,1.9,38.56
2016-09-03 21:00:00,2.1,37.67
2016-09-03 22:00:00,2.1,33.01
2016-09-03 23:00:00,2.1,28.93
2016-09-04 00:00:00,1.7,27.7
2016-09-04 01:00:00,1.6,25.02
2016-09-04 02:00:00,1.7,23.09
2016-09-04 03:00:00,2.2,22.04
2016-09-04 04:00:00,2.1,20.81
2016-09-04 05:00:00,1.8,20.09
2016-09-04 06:00:00,2.3,20.03
2016-09-04 07:00:00,3.9,22.02
2016-09-04 08:00:00,4.5,22.38
2016-09-04 09:00:00,6.0,23.5
2016-09-04 10:00:00,6.1,23.58
2016-09-04 11:00:00,5.8,24.99
2016-09-04 12:00:00,6.0,24.85
2016-09-04 13:00:00,5.9,23.49
2016-09-04 14:00:00,3.3,20.79
2016-09-04 15:00:00,2.6,20.52
2016-09-04 16:00:00,3.1,21.26
2016-09-04 17:00:00,3.7,22.94
2016-09-04 18:00:00,1.9,26.94
2016-09-04 19:00:00,3.1,30.31
2016-09-04 20:00:00,3.9,33.83
2016-09-04 21:00:00,4.7,31.79
2016-09-04 22:00:00,5.7,29.53
2016-09-04 23:00:00,4.7,25.06
2016-09-05 00:00:00,4.2,23.18
2016-09-05 01:00:00,4.8,22.3
2016-09-05 02:00:00,3.7,22.42
2016-09-05 03:00:00,3.8,21.73
2016-09-05 04:00:00,4.1,22.96
2016-09-05 05:00:00,4.6,24.96
2016-09-05 06:00:00,5.3,33.6
2016-09-05 07:00:00,5.4,42.98
2016-09-05 08:00:00,4.7,44.42
2016-09-05 09:00:00,4.7,43.31
2016-09-05 10:00:00,5.0,44.97
2016-09-05 11:00:00,5.1,48.01
2016-09-05 12:00:00,4.7,45.98
2016-09-05 13:00:00,5.1,44.22
2016-09-05 14:00:00,4.7,42.58
2016-09-05 15:00:00,4.9,43.03
2016-09-05 16:00:00,4.0,41.9
2016-09-05 17:00:00,2.8,41.98
2016-09-05 18:00:00,2.0,39.92
2016-09-05 19:00:00,2.0,43.12
2016-09-05 20:00:00,1.6,44.08
2016-09-05 21:00:00,1.7,40.0
2016-09-05 22:00:00,1.4,32.96
2016-09-05 23:00:00,0.8,28.07
2016-09-06 00:00:00,0.6,27.68
2016-09-06 01:00:00,0.4,25.98
2016-09-06 02:00:00,0.8,24.84
2016-09-06 03:00:00,1.0,23.76
2016-09-06 04:00:00,0.9,23.92
2016-09-06 05:00:00,1.9,26.43
2016-09-06 06:00:00,2.3,34.37
2016-09-06 07:00:00,2.4,42.97
2016-09-06 08:00:00,1.8,44.63
2016-09-06 09:00:00,1.6,41.96
2016-09-06 10:00:00,2.0,35.9
2016-09-06 11:00:00,1.7,33.76
2016-09-06 12:00:00,2.1,28.48
2016-09-06 13:00:00,2.0,27.98
2016-09-06 14:00:00,2.2,28.59
2016-09-06 15:00:00,2.5,29.02
2016-09-06 16:00:00,1.8,31.46
2016-09-06 17:00:00,1.6,37.95
2016-09-06 18:00:00,1.0,42.01
2016-09-06 19:00:00,0.5,45.16
2016-09-06 20:00:00,0.4,43.92
2016-09-06 21:00:00,0.5,38.55
2016-09-06 22:00:00,0.5,28.0
2016-09-06 23:00:00,0.4,26.82
2016-09-07 00:00:00,1.0,24.8
2016-09-07 01:00:00,1.0,23.64
2016-09-07 02:00:00,0.8,23.32
2016-09-07 03:00:00,0.9,23.16
2016-09-07 04:00:00,0.5,23.18
2016-09-07 05:00:00,0.6,25.11
2016-09-07 06:00:00,0.6,32.42
2016-09-07 07:00:00,1.2,37.97
2016-09-07 08:00:00,1.5,38.13
2016-09-07 09:00:00,1.9,34.07
2016-09-07 10:00:00,2.2,29.95
2016-09-07 11:00:00,3.0,28.92
2016-09-07 12:00:00,3.4,26.92
2016-09-07 13:00:00,3.6,26.41
2016-09-07 14:00:00,3.2,27.25
2016-09-07 15:00:00,2.5,27.92
2016-09-07 16:00:00,2.6,28.93
2016-09-07 17:00:00,2.8,36.93
2016-09-07 18:00:00,2.0,40.7
2016-09-07 19:00:00,1.7,44.35
2016-09-07 20:00:00,1.8,41.9
2016-09-07 21:00:00,1.7,36.94
2016-09-07 22:00:00,1.0,28.85
2016-09-07 23:00:00,1.3,26.59
2016-09-08 00:00:00,1.1,25.59
2016-09-08 01:00:00,1.6,24.07
2016-09-08 02:00:00,1.9,23.5
2016-09-08 03:00:00,1.1,23.08
2016-09-08 04:00:00,1.5,23.1
2016-09-08 05:00:00,1.6,24.24
2016-09-08 06:00:00,1.6,31.91
2016-09-08 07:00:00,1.3,38.71
2016-09-08 08:00:00,2.0,39.62
2016-09-08 09:00:00,3.6,38.31
2016-09-08 10:00:00,4.4,32.92
2016-09-08 11:00:00,4.4,28.67
2016-09-08 12:00:00,4.4,27.48
2016-09-08 13:00:00,4.4,26.28
2016-09-08 14:00:00,3.8,26.85
2016-09-08 15:00:00,3.3,27.7
2016-09-08 16:00:00,2.8,29.51
2016-09-08 17:00:00,1.3,35.92
2016-09-08 18:00:00,0.8,40.41
2016-09-08 19:00:00,1.0,42.59
2016-09-08 20:00:00,0.8,41.3
2016-09-08 21:00:00,1.2,36.91
2016-09-08 22:00:00,1.7,28.65
2016-09-08 23:00:00,1.7,25.99
2016-09-09 00:00:00,1.5,25.08
2016-09-09 01:00:00,1.0,23.81
2016-09-09 02:00:00,1.0,23.49
2016-09-09 03:00:00,0.9,22.97
2016-09-09 04:00:00,0.6,23.26
2016-09-09 05:00:00,1.0,24.82
2016-09-09 06:00:00,1.0,33.77
2016-09-09 07:00:00,2.2,40.22
2016-09-09 08:00:00,4.2,41.94
2016-09-09 09:00:00,3.6,40.99
2016-09-09 10:00:00,3.6,36.88
2016-09-09 11:00:00,3.8,34.06
2016-09-09 12:00:00,4.0,31.8
2016-09-09 13:00:00,4.0,29.04
2016-09-09 14:00:00,3.7,27.86
2016-09-09 15:00:00,3.5,29.49
2016-09-09 16:00:00,3.0,30.29
2016-09-09 17:00:00,2.7,35.89
2016-09-09 18:00:00,1.1,39.77
2016-09-09 19:00:00,0.5,41.92
2016-09-09 20:00:00,0.5,41.42
2016-09-09 21:00:00,0.8,38.27
2016-09-09 22:00:00,0.8,30.73
2016-09-09 23:00:00,0.3,28.01
2016-09-10 00:00:00,0.4,33.02
2016-09-10 01:00:00,0.6,27.11
2016-09-10 02:00:00,0.6,27.42
2016-09-10 03:00:00,0.5,24.25
2016-09-10 04:00:00,0.4,23.75
2016-09-10 05:00:00,0.4,24.2
2016-09-10 06:00:00,0.4,25.51
2016-09-10 07:00:00,1.0,29.04
2016-09-10 08:00:00,2.1,29.75
2016-09-10 09:00:00,2.8,29.94
2016-09-10 10:00:00,3.0,25.22
2016-09-10 11:00:00,3.0,23.69
2016-09-10 12:00:00,3.1,23.08
2016-09-10 13:00:00,3.5,23.06
2016-09-10 14:00:00,3.1,23.06
2016-09-10 15:00:00,3.1,25.61
2016-09-10 16:00:00,3.0,28.65
2016-09-10 17:00:00,3.0,31.99
2016-09-10 18:00:00,2.2,34.05
2016-09-10 19:00:00,2.1,38.7
2016-09-10 20:00:00,2.2,38.98
2016-09-10 21:00:00,2.0,34.08
2016-09-10 22:00:00,2.5,30.65
2016-09-10 23:00:00,2.4,26.76
2016-09-11 00:00:00,2.8,24.05
2016-09-11 01:00:00,2.1,22.87
2016-09-11 02:00:00,1.8,22.51
2016-09-11 03:00:00,1.6,21.73
2016-09-11 04:00:00,1.0,21.1
2016-09-11 05:00:00,1.0,22.09
2016-09-11 06:00:00,0.9,22.94
2016-09-11 07:00:00,0.8,22.93
2016-09-11 08:00:00,1.6,24.07
2016-09-11 09:00:00,2.5,25.11
2016-09-11 10:00:00,3.1,24.96
2016-09-11 11:00:00,3.0,25.48
2016-09-11 12:00:00,2.2,25.16
2016-09-11 13:00:00,2.4,24.54
2016-09-11 14:00:00,2.2,23.48
2016-09-11 15:00:00,1.7,23.42
2016-09-11 16:00:00,1.7,24.01
2016-09-11 17:00:00,0.7,28.73
2016-09-11 18:00:00,0.7,36.36
2016-09-11 19:00:00,0.5,39.85
2016-09-11 20:00:00,0.4,42.57
2016-09-11 21:00:00,0.7,38.93
2016-09-11 22:00:00,0.8,35.94
2016-09-11 23:00:00,0.7,31.27
2016-09-12 00:00:00,0.6,24.06
2016-09-12 01:00:00,0.8,23.45
2016-09-12 02:00:00,0.8,22.88
2016-09-12 03:00:00,0.4,22.15
2016-09-12 04:00:00,0.5,22.75
2016-09-12 05:00:00,0.5,24.12
2016-09-12 06:00:00,0.6,36.69
2016-09-12 07:00:00,0.3,43.0
2016-09-12 08:00:00,0.8,42.53
2016-09-12 09:00:00,1.2,39.43
2016-09-12 10:00:00,1.2,33.5
2016-09-12 11:00:00,1.5,30.71
2016-09-12 12:00:00,2.3,30.16
2016-09-12 13:00:00,3.0,29.61
2016-09-12 14:00:00,1.7,31.15
2016-09-12 15:00:00,2.8,32.69
2016-09-12 16:00:00,2.9,36.66
2016-09-12 17:00:00,1.9,41.81
2016-09-12 18:00:00,2.1,42.97
2016-09-12 19:00:00,2.3,46.73
2016-09-12 20:00:00,2.0,42.83
2016-09-12 21:00:00,1.6,37.93
2016-09-12 22:00:00,0.9,30.65
2016-09-12 23:00:00,0.3,26.59
2016-09-13 00:00:00,0.5,26.64
2016-09-13 01:00:00,0.6,24.8
2016-09-13 02:00:00,0.4,24.01
2016-09-13 03:00:00,0.5,23.52
2016-09-13 04:00:00,0.5,23.55
2016-09-13 05:00:00,1.0,26.39
2016-09-13 06:00:00,1.0,37.48
2016-09-13 07:00:00,1.6,44.44
2016-09-13 08:00:00,2.3,42.76
2016-09-13 09:00:00,2.9,38.92
2016-09-13 10:00:00,4.1,35.91
2016-09-13 11:00:00,5.1,32.74
2016-09-13 12:00:00,5.0,28.13
2016-09-13 13:00:00,4.3,27.62
2016-09-13 14:00:00,4.4,28.73
2016-09-13 15:00:00,4.1,28.25
2016-09-13 16:00:00,3.4,30.23
2016-09-13 17:00:00,3.4,37.42
2016-09-13 18:00:00,2.2,40.42
2016-09-13 19:00:00,1.9,41.93
2016-09-13 20:00:00,1.7,38.94
2016-09-13 21:00:00,1.2,33.52
2016-09-13 22:00:00,2.0,25.76
2016-09-13 23:00:00,1.7,24.27
2016-09-14 00:00:00,0.8,23.0
2016-09-14 01:00:00,1.1,22.17
2016-09-14 02:00:00,1.4,21.34
2016-09-14 03:00:00,0.3,21.85
2016-09-14 04:00:00,0.7,22.74
2016-09-14 05:00:00,0.9,23.31
2016-09-14 06:00:00,1.4,33.22
2016-09-14 07:00:00,2.7,38.98
2016-09-14 08:00:00,3.4,39.9
2016-09-14 09:00:00,4.5,34.95
2016-09-14 10:00:00,4.6,31.8
2016-09-14 11:00:00,5.4,31.9
2016-09-14 12:00:00,6.2,27.03
2016-09-14 13:00:00,6.2,25.23
2016-09-14 14:00:00,5.6,26.22
2016-09-14 15:00:00,5.2,26.95
2016-09-14 16:00:00,4.5,28.55
2016-09-14 17:00:00,3.7,35.69
2016-09-14 18:00:00,3.2,37.66
2016-09-14 19:00:00,2.9,37.44
2016-09-14 20:00:00,3.4,34.1
2016-09-14 21:00:00,2.5,26.84
2016-09-14 22:00:00,2.7,24.27
2016-09-14 23:00:00,2.6,22.96
2016-09-15 00:00:00,2.4,22.93
2016-09-15 01:00:00,1.9,21.88
2016-09-15 02:00:00,1.0,21.42
2016-09-15 03:00:00,1.6,21.13
2016-09-15 04:00:00,1.8,21.35
2016-09-15 05:00:00,0.7,23.05
2016-09-15 06:00:00,1.2,27.01
2016-09-15 07:00:00,1.8,37.08
2016-09-15 08:00:00,2.4,37.01
2016-09-15 09:00:00,3.8,33.71
2016-09-15 10:00:00,4.7,27.96
2016-09-15 11:00:00,5.5,26.83
2016-09-15 12:00:00,3.9,24.79
2016-09-15 13:00:00,3.9,24.71
2016-09-15 14:00:00,4.4,23.99
2016-09-15 15:00:00,4.2,26.63
2016-09-15 16:00:00,4.0,26.99
2016-09-15 17:00:00,3.5,32.15
2016-09-15 18:00:00,2.5,37.22
2016-09-15 19:00:00,1.5,38.86
2016-09-15 20:00:00,2.3,37.41
2016-09-15 21:00:00,2.9,29.0
2016-09-15 22:00:00,3.1,25.06
2016-09-15 23:00:00,2.2,23.02
2016-09-16 00:00:00,2.0,22.26
2016-09-16 01:00:00,2.3,21.24
2016-09-16 02:00:00,1.8,21.22
2016-09-16 03:00:00,1.4,21.29
2016-09-16 04:00:00,1.1,20.35
2016-09-16 05:00:00,0.6,22.59
2016-09-16 06:00:00,1.3,31.47
2016-09-16 07:00:00,1.4,39.96
2016-09-16 08:00:00,1.0,40.7
2016-09-16 09:00:00,1.6,39.98
2016-09-16 10:00:00,1.5,38.98
2016-09-16 11:00:00,1.7,37.81
2016-09-16 12:00:00,1.8,36.0
2016-09-16 13:00:00,2.1,31.95
2016-09-16 14:00:00,2.6,29.84
2016-09-16 15:00:00,1.8,33.99
2016-09-16 16:00:00,1.5,35.61
2016-09-16 17:00:00,1.7,38.28
2016-09-16 18:00:00,0.8,40.1
2016-09-16 19:00:00,1.5,41.75
2016-09-16 20:00:00,1.8,40.99
2016-09-16 21:00:00,2.3,36.5
2016-09-16 22:00:00,2.5,30.74
2016-09-16 23:00:00,2.1,25.16
2016-09-17 00:00:00,2.6,29.84
2016-09-17 01:00:00,2.3,26.32
2016-09-17 02:00:00,2.3,24.08
2016-09-17 03:00:00,3.0,22.81
2016-09-17 04:00:00,2.1,22.25
2016-09-17 05:00:00,1.8,22.91
2016-09-17 06:00:00,1.6,24.91
2016-09-17 07:00:00,1.7,27.92
2016-09-17 08:00:00,1.9,31.41
2016-09-17 09:00:00,2.7,36.93
2016-09-17 10:00:00,2.9,36.91
2016-09-17 11:00:00,3.3,36.08
2016-09-17 12:00:00,3.1,30.53
2016-09-17 13:00:00,3.8,25.1
2016-09-17 14:00:00,4.8,24.79
2016-09-17 15:00:00,3.8,24.14
2016-09-17 16:00:00,4.7,24.93
2016-09-17 17:00:00,2.7,27.85
2016-09-17 18:00:00,2.6,27.03
2016-09-17 19:00:00,1.1,32.52
2016-09-17 20:00:00,0.9,31.98
2016-09-17 21:00:00,1.3,24.57
2016-09-17 22:00:00,1.5,23.51
2016-09-17 23:00:00,3.2,23.19
2016-09-18 00:00:00,3.4,21.22
2016-09-18 01:00:00,3.2,22.39
2016-09-18 02:00:00,2.5,21.22
2016-09-18 03:00:00,4.1,20.0
2016-09-18 04:00:00,4.3,18.43
2016-09-18 05:00:00,3.4,19.53
2016-09-18 06:00:00,3.0,20.43
2016-09-18 07:00:00,4.1,20.73
2016-09-18 08:00:00,4.2,22.77
2016-09-18 09:00:00,4.0,24.78
2016-09-18 10:00:00,3.4,24.56
2016-09-18 11:00:00,2.8,24.98
2016-09-18 12:00:00,3.3,24.0
2016-09-18 13:00:00,4.1,24.1
2016-09-18 14:00:00,3.7,23.15
2016-09-18 15:00:00,3.3,22.93
2016-09-18 16:00:00,3.2,23.2
2016-09-18 17:00:00,2.6,27.16
2016-09-18 18:00:00,3.1,32.54
2016-09-18 19:00:00,2.6,36.11
2016-09-18 20:00:00,2.3,34.94
2016-09-18 21:00:00,2.3,31.1
2016-09-18 22:00:00,2.1,27.94
2016-09-18 23:00:00,1.1,25.46
2016-09-19 00:00:00,1.5,24.56
2016-09-19 01:00:00,1.9,24.15
2016-09-19 02:00:00,2.4,23.78
2016-09-19 03:00:00,2.1,22.44
2016-09-19 04:00:00,2.5,22.05
2016-09-19 05:00:00,2.5,23.91
2016-09-19 06:00:00,2.1,36.06
2016-09-19 07:00:00,2.0,42.31
2016-09-19 08:00:00,2.3,44.6
2016-09-19 09:00:00,2.7,43.91
2016-09-19 10:00:00,3.5,43.95
2016-09-19 11:00:00,3.9,43.97
2016-09-19 12:00:00,3.0,41.27
2016-09-19 13:00:00,3.7,39.31
2016-09-19 14:00:00,3.1,37.68
2016-09-19 15:00:00,2.8,37.93
2016-09-19 16:00:00,1.9,37.78
2016-09-19 17:00:00,1.6,39.22
2016-09-19 18:00:00,1.3,39.9
2016-09-19 19:00:00,1.0,41.99
2016-09-19 20:00:00,0.9,40.1
2016-09-19 21:00:00,0.8,30.0
2016-09-19 22:00:00,0.7,28.01
2016-09-19 23:00:00,1.8,26.02
2016-09-20 00:00:00,1.1,24.79
2016-09-20 01:00:00,0.8,24.83
2016-09-20 02:00:00,0.8,23.51
2016-09-20 03:00:00,1.1,23.06
2016-09-20 04:00:00,1.4,23.44
2016-09-20 05:00:00,0.6,25.24
2016-09-20 06:00:00,0.4,32.73
2016-09-20 07:00:00,0.7,42.96
2016-09-20 08:00:00,0.6,43.88
2016-09-20 09:00:00,0.8,42.77
2016-09-20 10:00:00,1.7,42.18
2016-09-20 11:00:00,2.3,41.17
2016-09-20 12:00:00,2.5,38.21
2016-09-20 13:00:00,1.9,35.6
2016-09-20 14:00:00,2.1,34.22
2016-09-20 15:00:00,1.5,34.55
2016-09-20 16:00:00,1.5,36.08
2016-09-20 17:00:00,1.1,39.13
2016-09-20 18:00:00,0.7,42.07
2016-09-20 19:00:00,0.7,46.8
2016-09-20 20:00:00,1.1,41.95
2016-09-20 21:00:00,2.1,35.06
2016-09-20 22:00:00,1.9,28.54
2016-09-20 23:00:00,2.0,26.03
2016-09-21 00:00:00,2.1,25.43
2016-09-21 01:00:00,2.0,24.94
2016-09-21 02:00:00,2.0,24.11
2016-09-21 03:00:00,2.2,24.13
2016-09-21 04:00:00,2.4,24.09
2016-09-21 05:00:00,2.0,25.71
2016-09-21 06:00:00,2.1,36.97
2016-09-21 07:00:00,2.6,48.19
2016-09-21 08:00:00,2.2,49.71
2016-09-21 09:00:00,2.4,44.5
2016-09-21 10:00:00,1.9,39.98
2016-09-21 11:00:00,2.7,36.03
2016-09-21 12:00:00,1.7,32.15
2016-09-21 13:00:00,2.0,31.92
2016-09-21 14:00:00,2.2,30.7
2016-09-21 15:00:00,2.3,32.81
2016-09-21 16:00:00,2.6,35.36
2016-09-21 17:00:00,1.6,42.7
2016-09-21 18:00:00,1.3,45.0
2016-09-21 19:00:00,1.9,48.75
2016-09-21 20:00:00,1.8,43.87
2016-09-21 21:00:00,2.1,37.96
2016-09-21 22:00:00,1.8,28.49
2016-09-21 23:00:00,1.0,27.09
2016-09-22 00:00:00,0.7,25.86
2016-09-22 01:00:00,0.4,25.09
2016-09-22 02:00:00,0.4,24.73
2016-09-22 03:00:00,0.5,24.26
2016-09-22 04:00:00,0.6,24.24
2016-09-22 05:00:00,0.7,26.84
2016-09-22 06:00:00,0.9,38.19
2016-09-22 07:00:00,1.2,43.34
2016-09-22 08:00:00,1.6,42.2
2016-09-22 09:00:00,2.1,35.77
2016-09-22 10:00:00,2.6,28.79
2016-09-22 11:00:00,2.7,27.75
2016-09-22 12:00:00,2.7,27.11
2016-09-22 13:00:00,2.3,27.06
2016-09-22 14:00:00,1.8,27.29
2016-09-22 15:00:00,1.7,28.61
2016-09-22 16:00:00,1.7,31.87
2016-09-22 17:00:00,1.3,39.93
2016-09-22 18:00:00,1.1,43.06
2016-09-22 19:00:00,0.8,49.06
2016-09-22 20:00:00,1.0,45.82
2016-09-22 21:00:00,0.8,38.95
2016-09-22 22:00:00,0.7,29.97
2016-09-22 23:00:00,0.6,26.47
2016-09-23 00:00:00,0.9,25.84
2016-09-23 01:00:00,0.8,25.03
2016-09-23 02:00:00,0.8,24.68
2016-09-23 03:00:00,0.7,24.78
2016-09-23 04:00:00,0.7,25.14
2016-09-23 05:00:00,0.6,26.47
2016-09-23 06:00:00,0.9,36.06
2016-09-23 07:00:00,0.7,43.04
2016-09-23 08:00:00,1.1,43.01
2016-09-23 09:00:00,1.1,38.94
2016-09-23 10:00:00,1.1,33.83
2016-09-23 11:00:00,2.2,28.77
2016-09-23 12:00:00,2.3,27.69
2016-09-23 13:00:00,1.9,27.54
2016-09-23 14:00:00,2.0,26.6
2016-09-23 15:00:00,1.8,27.66
2016-09-23 16:00:00,0.8,27.68
2016-09-23 17:00:00,1.2,31.06
2016-09-23 18:00:00,1.1,35.91
2016-09-23 19:00:00,0.9,41.83
2016-09-23 20:00:00,0.6,39.98
2016-09-23 21:00:00,1.0,30.36
2016-09-23 22:00:00,1.2,27.7
2016-09-23 23:00:00,0.9,26.79
2016-09-24 00:00:00,0.8,26.27
2016-09-24 01:00:00,0.7,24.68
2016-09-24 02:00:00,0.7,24.39
2016-09-24 03:00:00,0.7,25.15
2016-09-24 04:00:00,1.6,24.65
2016-09-24 05:00:00,1.6,24.59
2016-09-24 06:00:00,1.8,27.31
2016-09-24 07:00:00,2.3,31.15
2016-09-24 08:00:00,3.2,34.63
2016-09-24 09:00:00,1.4,34.04
2016-09-24 10:00:00,2.3,29.0
2016-09-24 11:00:00,3.4,25.43
2016-09-24 12:00:00,4.5,24.32
2016-09-24 13:00:00,3.8,24.26
2016-09-24 14:00:00,3.8,24.4
2016-09-24 15:00:00,3.2,24.93
2016-09-24 16:00:00,3.0,28.01
2016-09-24 17:00:00,1.8,34.58
2016-09-24 18:00:00,0.4,38.08
2016-09-24 19:00:00,0.6,42.63
2016-09-24 20:00:00,0.6,40.99
2016-09-24 21:00:00,0.8,34.53
2016-09-24 22:00:00,0.6,31.15
2016-09-24 23:00:00,0.7,25.46
2016-09-25 00:00:00,1.0,24.46
2016-09-25 01:00:00,0.7,22.06
2016-09-25 02:00:00,0.7,20.55
2016-09-25 03:00:00,1.4,17.84
2016-09-25 04:00:00,1.2,17.7
2016-09-25 05:00:00,0.7,19.68
2016-09-25 06:00:00,1.2,20.09
2016-09-25 07:00:00,1.0,21.47
2016-09-25 08:00:00,1.4,22.45
2016-09-25 09:00:00,1.5,22.95
2016-09-25 10:00:00,2.2,21.09
2016-09-25 11:00:00,3.2,21.09
2016-09-25 12:00:00,2.3,15.97
2016-09-25 13:00:00,1.9,10.93
2016-09-25 14:00:00,3.0,11.49
2016-09-25 15:00:00,2.2,12.89
2016-09-25 16:00:00,2.2,19.76
2016-09-25 17:00:00,2.0,26.55
2016-09-25 18:00:00,2.0,35.09
2016-09-25 19:00:00,2.7,40.95
2016-09-25 20:00:00,2.8,40.94
2016-09-25 21:00:00,2.7,33.53
2016-09-25 22:00:00,1.4,29.57
2016-09-25 23:00:00,1.0,24.52
2016-09-26 00:00:00,1.3,24.27
2016-09-26 01:00:00,1.4,24.2
2016-09-26 02:00:00,1.2,23.42
2016-09-26 03:00:00,1.3,23.28
2016-09-26 04:00:00,0.8,23.49
2016-09-26 05:00:00,0.6,25.46
2016-09-26 06:00:00,0.6,39.24
2016-09-26 07:00:00,0.8,46.53
2016-09-26 08:00:00,1.0,49.0
2016-09-26 09:00:00,1.2,46.84
2016-09-26 10:00:00,1.2,39.97
2016-09-26 11:00:00,1.4,37.39
2016-09-26 12:00:00,1.9,34.94
2016-09-26 13:00:00,1.8,33.95
2016-09-26 14:00:00,2.0,32.44
2016-09-26 15:00:00,1.8,35.0
2016-09-26 16:00:00,0.6,39.87
2016-09-26 17:00:00,1.0,44.65
2016-09-26 18:00:00,1.0,49.55
2016-09-26 19:00:00,2.3,54.12
2016-09-26 20:00:00,1.8,51.23
2016-09-26 21:00:00,1.1,37.93
2016-09-26 22:00:00,1.3,30.52
2016-09-26 23:00:00,0.9,28.4
2016-09-27 00:00:00,0.9,31.33
2016-09-27 01:00:00,0.5,30.74
2016-09-27 02:00:00,0.5,29.75
2016-09-27 03:00:00,0.9,28.73
2016-09-27 04:00:00,0.6,27.84
2016-09-27 05:00:00,0.7,29.56
2016-09-27 06:00:00,0.8,41.53
2016-09-27 07:00:00,1.0,49.0
2016-09-27 08:00:00,0.9,50.0
2016-09-27 09:00:00,0.8,44.98
2016-09-27 10:00:00,1.2,40.22
2016-09-27 11:00:00,1.8,33.93
2016-09-27 12:00:00,1.9,29.17
2016-09-27 13:00:00,2.3,28.28
2016-09-27 14:00:00,1.4,27.91
2016-09-27 15:00:00,1.8,28.29
2016-09-27 16:00:00,1.3,29.33
2016-09-27 17:00:00,1.5,38.91
2016-09-27 18:00:00,0.5,45.2
2016-09-27 19:00:00,0.7,48.97
2016-09-27 20:00:00,1.2,41.91
2016-09-27 21:00:00,1.0,29.94
2016-09-27 22:00:00,0.8,27.82
2016-09-27 23:00:00,1.2,24.36
2016-09-28 00:00:00,0.7,24.01
2016-09-28 01:00:00,0.9,21.03
2016-09-28 02:00:00,1.2,16.19
2016-09-28 03:00:00,1.3,14.66
2016-09-28 04:00:00,1.0,14.91
2016-09-28 05:00:00,1.0,19.89
2016-09-28 06:00:00,0.7,28.52
2016-09-28 07:00:00,2.0,37.94
2016-09-28 08:00:00,3.9,38.1
2016-09-28 09:00:00,5.4,32.22
2016-09-28 10:00:00,6.4,26.0
2016-09-28 11:00:00,7.5,23.06
2016-09-28 12:00:00,8.1,19.79
2016-09-28 13:00:00,7.0,12.94
2016-09-28 14:00:00,7.3,12.95
2016-09-28 15:00:00,7.9,16.84
2016-09-28 16:00:00,8.0,22.67
2016-09-28 17:00:00,5.9,26.45
2016-09-28 18:00:00,5.1,33.53
2016-09-28 19:00:00,5.5,39.59
2016-09-28 20:00:00,5.2,34.36
2016-09-28 21:00:00,4.7,28.14
2016-09-28 22:00:00,4.9,24.41
2016-09-28 23:00:00,4.2,22.02
2016-09-29 00:00:00,3.9,19.93
2016-09-29 01:00:00,3.6,16.1
2016-09-29 02:00:00,3.4,18.63
2016-09-29 03:00:00,3.1,14.57
2016-09-29 04:00:00,2.8,14.15
2016-09-29 05:00:00,2.8,21.08
2016-09-29 06:00:00,2.7,28.93
2016-09-29 07:00:00,3.4,37.97
2016-09-29 08:00:00,5.2,37.84
2016-09-29 09:00:00,5.3,28.42
2016-09-29 10:00:00,5.2,23.59
2016-09-29 11:00:00,5.5,21.71
2016-09-29 12:00:00,5.7,15.84
2016-09-29 13:00:00,5.9,12.65
2016-09-29 14:00:00,5.1,11.43
2016-09-29 15:00:00,4.5,12.66
2016-09-29 16:00:00,5.1,14.78
2016-09-29 17:00:00,3.2,24.61
2016-09-29 18:00:00,2.6,29.1
2016-09-29 19:00:00,2.4,37.91
2016-09-29 20:00:00,2.6,32.05
2016-09-29 21:00:00,3.5,25.03
2016-09-29 22:00:00,3.5,22.69
2016-09-29 23:00:00,4.2,16.85
2016-09-30 00:00:00,4.2,23.79
2016-09-30 01:00:00,4.4,23.32
2016-09-30 02:00:00,4.5,23.81
2016-09-30 03:00:00,4.4,23.09
2016-09-30 04:00:00,4.4,24.02
2016-09-30 05:00:00,2.3,25.73
2016-09-30 06:00:00,0.7,39.68
2016-09-30 07:00:00,1.5,49.66
2016-09-30 08:00:00,1.9,49.97
2016-09-30 09:00:00,3.0,43.91
2016-09-30 10:00:00,2.0,39.96
2016-09-30 11:00:00,1.3,39.6
2016-09-30 12:00:00,2.3,37.9
2016-09-30 13:00:00,3.1,29.65
2016-09-30 14:00:00,3.6,29.37
2016-09-30 15:00:00,3.6,31.96
2016-09-30 16:00:00,4.0,31.19
2016-09-30 17:00:00,3.1,31.48
2016-09-30 18:00:00,2.8,37.99
2016-09-30 19:00:00,3.2,42.91
2016-09-30 20:00:00,2.5,38.97
2016-09-30 21:00:00,2.3,31.9
2016-09-30 22:00:00,1.4,30.93
2016-09-30 23:00:00,1.4,28.43
2016-10-01 00:00:00,0.8,29.18
2016-10-01 01:00:00,0.9,31.06
2016-10-01 02:00:00,0.9,26.0
2016-10-01 03:00:00,0.8,29.02
2016-10-01 04:00:00,1.0,25.94
2016-10-01 05:00:00,1.1,29.13
2016-10-01 06:00:00,1.3,32.55
2016-10-01 07:00:00,1.8,31.3
2016-10-01 08:00:00,2.8,38.38
2016-10-01 09:00:00,2.7,38.96
2016-10-01 10:00:00,2.4,39.94
2016-10-01 11:00:00,2.6,39.21
2016-10-01 12:00:00,2.4,34.07
2016-10-01 13:00:00,2.6,30.53
2016-10-01 14:00:00,2.1,29.63
2016-10-01 15:00:00,3.0,29.18
2016-10-01 16:00:00,2.3,29.44
2016-10-01 17:00:00,3.1,34.63
2016-10-01 18:00:00,1.0,39.93
2016-10-01 19:00:00,1.7,45.03
2016-10-01 20:00:00,1.4,40.06
2016-10-01 21:00:00,2.2,30.74
2016-10-01 22:00:00,3.2,28.84
2016-10-01 23:00:00,2.5,32.47
2016-10-02 00:00:00,2.8,32.68
2016-10-02 01:00:00,3.3,27.04
2016-10-02 02:00:00,2.8,26.28
2016-10-02 03:00:00,3.5,25.13
2016-10-02 04:00:00,2.5,24.9
2016-10-02 05:00:00,2.3,25.03
2016-10-02 06:00:00,2.9,25.43
2016-10-02 07:00:00,3.7,26.09
2016-10-02 08:00:00,3.4,29.7
2016-10-02 09:00:00,3.6,30.99
2016-10-02 10:00:00,3.6,29.88
2016-10-02 11:00:00,3.7,32.38
2016-10-02 12:00:00,3.7,29.11
2016-10-02 13:00:00,3.7,26.64
2016-10-02 14:00:00,2.3,25.01
2016-10-02 15:00:00,2.9,24.65
2016-10-02 16:00:00,3.5,25.06
2016-10-02 17:00:00,2.5,31.65
2016-10-02 18:00:00,3.4,41.22
2016-10-02 19:00:00,2.0,49.35
2016-10-02 20:00:00,1.9,42.4
2016-10-02 21:00:00,1.6,34.78
2016-10-02 22:00:00,1.6,29.94
2016-10-02 23:00:00,1.1,25.19
2016-10-03 00:00:00,0.9,30.81
2016-10-03 01:00:00,1.6,26.11
2016-10-03 02:00:00,1.2,25.09
2016-10-03 03:00:00,0.9,24.54
2016-10-03 04:00:00,1.3,24.59
2016-10-03 05:00:00,1.0,25.78
2016-10-03 06:00:00,0.7,36.12
2016-10-03 07:00:00,1.0,40.96
2016-10-03 08:00:00,0.8,38.19
2016-10-03 09:00:00,1.1,39.76
2016-10-03 10:00:00,1.8,32.6
2016-10-03 11:00:00,1.4,33.17
2016-10-03 12:00:00,1.2,26.19
2016-10-03 13:00:00,1.1,25.33
2016-10-03 14:00:00,2.0,24.59
2016-10-03 15:00:00,1.7,29.39
2016-10-03 16:00:00,1.8,31.04
2016-10-03 17:00:00,2.3,33.37
2016-10-03 18:00:00,2.2,37.1
2016-10-03 19:00:00,1.3,37.74
2016-10-03 20:00:00,1.4,32.63
2016-10-03 21:00:00,1.1,28.42
2016-10-03 22:00:00,2.6,25.74
2016-10-03 23:00:00,3.2,24.6
2016-10-04 00:00:00,4.1,25.96
2016-10-04 01:00:00,4.0,25.28
2016-10-04 02:00:00,4.3,24.05
2016-10-04 03:00:00,3.9,22.03
2016-10-04 04:00:00,3.9,23.25
2016-10-04 05:00:00,4.5,25.54
2016-10-04 06:00:00,4.3,30.04
2016-10-04 07:00:00,4.3,37.1
2016-10-04 08:00:00,4.8,40.38
2016-10-04 09:00:00,5.9,36.78
2016-10-04 10:00:00,5.7,32.37
2016-10-04 11:00:00,5.7,28.71
2016-10-04 12:00:00,5.3,31.29
2016-10-04 13:00:00,5.3,32.08
2016-10-04 14:00:00,5.1,31.99
2016-10-04 15:00:00,4.5,31.87
2016-10-04 16:00:00,4.0,30.49
2016-10-04 17:00:00,2.4,35.7
2016-10-04 18:00:00,2.1,37.88
2016-10-04 19:00:00,2.3,39.09
2016-10-04 20:00:00,2.9,30.21
2016-10-04 21:00:00,4.7,26.08
2016-10-04 22:00:00,5.0,24.78
2016-10-04 23:00:00,3.0,24.93
2016-10-05 00:00:00,2.4,25.06
2016-10-05 01:00:00,2.5,23.67
2016-10-05 02:00:00,2.6,22.45
2016-10-05 03:00:00,2.8,22.23
2016-10-05 04:00:00,2.6,22.71
2016-10-05 05:00:00,3.5,24.3
2016-10-05 06:00:00,3.7,31.17
2016-10-05 07:00:00,4.1,42.45
2016-10-05 08:00:00,5.3,41.97
2016-10-05 09:00:00,4.7,30.14
2016-10-05 10:00:00,5.3,27.58
2016-10-05 11:00:00,6.0,27.51
2016-10-05 12:00:00,5.8,26.33
2016-10-05 13:00:00,6.1,26.98
2016-10-05 14:00:00,5.5,28.17
2016-10-05 15:00:00,4.1,28.18
2016-10-05 16:00:00,4.2,29.99
2016-10-05 17:00:00,4.0,35.0
2016-10-05 18:00:00,5.0,42.2
2016-10-05 19:00:00,5.4,41.08
2016-10-05 20:00:00,4.8,33.37
2016-10-05 21:00:00,3.9,27.67
2016-10-05 22:00:00,5.3,26.98
2016-10-05 23:00:00,5.8,25.02
2016-10-06 00:00:00,4.3,13.65
2016-10-06 01:00:00,4.6,17.1
2016-10-06 02:00:00,3.4,16.05
2016-10-06 03:00:00,3.8,12.3
2016-10-06 04:00:00,3.2,19.55
2016-10-06 05:00:00,2.5,24.06
2016-10-06 06:00:00,2.7,27.63
2016-10-06 07:00:00,2.0,33.19
2016-10-06 08:00:00,2.8,32.57
2016-10-06 09:00:00,2.6,36.19
2016-10-06 10:00:00,2.5,36.45
2016-10-06 11:00:00,2.3,36.77
2016-10-06 12:00:00,2.2,36.97
2016-10-06 13:00:00,2.4,36.44
2016-10-06 14:00:00,2.7,34.18
2016-10-06 15:00:00,2.3,34.06
2016-10-06 16:00:00,3.5,33.42
2016-10-06 17:00:00,3.0,42.42
2016-10-06 18:00:00,2.3,42.47
2016-10-06 19:00:00,1.8,49.69
2016-10-06 20:00:00,1.2,40.02
2016-10-06 21:00:00,1.5,34.23
2016-10-06 22:00:00,1.7,30.68
2016-10-06 23:00:00,2.0,28.43
2016-10-07 00:00:00,1.0,28.87
2016-10-07 01:00:00,1.3,26.9
2016-10-07 02:00:00,1.2,26.98
2016-10-07 03:00:00,1.0,27.59
2016-10-07 04:00:00,1.0,27.96
2016-10-07 05:00:00,1.0,29.93
2016-10-07 06:00:00,1.2,42.28
2016-10-07 07:00:00,1.9,42.0
2016-10-07 08:00:00,1.2,45.58
2016-10-07 09:00:00,1.5,45.05
2016-10-07 10:00:00,1.9,46.53
2016-10-07 11:00:00,2.1,52.32
2016-10-07 12:00:00,1.8,53.07
2016-10-07 13:00:00,2.8,47.11
2016-10-07 14:00:00,2.5,44.06
2016-10-07 15:00:00,3.0,42.47
2016-10-07 16:00:00,2.7,41.98
2016-10-07 17:00:00,2.0,38.49
2016-10-07 18:00:00,2.4,41.94
2016-10-07 19:00:00,2.4,42.46
2016-10-07 20:00:00,1.7,33.1
2016-10-07 21:00:00,2.8,30.53
2016-10-07 22:00:00,2.3,31.12
2016-10-07 23:00:00,2.9,32.97
2016-10-08 00:00:00,2.8,31.04
2016-10-08 01:00:00,3.2,28.78
2016-10-08 02:00:00,3.0,29.97
2016-10-08 03:00:00,3.3,29.7
2016-10-08 04:00:00,3.6,29.99
2016-10-08 05:00:00,3.2,29.56
2016-10-08 06:00:00,2.4,31.59
2016-10-08 07:00:00,2.4,33.39
2016-10-08 08:00:00,2.7,40.04
2016-10-08 09:00:00,2.9,43.41
2016-10-08 10:00:00,2.6,44.94
2016-10-08 11:00:00,2.2,42.08
2016-10-08 12:00:00,2.3,33.58
2016-10-08 13:00:00,3.0,32.48
2016-10-08 14:00:00,2.5,33.03
2016-10-08 15:00:00,2.0,32.44
2016-10-08 16:00:00,2.6,37.02
2016-10-08 17:00:00,2.0,42.69
2016-10-08 18:00:00,1.1,46.0
2016-10-08 19:00:00,1.0,52.75
2016-10-08 20:00:00,1.2,42.92
2016-10-08 21:00:00,1.6,35.0
2016-10-08 22:00:00,1.8,32.44
2016-10-08 23:00:00,2.6,31.12
2016-10-09 00:00:00,2.6,28.71
2016-10-09 01:00:00,3.2,28.45
2016-10-09 02:00:00,3.1,29.25
2016-10-09 03:00:00,3.2,28.79
2016-10-09 04:00:00,3.9,28.72
2016-10-09 05:00:00,3.8,28.09
2016-10-09 06:00:00,3.6,28.55
2016-10-09 07:00:00,4.3,29.11
2016-10-09 08:00:00,4.1,31.87
2016-10-09 09:00:00,3.9,33.68
2016-10-09 10:00:00,4.1,33.34
2016-10-09 11:00:00,4.3,34.13
2016-10-09 12:00:00,4.2,32.06
2016-10-09 13:00:00,4.3,28.81
2016-10-09 14:00:00,3.7,28.23
2016-10-09 15:00:00,2.8,28.21
2016-10-09 16:00:00,2.2,28.8
2016-10-09 17:00:00,2.1,32.95
2016-10-09 18:00:00,1.9,41.29
2016-10-09 19:00:00,1.8,50.52
2016-10-09 20:00:00,1.5,45.29
2016-10-09 21:00:00,1.6,43.45
2016-10-09 22:00:00,1.7,42.24
2016-10-09 23:00:00,1.5,34.39
2016-10-10 00:00:00,1.3,29.58
2016-10-10 01:00:00,0.9,31.87
2016-10-10 02:00:00,0.8,33.49
2016-10-10 03:00:00,0.9,30.66
2016-10-10 04:00:00,1.0,30.19
2016-10-10 05:00:00,1.5,31.28
2016-10-10 06:00:00,1.2,48.85
2016-10-10 07:00:00,1.1,69.24
2016-10-10 08:00:00,1.8,75.0
2016-10-10 09:00:00,1.9,70.16
2016-10-10 10:00:00,2.1,60.13
2016-10-10 11:00:00,2.9,55.66
2016-10-10 12:00:00,2.5,51.99
2016-10-10 13:00:00,2.0,53.21
2016-10-10 14:00:00,2.3,52.65
2016-10-10 15:00:00,2.1,51.91
2016-10-10 16:00:00,1.4,55.0
2016-10-10 17:00:00,1.4,57.24
2016-10-10 18:00:00,0.7,69.94
2016-10-10 19:00:00,1.0,81.93
2016-10-10 20:00:00,0.6,57.1
2016-10-10 21:00:00,0.8,43.41
2016-10-10 22:00:00,0.6,33.48
2016-10-10 23:00:00,0.8,30.53
2016-10-11 00:00:00,0.8,32.34
2016-10-11 01:00:00,0.7,30.23
2016-10-11 02:00:00,0.3,29.08
2016-10-11 03:00:00,0.6,29.16
2016-10-11 04:00:00,0.6,30.18
2016-10-11 05:00:00,0.7,31.91
2016-10-11 06:00:00,0.8,36.91
2016-10-11 07:00:00,1.1,45.93
2016-10-11 08:00:00,0.7,49.39
2016-10-11 09:00:00,1.1,49.35
2016-10-11 10:00:00,1.3,47.58
2016-10-11 11:00:00,1.2,45.08
2016-10-11 12:00:00,1.8,40.08
2016-10-11 13:00:00,2.4,39.91
2016-10-11 14:00:00,2.2,37.88
2016-10-11 15:00:00,1.6,39.25
2016-10-11 16:00:00,1.5,39.96
2016-10-11 17:00:00,1.5,42.67
2016-10-11 18:00:00,2.7,44.97
2016-10-11 19:00:00,3.0,44.54
2016-10-11 20:00:00,3.2,35.45
2016-10-11 21:00:00,3.3,34.23
2016-10-11 22:00:00,2.9,33.03
2016-10-11 23:00:00,3.6,30.41
2016-10-12 00:00:00,3.6,28.17
2016-10-12 01:00:00,2.9,27.93
2016-10-12 02:00:00,2.7,28.09
2016-10-12 03:00:00,2.6,28.01
2016-10-12 04:00:00,2.3,28.16
2016-10-12 05:00:00,2.4,29.99
2016-10-12 06:00:00,2.6,32.93
2016-10-12 07:00:00,2.7,45.07
2016-10-12 08:00:00,3.4,46.99
2016-10-12 09:00:00,3.6,45.95
2016-10-12 10:00:00,3.2,41.59
2016-10-12 11:00:00,3.3,44.94
2016-10-12 12:00:00,3.5,40.54
2016-10-12 13:00:00,3.1,36.77
2016-10-12 14:00:00,3.0,34.93
2016-10-12 15:00:00,2.8,33.87
2016-10-12 16:00:00,2.7,37.44
2016-10-12 17:00:00,2.6,44.02
2016-10-12 18:00:00,3.1,45.68
2016-10-12 19:00:00,3.5,47.82
2016-10-12 20:00:00,2.8,38.26
2016-10-12 21:00:00,2.4,33.57
2016-10-12 22:00:00,2.3,33.99
2016-10-12 23:00:00,3.1,30.1
2016-10-13 00:00:00,2.5,28.21
2016-10-13 01:00:00,2.9,28.15
2016-10-13 02:00:00,3.1,28.08
2016-10-13 03:00:00,3.1,28.14
2016-10-13 04:00:00,2.7,28.12
2016-10-13 05:00:00,2.6,28.23
2016-10-13 06:00:00,2.9,36.66
2016-10-13 07:00:00,2.7,47.91
2016-10-13 08:00:00,3.7,49.64
2016-10-13 09:00:00,3.8,44.98
2016-10-13 10:00:00,4.0,40.02
2016-10-13 11:00:00,4.2,37.64
2016-10-13 12:00:00,4.5,31.39
2016-10-13 13:00:00,4.5,31.06
2016-10-13 14:00:00,4.2,30.12
2016-10-13 15:00:00,4.4,32.06
2016-10-13 16:00:00,4.7,31.63
2016-10-13 17:00:00,5.2,38.13
2016-10-13 18:00:00,5.2,42.76
2016-10-13 19:00:00,4.8,39.96
2016-10-13 20:00:00,4.4,30.58
2016-10-13 21:00:00,5.0,28.7
2016-10-13 22:00:00,5.2,28.2
2016-10-13 23:00:00,4.3,27.42
2016-10-14 00:00:00,4.4,20.8
2016-10-14 01:00:00,4.4,20.02
2016-10-14 02:00:00,3.7,14.98
2016-10-14 03:00:00,3.2,20.07
2016-10-14 04:00:00,4.6,21.72
2016-10-14 05:00:00,4.9,25.2
2016-10-14 06:00:00,4.1,30.29
2016-10-14 07:00:00,4.3,40.53
2016-10-14 08:00:00,5.6,40.08
2016-10-14 09:00:00,4.7,40.1
2016-10-14 10:00:00,4.4,34.13
2016-10-14 11:00:00,4.4,29.55
2016-10-14 12:00:00,4.2,28.17
2016-10-14 13:00:00,4.2,28.1
2016-10-14 14:00:00,4.1,28.2
2016-10-14 15:00:00,3.4,30.01
2016-10-14 16:00:00,4.3,29.0
2016-10-14 17:00:00,3.4,37.07
2016-10-14 18:00:00,4.3,38.27
2016-10-14 19:00:00,4.6,38.52
2016-10-14 20:00:00,4.1,32.32
2016-10-14 21:00:00,4.2,29.57
2016-10-14 22:00:00,4.2,28.2
2016-10-14 23:00:00,4.1,28.01
2016-10-15 00:00:00,4.2,15.53
2016-10-15 01:00:00,4.1,13.1
2016-10-15 02:00:00,3.9,13.66
2016-10-15 03:00:00,4.1,13.62
2016-10-15 04:00:00,4.2,17.99
2016-10-15 05:00:00,3.7,15.5
2016-10-15 06:00:00,2.9,15.79
2016-10-15 07:00:00,2.4,27.62
2016-10-15 08:00:00,1.9,30.59
2016-10-15 09:00:00,2.0,31.62
2016-10-15 10:00:00,1.9,31.89
2016-10-15 11:00:00,0.5,33.34
2016-10-15 12:00:00,1.1,31.39
2016-10-15 13:00:00,1.1,31.36
2016-10-15 14:00:00,1.8,32.24
2016-10-15 15:00:00,2.3,36.05
2016-10-15 16:00:00,1.8,38.03
2016-10-15 17:00:00,1.3,42.86
2016-10-15 18:00:00,1.7,49.92
2016-10-15 19:00:00,0.8,57.05
2016-10-15 20:00:00,0.8,48.93
2016-10-15 21:00:00,0.6,44.38
2016-10-15 22:00:00,0.7,40.02
2016-10-15 23:00:00,0.8,32.96
2016-10-16 00:00:00,0.6,33.08
2016-10-16 01:00:00,0.8,31.1
2016-10-16 02:00:00,0.6,31.6
2016-10-16 03:00:00,0.6,30.59
2016-10-16 04:00:00,0.5,30.66
2016-10-16 05:00:00,0.7,30.61
2016-10-16 06:00:00,1.2,30.91
2016-10-16 07:00:00,0.5,31.51
2016-10-16 08:00:00,0.5,36.63
2016-10-16 09:00:00,0.7,38.48
2016-10-16 10:00:00,0.5,37.39
2016-10-16 11:00:00,1.2,34.57
2016-10-16 12:00:00,1.9,33.1
2016-10-16 13:00:00,2.1,31.54
2016-10-16 14:00:00,2.8,30.08
2016-10-16 15:00:00,3.2,30.44
2016-10-16 16:00:00,3.3,31.05
2016-10-16 17:00:00,3.3,36.06
2016-10-16 18:00:00,3.3,45.85
2016-10-16 19:00:00,2.7,48.93
2016-10-16 20:00:00,3.2,34.15
2016-10-16 21:00:00,3.4,31.06
2016-10-16 22:00:00,3.3,30.57
2016-10-16 23:00:00,3.2,28.84
2016-10-17 00:00:00,3.3,30.6
2016-10-17 01:00:00,3.2,29.56
2016-10-17 02:00:00,2.9,29.17
2016-10-17 03:00:00,2.7,28.44
2016-10-17 04:00:00,3.2,28.53
2016-10-17 05:00:00,3.2,30.46
2016-10-17 06:00:00,3.4,41.75
2016-10-17 07:00:00,3.9,45.11
2016-10-17 08:00:00,3.4,48.34
2016-10-17 09:00:00,3.6,46.42
2016-10-17 10:00:00,3.5,46.48
2016-10-17 11:00:00,3.5,46.02
2016-10-17 12:00:00,3.6,41.9
2016-10-17 13:00:00,3.8,45.21
2016-10-17 14:00:00,3.8,48.97
2016-10-17 15:00:00,3.0,52.42
2016-10-17 16:00:00,2.5,53.97
2016-10-17 17:00:00,1.8,50.05
2016-10-17 18:00:00,1.8,55.56
2016-10-17 19:00:00,1.9,56.08
2016-10-17 20:00:00,1.7,46.44
2016-10-17 21:00:00,1.8,35.74
2016-10-17 22:00:00,1.8,36.87
2016-10-17 23:00:00,1.7,32.57
2016-10-18 00:00:00,1.7,31.5
2016-10-18 01:00:00,1.5,30.82
2016-10-18 02:00:00,1.7,30.46
2016-10-18 03:00:00,1.5,30.5
2016-10-18 04:00:00,1.2,31.11
2016-10-18 05:00:00,1.2,32.96
2016-10-18 06:00:00,1.1,41.79
2016-10-18 07:00:00,1.0,51.33
2016-10-18 08:00:00,1.4,54.95
2016-10-18 09:00:00,1.5,51.93
2016-10-18 10:00:00,1.8,50.35
2016-10-18 11:00:00,2.6,50.81
2016-10-18 12:00:00,2.3,46.49
2016-10-18 13:00:00,2.3,41.16
2016-10-18 14:00:00,2.9,35.38
2016-10-18 15:00:00,2.2,35.76
2016-10-18 16:00:00,0.6,36.8
2016-10-18 17:00:00,0.8,44.9
2016-10-18 18:00:00,1.4,48.91
2016-10-18 19:00:00,1.1,47.47
2016-10-18 20:00:00,1.9,37.63
2016-10-18 21:00:00,2.5,34.44
2016-10-18 22:00:00,1.7,32.7
2016-10-18 23:00:00,0.8,30.49
2016-10-19 00:00:00,1.4,30.27
2016-10-19 01:00:00,1.9,28.99
2016-10-19 02:00:00,1.7,28.95
2016-10-19 03:00:00,1.5,29.08
2016-10-19 04:00:00,2.4,30.32
2016-10-19 05:00:00,2.4,30.85
2016-10-19 06:00:00,2.5,36.66
2016-10-19 07:00:00,2.5,47.5
2016-10-19 08:00:00,3.3,48.68
2016-10-19 09:00:00,3.3,48.47
2016-10-19 10:00:00,3.6,49.29
2016-10-19 11:00:00,3.5,49.29
2016-10-19 12:00:00,4.4,47.99
2016-10-19 13:00:00,4.4,45.92
2016-10-19 14:00:00,3.9,42.01
2016-10-19 15:00:00,3.5,41.27
2016-10-19 16:00:00,1.4,42.12
2016-10-19 17:00:00,1.7,48.32
2016-10-19 18:00:00,2.3,48.95
2016-10-19 19:00:00,2.6,49.0
2016-10-19 20:00:00,2.8,44.49
2016-10-19 21:00:00,2.8,35.2
2016-10-19 22:00:00,2.7,34.99
2016-10-19 23:00:00,2.5,31.26
2016-10-20 00:00:00,2.7,30.36
2016-10-20 01:00:00,2.4,29.99
2016-10-20 02:00:00,2.0,29.97
2016-10-20 03:00:00,2.2,30.03
2016-10-20 04:00:00,2.2,30.02
2016-10-20 05:00:00,1.9,30.83
2016-10-20 06:00:00,1.2,35.35
2016-10-20 07:00:00,0.6,41.84
2016-10-20 08:00:00,1.0,46.95
2016-10-20 09:00:00,1.6,47.98
2016-10-20 10:00:00,1.9,47.06
2016-10-20 11:00:00,0.8,47.16
2016-10-20 12:00:00,0.9,44.93
2016-10-20 13:00:00,1.0,44.71
2016-10-20 14:00:00,1.7,42.6
2016-10-20 15:00:00,1.4,43.6
2016-10-20 16:00:00,1.5,44.98
2016-10-20 17:00:00,1.6,48.91
2016-10-20 18:00:00,1.9,48.96
2016-10-20 19:00:00,2.4,56.01
2016-10-20 20:00:00,2.2,46.45
2016-10-20 21:00:00,1.2,36.11
2016-10-20 22:00:00,1.1,34.67
2016-10-20 23:00:00,1.2,32.87
2016-10-21 00:00:00,1.3,32.65
2016-10-21 01:00:00,1.6,31.94
2016-10-21 02:00:00,1.0,31.39
2016-10-21 03:00:00,1.3,31.17
2016-10-21 04:00:00,0.9,32.55
2016-10-21 05:00:00,1.1,32.84
2016-10-21 06:00:00,1.3,35.9
2016-10-21 07:00:00,1.4,46.87
2016-10-21 08:00:00,1.8,48.98
2016-10-21 09:00:00,1.7,48.45
2016-10-21 10:00:00,1.9,48.42
2016-10-21 11:00:00,2.0,47.82
2016-10-21 12:00:00,2.1,46.49
2016-10-21 13:00:00,2.2,41.84
2016-10-21 14:00:00,1.3,38.31
2016-10-21 15:00:00,1.2,37.41
2016-10-21 16:00:00,1.1,37.96
2016-10-21 17:00:00,1.2,42.06
2016-10-21 18:00:00,0.8,46.44
2016-10-21 19:00:00,0.8,45.95
2016-10-21 20:00:00,0.7,39.49
2016-10-21 21:00:00,0.8,36.09
2016-10-21 22:00:00,1.5,34.98
2016-10-21 23:00:00,1.8,33.9
2016-10-22 00:00:00,1.2,38.45
2016-10-22 01:00:00,1.4,34.55
2016-10-22 02:00:00,1.3,33.96
2016-10-22 03:00:00,1.4,34.11
2016-10-22 04:00:00,1.4,35.18
2016-10-22 05:00:00,0.9,35.61
2016-10-22 06:00:00,1.1,34.55
2016-10-22 07:00:00,1.7,36.89
2016-10-22 08:00:00,2.4,35.21
2016-10-22 09:00:00,2.5,38.07
2016-10-22 10:00:00,3.2,37.87
2016-10-22 11:00:00,2.8,37.28
2016-10-22 12:00:00,2.5,39.96
2016-10-22 13:00:00,2.8,35.02
2016-10-22 14:00:00,2.6,34.31
2016-10-22 15:00:00,2.4,34.17
2016-10-22 16:00:00,1.5,35.19
2016-10-22 17:00:00,1.6,46.76
2016-10-22 18:00:00,1.9,49.96
2016-10-22 19:00:00,1.8,49.99
2016-10-22 20:00:00,1.6,44.11
2016-10-22 21:00:00,1.3,35.88
2016-10-22 22:00:00,1.0,34.53
2016-10-22 23:00:00,1.3,34.51
2016-10-23 00:00:00,1.6,33.09
2016-10-23 01:00:00,1.0,32.69
2016-10-23 02:00:00,1.3,32.41
2016-10-23 03:00:00,1.1,31.85
2016-10-23 04:00:00,0.9,32.03
2016-10-23 05:00:00,1.0,31.9
2016-10-23 06:00:00,1.0,32.52
2016-10-23 07:00:00,0.7,33.04
2016-10-23 08:00:00,1.2,33.75
2016-10-23 09:00:00,1.4,35.22
2016-10-23 10:00:00,1.7,34.84
2016-10-23 11:00:00,2.2,33.91
2016-10-23 12:00:00,2.1,32.63
2016-10-23 13:00:00,2.0,32.86
2016-10-23 14:00:00,2.1,31.95
2016-10-23 15:00:00,2.1,32.66
2016-10-23 16:00:00,2.1,34.44
2016-10-23 17:00:00,2.2,37.24
2016-10-23 18:00:00,0.9,42.01
2016-10-23 19:00:00,1.1,47.02
2016-10-23 20:00:00,1.1,39.77
2016-10-23 21:00:00,1.5,36.86
2016-10-23 22:00:00,1.6,34.75
2016-10-23 23:00:00,1.3,33.6
2016-10-24 00:00:00,1.7,31.44
2016-10-24 01:00:00,1.7,31.08
2016-10-24 02:00:00,1.4,31.53
2016-10-24 03:00:00,1.4,30.9
2016-10-24 04:00:00,1.8,31.24
2016-10-24 05:00:00,1.0,31.68
2016-10-24 06:00:00,1.9,43.5
2016-10-24 07:00:00,1.4,49.92
2016-10-24 08:00:00,0.9,49.92
2016-10-24 09:00:00,1.1,49.9
2016-10-24 10:00:00,1.6,49.98
2016-10-24 11:00:00,2.4,49.97
2016-10-24 12:00:00,2.2,49.07
2016-10-24 13:00:00,2.2,46.07
2016-10-24 14:00:00,2.3,44.73
2016-10-24 15:00:00,2.1,46.09
2016-10-24 16:00:00,1.4,46.47
2016-10-24 17:00:00,2.6,48.21
2016-10-24 18:00:00,2.1,48.49
2016-10-24 19:00:00,2.5,48.35
2016-10-24 20:00:00,2.4,42.32
2016-10-24 21:00:00,3.0,36.35
2016-10-24 22:00:00,2.1,35.82
2016-10-24 23:00:00,1.7,33.07
2016-10-25 00:00:00,1.2,35.38
2016-10-25 01:00:00,1.0,34.58
2016-10-25 02:00:00,0.7,34.64
2016-10-25 03:00:00,0.5,35.02
2016-10-25 04:00:00,1.8,34.97
2016-10-25 05:00:00,2.4,37.01
2016-10-25 06:00:00,1.5,43.3
2016-10-25 07:00:00,2.5,68.1
2016-10-25 08:00:00,2.2,68.02
2016-10-25 09:00:00,2.3,67.28
2016-10-25 10:00:00,2.8,73.07
2016-10-25 11:00:00,3.1,74.23
2016-10-25 12:00:00,2.4,67.61
2016-10-25 13:00:00,2.6,66.01
2016-10-25 14:00:00,2.3,57.97
2016-10-25 15:00:00,2.1,56.38
2016-10-25 16:00:00,2.3,56.0
2016-10-25 17:00:00,1.8,67.71
2016-10-25 18:00:00,1.8,67.18
2016-10-25 19:00:00,2.3,60.39
2016-10-25 20:00:00,1.8,51.98
2016-10-25 21:00:00,1.4,39.76
2016-10-25 22:00:00,1.0,37.38
2016-10-25 23:00:00,1.4,34.7
2016-10-26 00:00:00,1.5,35.81
2016-10-26 01:00:00,1.0,34.6
2016-10-26 02:00:00,1.3,34.71
2016-10-26 03:00:00,1.4,35.03
2016-10-26 04:00:00,1.4,35.03
2016-10-26 05:00:00,2.1,36.17
2016-10-26 06:00:00,1.6,41.2
2016-10-26 07:00:00,0.8,52.3
2016-10-26 08:00:00,1.1,55.66
2016-10-26 09:00:00,0.9,58.21
2016-10-26 10:00:00,0.8,58.01
2016-10-26 11:00:00,1.1,55.68
2016-10-26 12:00:00,1.3,52.15
2016-10-26 13:00:00,1.0,49.88
2016-10-26 14:00:00,1.6,45.67
2016-10-26 15:00:00,1.4,46.81
2016-10-26 16:00:00,1.0,47.92
2016-10-26 17:00:00,0.7,50.27
2016-10-26 18:00:00,1.0,53.84
2016-10-26 19:00:00,0.8,52.49
2016-10-26 20:00:00,0.8,41.28
2016-10-26 21:00:00,0.4,39.99
2016-10-26 22:00:00,0.6,37.37
2016-10-26 23:00:00,0.6,34.1
2016-10-27 00:00:00,0.8,32.84
2016-10-27 01:00:00,0.6,32.26
2016-10-27 02:00:00,0.9,31.87
2016-10-27 03:00:00,0.8,31.25
2016-10-27 04:00:00,0.7,32.34
2016-10-27 05:00:00,0.8,33.58
2016-10-27 06:00:00,1.3,38.12
2016-10-27 07:00:00,0.9,47.94
2016-10-27 08:00:00,1.1,48.99
2016-10-27 09:00:00,3.1,47.42
2016-10-27 10:00:00,3.9,47.94
2016-10-27 11:00:00,4.3,45.69
2016-10-27 12:00:00,4.2,44.11
2016-10-27 13:00:00,3.4,41.77
2016-10-27 14:00:00,2.8,38.68
2016-10-27 15:00:00,2.7,39.51
2016-10-27 16:00:00,2.5,40.91
2016-10-27 17:00:00,2.1,44.69
2016-10-27 18:00:00,1.7,48.73
2016-10-27 19:00:00,1.3,42.0
2016-10-27 20:00:00,1.4,38.02
2016-10-27 21:00:00,2.1,36.76
2016-10-27 22:00:00,2.5,33.82
2016-10-27 23:00:00,1.9,31.05
2016-10-28 00:00:00,1.7,29.06
2016-10-28 01:00:00,3.1,26.87
2016-10-28 02:00:00,4.7,23.43
2016-10-28 03:00:00,4.4,23.65
2016-10-28 04:00:00,4.5,23.92
2016-10-28 05:00:00,4.7,29.1
2016-10-28 06:00:00,4.3,31.08
2016-10-28 07:00:00,4.6,37.04
2016-10-28 08:00:00,4.5,39.3
2016-10-28 09:00:00,5.6,37.72
2016-10-28 10:00:00,5.8,37.76
2016-10-28 11:00:00,6.6,38.89
2016-10-28 12:00:00,7.1,37.17
2016-10-28 13:00:00,6.6,36.82
2016-10-28 14:00:00,5.5,36.31
2016-10-28 15:00:00,6.2,37.23
2016-10-28 16:00:00,6.2,37.99
2016-10-28 17:00:00,5.8,43.74
2016-10-28 18:00:00,5.8,50.5
2016-10-28 19:00:00,5.6,47.62
2016-10-28 20:00:00,5.9,41.97
2016-10-28 21:00:00,5.7,42.82
2016-10-28 22:00:00,5.8,39.93
2016-10-28 23:00:00,4.4,33.1
2016-10-29 00:00:00,5.5,31.05
2016-10-29 01:00:00,3.2,29.85
2016-10-29 02:00:00,2.5,29.04
2016-10-29 03:00:00,2.3,28.65
2016-10-29 04:00:00,3.2,28.77
2016-10-29 05:00:00,3.4,28.84
2016-10-29 06:00:00,3.4,30.77
2016-10-29 07:00:00,2.9,32.5
2016-10-29 08:00:00,3.7,35.06
2016-10-29 09:00:00,5.5,41.76
2016-10-29 10:00:00,5.5,41.54
2016-10-29 11:00:00,6.8,36.19
2016-10-29 12:00:00,7.0,33.79
2016-10-29 13:00:00,7.4,31.54
2016-10-29 14:00:00,6.6,30.03
2016-10-29 15:00:00,6.2,31.41
2016-10-29 16:00:00,5.4,32.7
2016-10-29 17:00:00,5.4,37.93
2016-10-29 18:00:00,4.5,45.92
2016-10-29 19:00:00,5.0,44.27
2016-10-29 20:00:00,5.2,39.44
2016-10-29 21:00:00,4.8,35.24
2016-10-29 22:00:00,3.9,35.12
2016-10-29 23:00:00,4.1,33.81
2016-10-30 00:00:00,4.2,32.57
2016-10-30 01:00:00,4.1,32.15
2016-10-30 02:00:00,4.7,31.55
2016-10-30 02:00:00,4.7,31.55
2016-10-30 03:00:00,4.8,31.4
2016-10-30 04:00:00,4.0,31.45
2016-10-30 05:00:00,4.4,32.03
2016-10-30 06:00:00,3.5,32.55
2016-10-30 07:00:00,4.0,33.35
2016-10-30 08:00:00,4.2,35.02
2016-10-30 09:00:00,4.8,36.49
2016-10-30 10:00:00,5.2,36.99
2016-10-30 11:00:00,5.9,38.33
2016-10-30 12:00:00,5.0,37.2
2016-10-30 13:00:00,5.7,33.9
2016-10-30 14:00:00,5.7,32.48
2016-10-30 15:00:00,4.5,33.09
2016-10-30 16:00:00,2.4,34.64
2016-10-30 17:00:00,1.4,49.2
2016-10-30 18:00:00,1.9,52.48
2016-10-30 19:00:00,1.4,48.28
2016-10-30 20:00:00,1.4,40.3
2016-10-30 21:00:00,1.2,39.0
2016-10-30 22:00:00,1.3,39.0
2016-10-30 23:00:00,1.0,37.64
2016-10-31 00:00:00,0.8,35.36
2016-10-31 01:00:00,1.2,34.94
2016-10-31 02:00:00,1.6,34.66
2016-10-31 03:00:00,1.7,33.92
2016-10-31 04:00:00,1.5,34.39
2016-10-31 05:00:00,1.8,40.03
2016-10-31 06:00:00,3.0,45.29
2016-10-31 07:00:00,1.8,51.68
2016-10-31 08:00:00,2.5,50.47
2016-10-31 09:00:00,1.4,47.38
2016-10-31 10:00:00,3.0,45.1
2016-10-31 11:00:00,2.3,44.0
2016-10-31 12:00:00,3.5,39.0
2016-10-31 13:00:00,4.0,38.08
2016-10-31 14:00:00,4.2,38.64
2016-10-31 15:00:00,3.7,46.04
2016-10-31 16:00:00,3.1,49.73
2016-10-31 17:00:00,3.0,59.2
2016-10-31 18:00:00,2.8,55.98
2016-10-31 19:00:00,3.3,48.96
2016-10-31 20:00:00,3.9,44.13
2016-10-31 21:00:00,4.0,40.26
2016-10-31 22:00:00,3.6,38.62
2016-10-31 23:00:00,3.3,37.68
2016-11-01 00:00:00,3.5,33.31
2016-11-01 01:00:00,3.2,33.68
2016-11-01 02:00:00,2.2,33.31
2016-11-01 03:00:00,2.0,32.52
2016-11-01 04:00:00,2.4,32.99
2016-11-01 05:00:00,3.0,33.31
2016-11-01 06:00:00,3.0,36.98
2016-11-01 07:00:00,2.7,41.93
2016-11-01 08:00:00,2.7,41.09
2016-11-01 09:00:00,3.3,33.77
2016-11-01 10:00:00,4.4,31.27
2016-11-01 11:00:00,4.6,30.9
2016-11-01 12:00:00,5.2,30.75
2016-11-01 13:00:00,4.8,30.03
2016-11-01 14:00:00,3.9,31.58
2016-11-01 15:00:00,4.0,33.28
2016-11-01 16:00:00,3.0,39.34
2016-11-01 17:00:00,2.8,47.51
2016-11-01 18:00:00,3.7,49.99
2016-11-01 19:00:00,3.2,45.97
2016-11-01 20:00:00,4.1,35.94
2016-11-01 21:00:00,5.2,29.59
2016-11-01 22:00:00,5.0,28.86
2016-11-01 23:00:00,6.4,16.02
2016-11-02 00:00:00,3.9,27.11
2016-11-02 01:00:00,3.3,15.12
2016-11-02 02:00:00,4.1,13.2
2016-11-02 03:00:00,5.5,12.26
2016-11-02 04:00:00,5.1,13.16
2016-11-02 05:00:00,5.0,21.01
2016-11-02 06:00:00,5.4,33.85
2016-11-02 07:00:00,5.4,39.04
2016-11-02 08:00:00,6.0,36.54
2016-11-02 09:00:00,8.2,36.72
2016-11-02 10:00:00,8.5,33.19
2016-11-02 11:00:00,9.0,34.07
2016-11-02 12:00:00,8.9,32.93
2016-11-02 13:00:00,9.6,33.18
2016-11-02 14:00:00,8.4,33.06
2016-11-02 15:00:00,8.0,33.99
2016-11-02 16:00:00,7.4,39.16
2016-11-02 17:00:00,7.1,52.91
2016-11-02 18:00:00,7.1,52.46
2016-11-02 19:00:00,7.8,51.46
2016-11-02 20:00:00,6.8,39.98
2016-11-02 21:00:00,5.5,37.52
2016-11-02 22:00:00,5.2,35.18
2016-11-02 23:00:00,4.6,35.67
2016-11-03 00:00:00,4.2,35.05
2016-11-03 01:00:00,4.7,35.07
2016-11-03 02:00:00,5.0,34.74
2016-11-03 03:00:00,5.0,35.87
2016-11-03 04:00:00,5.5,36.74
2016-11-03 05:00:00,4.8,38.95
2016-11-03 06:00:00,4.5,47.23
2016-11-03 07:00:00,3.5,53.41
2016-11-03 08:00:00,4.3,56.06
2016-11-03 09:00:00,4.6,50.11
2016-11-03 10:00:00,4.2,46.86
2016-11-03 11:00:00,4.5,47.63
2016-11-03 12:00:00,4.3,48.0
2016-11-03 13:00:00,4.5,48.95
2016-11-03 14:00:00,3.4,48.96
2016-11-03 15:00:00,3.6,59.6
2016-11-03 16:00:00,2.1,56.35
2016-11-03 17:00:00,1.3,59.99
2016-11-03 18:00:00,1.3,56.03
2016-11-03 19:00:00,1.2,48.88
2016-11-03 20:00:00,1.3,42.41
2016-11-03 21:00:00,1.1,37.27
2016-11-03 22:00:00,1.4,36.24
2016-11-03 23:00:00,1.4,33.98
2016-11-04 00:00:00,1.6,32.4
2016-11-04 01:00:00,2.1,32.42
2016-11-04 02:00:00,2.6,30.96
2016-11-04 03:00:00,2.5,30.8
2016-11-04 04:00:00,2.1,31.98
2016-11-04 05:00:00,1.7,34.13
2016-11-04 06:00:00,1.9,36.98
2016-11-04 07:00:00,2.6,46.78
2016-11-04 08:00:00,2.7,48.69
2016-11-04 09:00:00,2.9,47.94
2016-11-04 10:00:00,2.5,40.86
2016-11-04 11:00:00,3.0,42.83
2016-11-04 12:00:00,3.2,38.05
2016-11-04 13:00:00,3.0,40.49
2016-11-04 14:00:00,3.4,43.15
2016-11-04 15:00:00,3.4,49.91
2016-11-04 16:00:00,3.5,48.73
2016-11-04 17:00:00,2.6,52.19
2016-11-04 18:00:00,2.2,49.6
2016-11-04 19:00:00,2.2,40.15
2016-11-04 20:00:00,2.0,39.23
2016-11-04 21:00:00,2.4,38.31
2016-11-04 22:00:00,2.6,37.02
2016-11-04 23:00:00,3.2,34.9
2016-11-05 00:00:00,3.1,37.05
2016-11-05 01:00:00,3.4,37.07
2016-11-05 02:00:00,3.3,36.77
2016-11-05 03:00:00,2.7,35.97
2016-11-05 04:00:00,2.8,35.54
2016-11-05 05:00:00,3.6,35.93
2016-11-05 06:00:00,4.1,36.5
2016-11-05 07:00:00,3.8,37.02
2016-11-05 08:00:00,4.3,38.96
2016-11-05 09:00:00,4.4,39.89
2016-11-05 10:00:00,4.5,41.16
2016-11-05 11:00:00,5.0,44.79
2016-11-05 12:00:00,4.3,46.54
2016-11-05 13:00:00,4.4,40.8
2016-11-05 14:00:00,3.8,39.35
2016-11-05 15:00:00,2.0,38.88
2016-11-05 16:00:00,2.2,42.65
2016-11-05 17:00:00,1.6,48.1
2016-11-05 18:00:00,0.7,44.78
2016-11-05 19:00:00,1.0,40.91
2016-11-05 20:00:00,1.3,37.07
2016-11-05 21:00:00,2.4,34.32
2016-11-05 22:00:00,2.9,32.71
2016-11-05 23:00:00,3.0,29.94
2016-11-06 00:00:00,2.4,32.23
2016-11-06 01:00:00,2.4,27.78
2016-11-06 02:00:00,3.2,27.95
2016-11-06 03:00:00,2.7,25.03
2016-11-06 04:00:00,1.5,30.1
2016-11-06 05:00:00,1.8,29.82
2016-11-06 06:00:00,1.4,30.89
2016-11-06 07:00:00,1.3,30.88
2016-11-06 08:00:00,1.6,33.81
2016-11-06 09:00:00,2.3,37.02
2016-11-06 10:00:00,3.2,37.93
2016-11-06 11:00:00,2.0,41.58
2016-11-06 12:00:00,2.4,38.94
2016-11-06 13:00:00,2.5,37.07
2016-11-06 14:00:00,2.4,37.09
2016-11-06 15:00:00,2.6,37.0
2016-11-06 16:00:00,1.9,39.5
2016-11-06 17:00:00,1.9,48.51
2016-11-06 18:00:00,1.8,47.96
2016-11-06 19:00:00,1.5,43.27
2016-11-06 20:00:00,1.3,37.05
2016-11-06 21:00:00,2.3,36.0
2016-11-06 22:00:00,1.8,33.33
2016-11-06 23:00:00,2.7,30.23
2016-11-07 00:00:00,2.2,10.72
2016-11-07 01:00:00,2.7,13.61
2016-11-07 02:00:00,2.9,13.69
2016-11-07 03:00:00,2.8,12.6
2016-11-07 04:00:00,3.0,11.94
2016-11-07 05:00:00,3.4,15.82
2016-11-07 06:00:00,4.0,33.02
2016-11-07 07:00:00,3.4,40.81
2016-11-07 08:00:00,3.3,38.01
2016-11-07 09:00:00,3.8,38.07
2016-11-07 10:00:00,3.7,39.93
2016-11-07 11:00:00,3.0,39.98
2016-11-07 12:00:00,4.3,41.76
2016-11-07 13:00:00,3.9,42.67
2016-11-07 14:00:00,2.9,46.9
2016-11-07 15:00:00,2.7,53.03
2016-11-07 16:00:00,1.8,58.45
2016-11-07 17:00:00,2.3,69.83
2016-11-07 18:00:00,1.9,65.94
2016-11-07 19:00:00,1.6,59.93
2016-11-07 20:00:00,2.2,49.99
2016-11-07 21:00:00,1.7,37.85
2016-11-07 22:00:00,1.3,39.7
2016-11-07 23:00:00,1.4,38.05
2016-11-08 00:00:00,1.4,37.47
2016-11-08 01:00:00,1.1,36.65
2016-11-08 02:00:00,1.4,36.09
2016-11-08 03:00:00,1.5,36.17
2016-11-08 04:00:00,1.9,37.13
2016-11-08 05:00:00,1.9,37.17
2016-11-08 06:00:00,2.1,46.77
2016-11-08 07:00:00,2.1,61.65
2016-11-08 08:00:00,2.4,64.64
2016-11-08 09:00:00,3.1,63.89
2016-11-08 10:00:00,3.3,58.97
2016-11-08 11:00:00,3.4,58.99
2016-11-08 12:00:00,3.4,58.47
2016-11-08 13:00:00,3.9,58.94
2016-11-08 14:00:00,3.0,62.13
2016-11-08 15:00:00,2.9,67.91
2016-11-08 16:00:00,3.5,84.92
2016-11-08 17:00:00,3.2,104.96
2016-11-08 18:00:00,3.0,70.03
2016-11-08 19:00:00,3.2,56.43
2016-11-08 20:00:00,3.7,44.15
2016-11-08 21:00:00,3.2,42.45
2016-11-08 22:00:00,2.3,40.0
2016-11-08 23:00:00,1.9,35.98
2016-11-09 00:00:00,1.1,35.6
2016-11-09 01:00:00,1.0,33.38
2016-11-09 02:00:00,0.7,31.46
2016-11-09 03:00:00,1.3,31.48
2016-11-09 04:00:00,1.4,34.23
2016-11-09 05:00:00,1.1,35.77
2016-11-09 06:00:00,1.0,39.77
2016-11-09 07:00:00,0.6,55.2
2016-11-09 08:00:00,0.7,55.2
2016-11-09 09:00:00,1.3,54.96
2016-11-09 10:00:00,2.3,49.72
2016-11-09 11:00:00,2.5,56.92
2016-11-09 12:00:00,2.7,55.82
2016-11-09 13:00:00,2.4,55.58
2016-11-09 14:00:00,2.4,54.28
2016-11-09 15:00:00,2.2,55.08
2016-11-09 16:00:00,1.5,62.21
2016-11-09 17:00:00,1.7,78.44
2016-11-09 18:00:00,2.3,60.93
2016-11-09 19:00:00,2.5,58.5
2016-11-09 20:00:00,2.4,48.22
2016-11-09 21:00:00,2.6,40.85
2016-11-09 22:00:00,2.5,39.5
2016-11-09 23:00:00,2.2,36.1
2016-11-10 00:00:00,2.5,33.53
2016-11-10 01:00:00,2.7,32.95
2016-11-10 02:00:00,3.0,31.69
2016-11-10 03:00:00,3.3,33.2
2016-11-10 04:00:00,3.2,33.53
2016-11-10 05:00:00,3.2,35.0
2016-11-10 06:00:00,2.9,41.48
2016-11-10 07:00:00,3.3,50.37
2016-11-10 08:00:00,4.2,58.91
2016-11-10 09:00:00,3.9,59.98
2016-11-10 10:00:00,3.1,58.52
2016-11-10 11:00:00,2.3,59.93
2016-11-10 12:00:00,2.5,61.1
2016-11-10 13:00:00,2.2,65.01
2016-11-10 14:00:00,1.4,63.24
2016-11-10 15:00:00,1.5,65.08
2016-11-10 16:00:00,1.2,63.08
2016-11-10 17:00:00,1.4,98.15
2016-11-10 18:00:00,1.4,67.87
2016-11-10 19:00:00,1.2,60.24
2016-11-10 20:00:00,0.8,50.39
2016-11-10 21:00:00,0.8,41.96
2016-11-10 22:00:00,0.9,39.72
2016-11-10 23:00:00,0.9,37.76
2016-11-11 00:00:00,0.5,37.07
2016-11-11 01:00:00,1.2,36.22
2016-11-11 02:00:00,1.6,34.9
2016-11-11 03:00:00,1.8,34.46
2016-11-11 04:00:00,1.8,36.46
2016-11-11 05:00:00,1.5,35.45
2016-11-11 06:00:00,2.3,37.6
2016-11-11 07:00:00,2.2,48.46
2016-11-11 08:00:00,2.5,54.97
2016-11-11 09:00:00,3.0,54.92
2016-11-11 10:00:00,3.3,55.9
2016-11-11 11:00:00,2.9,55.93
2016-11-11 12:00:00,2.4,54.93
2016-11-11 13:00:00,3.2,54.42
2016-11-11 14:00:00,2.6,51.7
2016-11-11 15:00:00,2.4,51.71
2016-11-11 16:00:00,2.8,57.91
2016-11-11 17:00:00,2.5,64.92
2016-11-11 18:00:00,3.2,56.94
2016-11-11 19:00:00,1.7,56.25
2016-11-11 20:00:00,0.7,45.79
2016-11-11 21:00:00,1.6,42.09
2016-11-11 22:00:00,1.2,43.48
2016-11-11 23:00:00,1.1,41.27
2016-11-12 00:00:00,0.7,40.21
2016-11-12 01:00:00,1.0,38.31
2016-11-12 02:00:00,1.0,36.78
2016-11-12 03:00:00,0.9,36.09
2016-11-12 04:00:00,0.9,36.05
2016-11-12 05:00:00,1.3,36.09
2016-11-12 06:00:00,1.3,36.33
2016-11-12 07:00:00,1.1,38.38
2016-11-12 08:00:00,1.8,42.21
2016-11-12 09:00:00,1.9,45.77
2016-11-12 10:00:00,1.9,46.52
2016-11-12 11:00:00,2.6,43.34
2016-11-12 12:00:00,1.9,39.94
2016-11-12 13:00:00,2.0,40.86
2016-11-12 14:00:00,1.4,36.09
2016-11-12 15:00:00,1.9,38.06
2016-11-12 16:00:00,0.8,45.9
2016-11-12 17:00:00,0.4,51.17
2016-11-12 18:00:00,0.6,48.32
2016-11-12 19:00:00,1.1,39.15
2016-11-12 20:00:00,1.7,36.1
2016-11-12 21:00:00,2.1,34.77
2016-11-12 22:00:00,1.6,34.99
2016-11-12 23:00:00,1.3,34.34
2016-11-13 00:00:00,1.9,32.99
2016-11-13 01:00:00,1.0,34.15
2016-11-13 02:00:00,0.4,32.95
2016-11-13 03:00:00,0.6,31.76
2016-11-13 04:00:00,0.8,31.46
2016-11-13 05:00:00,0.6,31.43
2016-11-13 06:00:00,1.2,31.63
2016-11-13 07:00:00,0.9,31.46
2016-11-13 08:00:00,1.2,35.07
2016-11-13 09:00:00,1.4,36.02
2016-11-13 10:00:00,0.7,35.57
2016-11-13 11:00:00,0.5,36.37
2016-11-13 12:00:00,0.9,36.1
2016-11-13 13:00:00,1.3,36.05
2016-11-13 14:00:00,1.8,36.28
2016-11-13 15:00:00,2.1,39.37
2016-11-13 16:00:00,0.8,44.74
2016-11-13 17:00:00,0.8,48.82
2016-11-13 18:00:00,0.3,48.29
2016-11-13 19:00:00,0.9,46.07
2016-11-13 20:00:00,0.5,40.9
2016-11-13 21:00:00,0.7,38.06
2016-11-13 22:00:00,0.7,37.44
2016-11-13 23:00:00,0.6,35.91
2016-11-14 00:00:00,0.9,32.56
2016-11-14 01:00:00,0.9,31.61
2016-11-14 02:00:00,0.9,31.79
2016-11-14 03:00:00,0.5,31.68
2016-11-14 04:00:00,0.7,31.68
2016-11-14 05:00:00,0.5,32.69
2016-11-14 06:00:00,0.6,43.92
2016-11-14 07:00:00,0.7,54.92
2016-11-14 08:00:00,0.6,51.19
2016-11-14 09:00:00,0.7,38.49
2016-11-14 10:00:00,1.6,37.07
2016-11-14 11:00:00,1.1,36.94
2016-11-14 12:00:00,1.8,39.51
2016-11-14 13:00:00,2.2,37.84
2016-11-14 14:00:00,2.0,42.03
2016-11-14 15:00:00,1.1,51.19
2016-11-14 16:00:00,0.8,49.95
2016-11-14 17:00:00,1.0,56.09
2016-11-14 18:00:00,1.7,46.98
2016-11-14 19:00:00,2.8,38.58
2016-11-14 20:00:00,2.8,40.07
2016-11-14 21:00:00,3.0,35.36
2016-11-14 22:00:00,3.0,32.67
2016-11-14 23:00:00,3.0,31.72
2016-11-15 00:00:00,2.8,30.08
2016-11-15 01:00:00,3.2,30.18
2016-11-15 02:00:00,3.4,27.68
2016-11-15 03:00:00,3.2,26.58
2016-11-15 04:00:00,3.3,30.07
2016-11-15 05:00:00,3.1,31.67
2016-11-15 06:00:00,3.3,36.6
2016-11-15 07:00:00,3.9,44.65
2016-11-15 08:00:00,3.9,43.94
2016-11-15 09:00:00,4.8,43.96
2016-11-15 10:00:00,4.6,43.96
2016-11-15 11:00:00,4.0,44.65
2016-11-15 12:00:00,4.1,43.08
2016-11-15 13:00:00,3.2,43.58
2016-11-15 14:00:00,2.6,43.97
2016-11-15 15:00:00,3.1,44.01
2016-11-15 16:00:00,2.5,44.97
2016-11-15 17:00:00,2.8,51.98
2016-11-15 18:00:00,3.7,48.02
2016-11-15 19:00:00,4.3,52.91
2016-11-15 20:00:00,4.6,44.74
2016-11-15 21:00:00,4.8,38.22
2016-11-15 22:00:00,4.8,38.42
2016-11-15 23:00:00,4.7,35.4
2016-11-16 00:00:00,5.0,35.55
2016-11-16 01:00:00,5.3,34.14
2016-11-16 02:00:00,5.4,33.4
2016-11-16 03:00:00,4.1,33.45
2016-11-16 04:00:00,4.1,33.05
2016-11-16 05:00:00,4.1,38.59
2016-11-16 06:00:00,3.9,46.99
2016-11-16 07:00:00,3.4,51.92
2016-11-16 08:00:00,3.0,55.96
2016-11-16 09:00:00,2.9,57.81
2016-11-16 10:00:00,3.0,56.36
2016-11-16 11:00:00,3.1,53.96
2016-11-16 12:00:00,2.7,46.9
2016-11-16 13:00:00,2.9,45.36
2016-11-16 14:00:00,3.0,40.94
2016-11-16 15:00:00,2.6,40.11
2016-11-16 16:00:00,2.3,40.83
2016-11-16 17:00:00,3.1,48.91
2016-11-16 18:00:00,4.1,46.95
2016-11-16 19:00:00,4.5,46.95
2016-11-16 20:00:00,4.3,40.58
2016-11-16 21:00:00,4.0,36.12
2016-11-16 22:00:00,4.2,36.13
2016-11-16 23:00:00,3.9,31.73
2016-11-17 00:00:00,4.3,27.1
2016-11-17 01:00:00,4.4,26.44
2016-11-17 02:00:00,4.8,22.38
2016-11-17 03:00:00,4.8,24.99
2016-11-17 04:00:00,5.0,28.16
2016-11-17 05:00:00,4.4,30.85
2016-11-17 06:00:00,4.8,38.54
2016-11-17 07:00:00,5.1,47.94
2016-11-17 08:00:00,5.0,48.93
2016-11-17 09:00:00,4.7,43.14
2016-11-17 10:00:00,5.3,42.93
2016-11-17 11:00:00,3.8,43.91
2016-11-17 12:00:00,3.7,43.65
2016-11-17 13:00:00,3.3,41.66
2016-11-17 14:00:00,4.7,37.13
2016-11-17 15:00:00,4.4,37.36
2016-11-17 16:00:00,4.6,37.91
2016-11-17 17:00:00,4.9,37.99
2016-11-17 18:00:00,4.7,37.47
2016-11-17 19:00:00,4.9,35.62
2016-11-17 20:00:00,3.7,32.08
2016-11-17 21:00:00,4.0,26.92
2016-11-17 22:00:00,3.6,13.72
2016-11-17 23:00:00,4.4,8.26
2016-11-18 00:00:00,4.7,0.1
2016-11-18 01:00:00,4.7,-12.1
2016-11-18 02:00:00,4.9,-10.0
2016-11-18 03:00:00,4.9,-0.01
2016-11-18 04:00:00,5.2,8.86
2016-11-18 05:00:00,5.3,13.22
2016-11-18 06:00:00,6.0,29.83
2016-11-18 07:00:00,5.8,37.88
2016-11-18 08:00:00,5.3,34.74
2016-11-18 09:00:00,6.0,34.65
2016-11-18 10:00:00,6.7,33.86
2016-11-18 11:00:00,6.0,33.13
2016-11-18 12:00:00,8.4,31.04
2016-11-18 13:00:00,6.6,31.06
2016-11-18 14:00:00,5.8,31.79
2016-11-18 15:00:00,2.9,35.99
2016-11-18 16:00:00,2.8,39.96
2016-11-18 17:00:00,3.0,39.98
2016-11-18 18:00:00,3.8,39.02
2016-11-18 19:00:00,4.2,34.06
2016-11-18 20:00:00,4.8,34.02
2016-11-18 21:00:00,3.9,27.66
2016-11-18 22:00:00,3.1,17.88
2016-11-18 23:00:00,3.0,13.57
2016-11-19 00:00:00,3.3,13.79
2016-11-19 01:00:00,3.1,12.69
2016-11-19 02:00:00,3.2,12.85
2016-11-19 03:00:00,2.6,15.18
2016-11-19 04:00:00,2.7,20.56
2016-11-19 05:00:00,3.4,18.58
2016-11-19 06:00:00,3.1,20.2
2016-11-19 07:00:00,3.3,33.36
2016-11-19 08:00:00,3.2,37.01
2016-11-19 09:00:00,2.9,41.08
2016-11-19 10:00:00,3.1,41.0
2016-11-19 11:00:00,2.5,40.1
2016-11-19 12:00:00,2.2,39.24
2016-11-19 13:00:00,3.1,36.97
2016-11-19 14:00:00,2.3,36.96
2016-11-19 15:00:00,2.0,39.96
2016-11-19 16:00:00,2.1,46.9
2016-11-19 17:00:00,2.0,46.95
2016-11-19 18:00:00,5.8,42.96
2016-11-19 19:00:00,3.4,39.97
2016-11-19 20:00:00,3.2,33.8
2016-11-19 21:00:00,4.1,33.08
2016-11-19 22:00:00,3.1,32.14
2016-11-19 23:00:00,2.7,22.09
2016-11-20 00:00:00,2.3,13.66
2016-11-20 01:00:00,2.2,13.62
2016-11-20 02:00:00,2.7,14.66
2016-11-20 03:00:00,3.2,13.61
2016-11-20 04:00:00,3.1,13.64
2016-11-20 05:00:00,2.8,5.68
2016-11-20 06:00:00,3.3,1.0
2016-11-20 07:00:00,3.4,-0.01
2016-11-20 08:00:00,3.9,8.04
2016-11-20 09:00:00,3.8,5.68
2016-11-20 10:00:00,3.8,-0.44
2016-11-20 11:00:00,6.9,-0.04
2016-11-20 12:00:00,6.6,-9.94
2016-11-20 13:00:00,5.6,-22.17
2016-11-20 14:00:00,5.9,-30.41
2016-11-20 15:00:00,6.4,-15.68
2016-11-20 16:00:00,6.0,-29.04
2016-11-20 17:00:00,5.1,9.9
2016-11-20 18:00:00,5.4,8.06
2016-11-20 19:00:00,5.9,8.99
2016-11-20 20:00:00,5.0,-1.58
2016-11-20 21:00:00,5.7,-3.35
2016-11-20 22:00:00,5.5,3.45
2016-11-20 23:00:00,5.5,-14.91
2016-11-21 00:00:00,5.0,13.56
2016-11-21 01:00:00,5.1,8.81
2016-11-21 02:00:00,4.5,9.79
2016-11-21 03:00:00,3.6,11.01
2016-11-21 04:00:00,3.6,10.88
2016-11-21 05:00:00,3.6,20.0
2016-11-21 06:00:00,3.4,38.71
2016-11-21 07:00:00,2.9,49.86
2016-11-21 08:00:00,2.8,49.4
2016-11-21 09:00:00,3.6,46.25
2016-11-21 10:00:00,4.3,41.15
2016-11-21 11:00:00,3.9,41.61
2016-11-21 12:00:00,3.9,41.75
2016-11-21 13:00:00,3.7,45.74
2016-11-21 14:00:00,3.5,46.91
2016-11-21 15:00:00,2.7,48.0
2016-11-21 16:00:00,3.7,44.72
2016-11-21 17:00:00,4.3,45.56
2016-11-21 18:00:00,4.1,38.71
2016-11-21 19:00:00,3.5,36.3
2016-11-21 20:00:00,3.9,35.75
2016-11-21 21:00:00,3.9,32.84
2016-11-21 22:00:00,4.2,32.46
2016-11-21 23:00:00,3.2,22.07
2016-11-22 00:00:00,3.2,24.1
2016-11-22 01:00:00,1.8,27.11
2016-11-22 02:00:00,1.6,21.49
2016-11-22 03:00:00,1.3,21.0
2016-11-22 04:00:00,1.9,19.99
2016-11-22 05:00:00,2.3,29.38
2016-11-22 06:00:00,2.4,33.89
2016-11-22 07:00:00,1.9,40.89
2016-11-22 08:00:00,2.6,39.43
2016-11-22 09:00:00,2.5,37.16
2016-11-22 10:00:00,2.8,35.85
2016-11-22 11:00:00,3.6,36.35
2016-11-22 12:00:00,3.0,37.0
2016-11-22 13:00:00,3.1,38.46
2016-11-22 14:00:00,2.3,46.02
2016-11-22 15:00:00,2.3,51.94
2016-11-22 16:00:00,2.5,51.51
2016-11-22 17:00:00,2.7,64.2
2016-11-22 18:00:00,2.3,54.67
2016-11-22 19:00:00,2.2,51.99
2016-11-22 20:00:00,1.9,46.98
2016-11-22 21:00:00,1.5,38.77
2016-11-22 22:00:00,1.3,37.17
2016-11-22 23:00:00,1.1,34.8
2016-11-23 00:00:00,1.4,34.61
2016-11-23 01:00:00,0.9,33.65
2016-11-23 02:00:00,1.0,33.46
2016-11-23 03:00:00,1.3,32.08
2016-11-23 04:00:00,0.6,33.54
2016-11-23 05:00:00,1.0,35.38
2016-11-23 06:00:00,0.8,46.34
2016-11-23 07:00:00,0.7,48.81
2016-11-23 08:00:00,0.9,51.1
2016-11-23 09:00:00,1.6,53.94
2016-11-23 10:00:00,2.0,51.0
2016-11-23 11:00:00,3.2,51.95
2016-11-23 12:00:00,3.7,49.99
2016-11-23 13:00:00,3.2,51.92
2016-11-23 14:00:00,1.9,54.98
2016-11-23 15:00:00,1.8,58.48
2016-11-23 16:00:00,1.6,55.01
2016-11-23 17:00:00,2.0,62.0
2016-11-23 18:00:00,1.8,52.92
2016-11-23 19:00:00,1.1,50.0
2016-11-23 20:00:00,1.7,39.13
2016-11-23 21:00:00,1.5,37.21
2016-11-23 22:00:00,1.4,37.79
2016-11-23 23:00:00,0.4,33.99
2016-11-24 00:00:00,0.9,32.66
2016-11-24 01:00:00,0.5,31.61
2016-11-24 02:00:00,0.3,30.8
2016-11-24 03:00:00,0.4,29.58
2016-11-24 04:00:00,0.5,29.76
2016-11-24 05:00:00,0.5,32.44
2016-11-24 06:00:00,0.4,36.5
2016-11-24 07:00:00,0.5,43.12
2016-11-24 08:00:00,1.1,45.97
2016-11-24 09:00:00,2.0,44.96
2016-11-24 10:00:00,2.0,43.69
2016-11-24 11:00:00,2.5,44.25
2016-11-24 12:00:00,2.4,42.87
2016-11-24 13:00:00,2.2,42.91
2016-11-24 14:00:00,2.2,42.77
2016-11-24 15:00:00,2.0,44.59
2016-11-24 16:00:00,2.9,49.36
2016-11-24 17:00:00,3.1,50.97
2016-11-24 18:00:00,3.8,45.23
2016-11-24 19:00:00,3.4,44.1
2016-11-24 20:00:00,3.7,38.07
2016-11-24 21:00:00,2.5,37.71
2016-11-24 22:00:00,2.8,35.88
2016-11-24 23:00:00,1.8,33.62
2016-11-25 00:00:00,1.9,35.23
2016-11-25 01:00:00,2.3,32.99
2016-11-25 02:00:00,1.3,32.02
2016-11-25 03:00:00,2.6,31.05
2016-11-25 04:00:00,2.4,31.18
2016-11-25 05:00:00,1.6,34.85
2016-11-25 06:00:00,1.7,37.98
2016-11-25 07:00:00,3.3,47.1
2016-11-25 08:00:00,2.7,48.49
2016-11-25 09:00:00,2.6,47.97
2016-11-25 10:00:00,2.5,47.42
2016-11-25 11:00:00,2.5,48.25
2016-11-25 12:00:00,3.2,47.95
2016-11-25 13:00:00,2.7,47.95
2016-11-25 14:00:00,2.8,47.92
2016-11-25 15:00:00,2.7,48.81
2016-11-25 16:00:00,2.6,49.96
2016-11-25 17:00:00,3.0,54.75
2016-11-25 18:00:00,2.2,48.29
2016-11-25 19:00:00,2.0,48.94
2016-11-25 20:00:00,1.8,43.52
2016-11-25 21:00:00,1.7,38.92
2016-11-25 22:00:00,1.4,38.67
2016-11-25 23:00:00,1.7,35.24
2016-11-26 00:00:00,0.9,32.5
2016-11-26 01:00:00,1.9,31.93
2016-11-26 02:00:00,1.1,31.82
2016-11-26 03:00:00,1.6,31.84
2016-11-26 04:00:00,1.5,32.07
2016-11-26 05:00:00,1.5,32.35
2016-11-26 06:00:00,1.4,33.36
2016-11-26 07:00:00,1.9,42.22
2016-11-26 08:00:00,2.1,44.1
2016-11-26 09:00:00,2.9,46.76
2016-11-26 10:00:00,3.3,48.92
2016-11-26 11:00:00,3.2,48.56
2016-11-26 12:00:00,3.9,47.91
2016-11-26 13:00:00,3.8,43.97
2016-11-26 14:00:00,3.5,38.24
2016-11-26 15:00:00,4.3,40.44
2016-11-26 16:00:00,5.0,45.3
2016-11-26 17:00:00,5.1,47.96
2016-11-26 18:00:00,5.0,43.95
2016-11-26 19:00:00,4.7,37.5
2016-11-26 20:00:00,5.1,32.91
2016-11-26 21:00:00,4.7,32.75
2016-11-26 22:00:00,5.0,31.72
2016-11-26 23:00:00,4.9,28.25
2016-11-27 00:00:00,4.8,22.92
2016-11-27 01:00:00,5.6,21.14
2016-11-27 02:00:00,5.2,20.25
2016-11-27 03:00:00,5.6,20.28
2016-11-27 04:00:00,6.1,20.95
2016-11-27 05:00:00,5.9,27.0
2016-11-27 06:00:00,6.7,28.02
2016-11-27 07:00:00,7.1,28.93
2016-11-27 08:00:00,6.4,31.35
2016-11-27 09:00:00,6.2,33.19
2016-11-27 10:00:00,5.9,34.24
2016-11-27 11:00:00,5.9,38.13
2016-11-27 12:00:00,6.0,35.69
2016-11-27 13:00:00,6.3,33.44
2016-11-27 14:00:00,6.4,33.53
2016-11-27 15:00:00,4.5,34.2
2016-11-27 16:00:00,3.5,37.48
2016-11-27 17:00:00,4.4,41.07
2016-11-27 18:00:00,4.3,41.05
2016-11-27 19:00:00,5.4,36.08
2016-11-27 20:00:00,5.0,34.69
2016-11-27 21:00:00,4.9,32.69
2016-11-27 22:00:00,4.0,32.16
2016-11-27 23:00:00,4.3,28.43
2016-11-28 00:00:00,4.4,27.06
2016-11-28 01:00:00,4.4,28.24
2016-11-28 02:00:00,4.0,24.31
2016-11-28 03:00:00,3.9,24.03
2016-11-28 04:00:00,4.2,26.81
2016-11-28 05:00:00,4.1,31.96
2016-11-28 06:00:00,4.3,37.94
2016-11-28 07:00:00,4.6,47.88
2016-11-28 08:00:00,4.6,46.99
2016-11-28 09:00:00,4.2,44.42
2016-11-28 10:00:00,4.2,37.92
2016-11-28 11:00:00,4.5,43.53
2016-11-28 12:00:00,5.9,37.38
2016-11-28 13:00:00,5.4,44.81
2016-11-28 14:00:00,4.3,45.77
2016-11-28 15:00:00,3.6,51.38
2016-11-28 16:00:00,3.1,57.21
2016-11-28 17:00:00,3.5,65.11
2016-11-28 18:00:00,3.2,51.42
2016-11-28 19:00:00,2.5,48.5
2016-11-28 20:00:00,2.3,45.97
2016-11-28 21:00:00,2.6,39.29
2016-11-28 22:00:00,1.9,36.14
2016-11-28 23:00:00,1.5,34.59
2016-11-29 00:00:00,1.6,36.92
2016-11-29 01:00:00,2.1,35.78
2016-11-29 02:00:00,2.5,34.81
2016-11-29 03:00:00,1.9,34.43
2016-11-29 04:00:00,2.9,34.89
2016-11-29 05:00:00,3.3,36.75
2016-11-29 06:00:00,2.5,44.68
2016-11-29 07:00:00,1.9,54.95
2016-11-29 08:00:00,3.9,52.65
2016-11-29 09:00:00,3.6,48.5
2016-11-29 10:00:00,5.1,43.69
2016-11-29 11:00:00,6.6,42.2
2016-11-29 12:00:00,6.4,40.42
2016-11-29 13:00:00,6.4,41.75
2016-11-29 14:00:00,5.5,43.12
2016-11-29 15:00:00,4.8,50.94
2016-11-29 16:00:00,4.1,55.58
2016-11-29 17:00:00,3.3,55.66
2016-11-29 18:00:00,3.3,52.61
2016-11-29 19:00:00,1.8,47.94
2016-11-29 20:00:00,2.3,39.97
2016-11-29 21:00:00,3.0,35.9
2016-11-29 22:00:00,2.0,32.9
2016-11-29 23:00:00,2.0,30.38
2016-11-30 00:00:00,2.3,27.75
2016-11-30 01:00:00,3.1,27.36
2016-11-30 02:00:00,3.4,27.02
2016-11-30 03:00:00,5.2,25.3
2016-11-30 04:00:00,6.1,28.04
2016-11-30 05:00:00,6.4,29.93
2016-11-30 06:00:00,5.9,34.13
2016-11-30 07:00:00,7.0,47.92
2016-11-30 08:00:00,7.0,47.91
2016-11-30 09:00:00,7.0,44.47
2016-11-30 10:00:00,7.2,37.49
2016-11-30 11:00:00,7.5,37.91
2016-11-30 12:00:00,8.8,37.42
2016-11-30 13:00:00,9.2,35.98
2016-11-30 14:00:00,7.4,39.33
2016-11-30 15:00:00,6.9,38.74
2016-11-30 16:00:00,5.0,44.75
2016-11-30 17:00:00,6.0,46.93
2016-11-30 18:00:00,7.9,39.95
2016-11-30 19:00:00,7.4,39.47
2016-11-30 20:00:00,7.9,35.08
2016-11-30 21:00:00,7.9,32.58
2016-11-30 22:00:00,8.1,31.86
2016-11-30 23:00:00,7.6,27.0
2016-12-01 00:00:00,8.6,26.79
2016-12-01 01:00:00,8.5,14.95
2016-12-01 02:00:00,8.4,11.95
2016-12-01 03:00:00,8.8,10.27
2016-12-01 04:00:00,8.4,11.29
2016-12-01 05:00:00,8.4,21.93
2016-12-01 06:00:00,8.6,32.06
2016-12-01 07:00:00,9.0,35.39
2016-12-01 08:00:00,9.5,34.36
2016-12-01 09:00:00,9.9,37.01
2016-12-01 10:00:00,10.3,38.79
2016-12-01 11:00:00,9.9,36.36
2016-12-01 12:00:00,10.1,33.99
2016-12-01 13:00:00,10.3,32.29
2016-12-01 14:00:00,10.4,31.37
2016-12-01 15:00:00,10.2,31.38
2016-12-01 16:00:00,10.3,32.38
2016-12-01 17:00:00,10.3,35.73
2016-12-01 18:00:00,10.1,32.94
2016-12-01 19:00:00,10.4,33.86
2016-12-01 20:00:00,10.8,31.32
2016-12-01 21:00:00,9.9,28.01
2016-12-01 22:00:00,10.6,19.66
2016-12-01 23:00:00,10.9,8.94
2016-12-02 00:00:00,10.4,7.23
2016-12-02 01:00:00,10.9,7.2
2016-12-02 02:00:00,10.2,6.07
2016-12-02 03:00:00,9.5,8.79
2016-12-02 04:00:00,6.6,19.83
2016-12-02 05:00:00,5.1,26.88
2016-12-02 06:00:00,7.0,31.87
2016-12-02 07:00:00,5.7,46.06
2016-12-02 08:00:00,6.1,46.94
2016-12-02 09:00:00,6.2,44.71
2016-12-02 10:00:00,7.0,43.5
2016-12-02 11:00:00,6.8,46.9
2016-12-02 12:00:00,6.8,46.93
2016-12-02 13:00:00,6.9,47.97
2016-12-02 14:00:00,5.6,49.54
2016-12-02 15:00:00,4.1,51.11
2016-12-02 16:00:00,2.7,49.99
2016-12-02 17:00:00,2.6,56.85
2016-12-02 18:00:00,3.4,58.1
2016-12-02 19:00:00,3.4,50.03
2016-12-02 20:00:00,3.2,52.07
2016-12-02 21:00:00,2.6,47.91
2016-12-02 22:00:00,2.1,44.02
2016-12-02 23:00:00,2.5,36.03
2016-12-03 00:00:00,3.1,32.9
2016-12-03 01:00:00,2.3,33.11
2016-12-03 02:00:00,2.7,33.71
2016-12-03 03:00:00,2.6,33.49
2016-12-03 04:00:00,2.3,33.63
2016-12-03 05:00:00,1.9,33.21
2016-12-03 06:00:00,2.0,36.69
2016-12-03 07:00:00,1.8,36.0
2016-12-03 08:00:00,1.9,39.0
2016-12-03 09:00:00,2.3,45.96
2016-12-03 10:00:00,3.4,40.13
2016-12-03 11:00:00,2.4,38.22
2016-12-03 12:00:00,2.4,37.32
2016-12-03 13:00:00,2.5,36.18
2016-12-03 14:00:00,2.4,39.69
2016-12-03 15:00:00,1.9,47.94
2016-12-03 16:00:00,1.4,52.0
2016-12-03 17:00:00,1.2,64.6
2016-12-03 18:00:00,1.1,58.94
2016-12-03 19:00:00,1.0,48.9
2016-12-03 20:00:00,1.2,44.97
2016-12-03 21:00:00,1.0,40.73
2016-12-03 22:00:00,1.3,41.9
2016-12-03 23:00:00,1.6,34.42
2016-12-04 00:00:00,1.8,35.6
2016-12-04 01:00:00,1.2,33.9
2016-12-04 02:00:00,1.2,34.22
2016-12-04 03:00:00,0.8,34.28
2016-12-04 04:00:00,1.7,33.75
2016-12-04 05:00:00,1.2,33.75
2016-12-04 06:00:00,1.3,33.85
2016-12-04 07:00:00,1.1,33.1
2016-12-04 08:00:00,1.2,35.08
2016-12-04 09:00:00,0.9,36.28
2016-12-04 10:00:00,0.5,35.88
2016-12-04 11:00:00,2.5,36.33
2016-12-04 12:00:00,2.0,34.42
2016-12-04 13:00:00,1.2,34.02
2016-12-04 14:00:00,1.0,34.2
2016-12-04 15:00:00,0.9,35.68
2016-12-04 16:00:00,0.6,44.0
2016-12-04 17:00:00,0.5,47.98
2016-12-04 18:00:00,0.4,48.96
2016-12-04 19:00:00,0.5,49.9
2016-12-04 20:00:00,0.4,46.95
2016-12-04 21:00:00,1.2,43.91
2016-12-04 22:00:00,0.9,46.34
2016-12-04 23:00:00,0.5,35.75
2016-12-05 00:00:00,0.6,35.77
2016-12-05 01:00:00,0.6,35.03
2016-12-05 02:00:00,0.7,33.56
2016-12-05 03:00:00,0.7,33.27
2016-12-05 04:00:00,0.5,34.93
2016-12-05 05:00:00,0.6,37.44
2016-12-05 06:00:00,1.4,50.38
2016-12-05 07:00:00,0.4,62.55
2016-12-05 08:00:00,0.8,64.79
2016-12-05 09:00:00,0.9,56.45
2016-12-05 10:00:00,1.4,47.93
2016-12-05 11:00:00,2.3,46.98
2016-12-05 12:00:00,2.7,39.65
2016-12-05 13:00:00,2.4,54.45
2016-12-05 14:00:00,2.9,62.36
2016-12-05 15:00:00,2.9,62.36
2016-12-05 16:00:00,2.6,63.45
2016-12-05 17:00:00,2.2,78.39
2016-12-05 18:00:00,1.9,58.42
2016-12-05 19:00:00,2.2,56.96
2016-12-05 20:00:00,1.3,48.9
2016-12-05 21:00:00,1.7,40.99
2016-12-05 22:00:00,1.1,33.94
2016-12-05 23:00:00,0.7,33.51
2016-12-06 00:00:00,2.2,38.02
2016-12-06 01:00:00,3.2,41.58
2016-12-06 02:00:00,3.6,36.53
2016-12-06 03:00:00,3.6,38.15
2016-12-06 04:00:00,4.1,42.93
2016-12-06 05:00:00,4.4,46.66
2016-12-06 06:00:00,4.0,49.5
2016-12-06 07:00:00,3.6,74.73
2016-12-06 08:00:00,4.4,80.09
2016-12-06 09:00:00,5.1,76.0
2016-12-06 10:00:00,4.8,66.39
2016-12-06 11:00:00,4.3,58.99
2016-12-06 12:00:00,5.0,56.77
2016-12-06 13:00:00,4.1,58.12
2016-12-06 14:00:00,4.1,63.61
2016-12-06 15:00:00,4.0,66.31
2016-12-06 16:00:00,3.4,72.97
2016-12-06 17:00:00,3.4,89.25
2016-12-06 18:00:00,3.0,82.71
2016-12-06 19:00:00,2.5,75.39
2016-12-06 20:00:00,2.2,62.76
2016-12-06 21:00:00,1.2,46.98
2016-12-06 22:00:00,1.1,39.47
2016-12-06 23:00:00,1.9,36.08
2016-12-07 00:00:00,1.6,33.09
2016-12-07 01:00:00,1.6,32.77
2016-12-07 02:00:00,1.2,31.91
2016-12-07 03:00:00,1.0,31.41
2016-12-07 04:00:00,1.6,31.07
2016-12-07 05:00:00,2.0,32.43
2016-12-07 06:00:00,2.4,38.0
2016-12-07 07:00:00,1.8,45.28
2016-12-07 08:00:00,2.3,47.96
2016-12-07 09:00:00,2.6,46.95
2016-12-07 10:00:00,3.6,46.98
2016-12-07 11:00:00,4.6,44.89
2016-12-07 12:00:00,5.0,40.0
2016-12-07 13:00:00,4.8,39.13
2016-12-07 14:00:00,4.0,39.11
2016-12-07 15:00:00,3.4,41.12
2016-12-07 16:00:00,3.3,44.47
2016-12-07 17:00:00,3.0,45.28
2016-12-07 18:00:00,2.7,38.39
2016-12-07 19:00:00,3.7,36.03
2016-12-07 20:00:00,3.9,34.14
2016-12-07 21:00:00,2.9,32.03
2016-12-07 22:00:00,2.5,30.85
2016-12-07 23:00:00,2.7,27.03
2016-12-08 00:00:00,2.6,22.46
2016-12-08 01:00:00,2.1,13.7
2016-12-08 02:00:00,4.4,11.57
2016-12-08 03:00:00,5.3,11.79
2016-12-08 04:00:00,4.3,13.33
2016-12-08 05:00:00,3.8,17.94
2016-12-08 06:00:00,6.6,29.36
2016-12-08 07:00:00,7.2,33.56
2016-12-08 08:00:00,6.2,36.01
2016-12-08 09:00:00,7.2,36.34
2016-12-08 10:00:00,7.9,32.88
2016-12-08 11:00:00,8.4,31.97
2016-12-08 12:00:00,8.3,30.83
2016-12-08 13:00:00,8.0,32.46
2016-12-08 14:00:00,7.4,36.33
2016-12-08 15:00:00,5.9,42.33
2016-12-08 16:00:00,5.9,43.97
2016-12-08 17:00:00,6.5,46.99
2016-12-08 18:00:00,7.5,43.41
2016-12-08 19:00:00,7.1,39.96
2016-12-08 20:00:00,7.3,35.0
2016-12-08 21:00:00,8.4,30.7
2016-12-08 22:00:00,7.4,29.9
2016-12-08 23:00:00,7.0,27.27
2016-12-09 00:00:00,6.3,27.59
2016-12-09 01:00:00,5.7,25.56
2016-12-09 02:00:00,6.7,25.12
2016-12-09 03:00:00,6.6,25.52
2016-12-09 04:00:00,7.4,27.46
2016-12-09 05:00:00,6.4,27.55
2016-12-09 06:00:00,6.4,31.57
2016-12-09 07:00:00,6.0,44.47
2016-12-09 08:00:00,6.7,46.99
2016-12-09 09:00:00,6.0,43.68
2016-12-09 10:00:00,7.1,45.93
2016-12-09 11:00:00,6.8,42.51
2016-12-09 12:00:00,6.8,39.02
2016-12-09 13:00:00,6.6,37.5
2016-12-09 14:00:00,6.0,37.44
2016-12-09 15:00:00,5.9,40.82
2016-12-09 16:00:00,5.7,41.91
2016-12-09 17:00:00,5.2,41.96
2016-12-09 18:00:00,4.9,39.15
2016-12-09 19:00:00,4.4,40.86
2016-12-09 20:00:00,4.5,35.0
2016-12-09 21:00:00,4.5,32.46
2016-12-09 22:00:00,4.8,31.24
2016-12-09 23:00:00,4.7,29.0
2016-12-10 00:00:00,5.4,25.98
2016-12-10 01:00:00,4.5,24.02
2016-12-10 02:00:00,6.2,23.95
2016-12-10 03:00:00,7.5,20.3
2016-12-10 04:00:00,6.8,20.55
2016-12-10 05:00:00,6.7,23.25
2016-12-10 06:00:00,6.0,23.08
2016-12-10 07:00:00,5.6,24.13
2016-12-10 08:00:00,5.8,28.49
2016-12-10 09:00:00,6.6,31.08
2016-12-10 10:00:00,8.5,31.86
2016-12-10 11:00:00,8.8,33.77
2016-12-10 12:00:00,10.3,33.0
2016-12-10 13:00:00,9.6,32.35
2016-12-10 14:00:00,9.5,35.02
2016-12-10 15:00:00,8.7,41.92
2016-12-10 16:00:00,8.6,43.67
2016-12-10 17:00:00,8.2,50.03
2016-12-10 18:00:00,7.6,45.12
2016-12-10 19:00:00,7.5,40.17
2016-12-10 20:00:00,7.0,39.94
2016-12-10 21:00:00,7.8,34.72
2016-12-10 22:00:00,6.0,34.94
2016-12-10 23:00:00,4.9,31.4
2016-12-11 00:00:00,4.4,30.58
2016-12-11 01:00:00,4.1,28.44
2016-12-11 02:00:00,2.4,28.95
2016-12-11 03:00:00,1.6,28.08
2016-12-11 04:00:00,1.7,27.56
2016-12-11 05:00:00,4.0,27.94
2016-12-11 06:00:00,5.4,26.16
2016-12-11 07:00:00,6.2,26.51
2016-12-11 08:00:00,6.6,26.84
2016-12-11 09:00:00,7.8,29.51
2016-12-11 10:00:00,9.1,29.75
2016-12-11 11:00:00,9.5,30.42
2016-12-11 12:00:00,13.2,29.03
2016-12-11 13:00:00,11.3,25.1
2016-12-11 14:00:00,8.3,24.01
2016-12-11 15:00:00,6.9,24.7
2016-12-11 16:00:00,7.5,34.57
2016-12-11 17:00:00,7.2,32.83
2016-12-11 18:00:00,7.2,34.07
2016-12-11 19:00:00,7.9,32.9
2016-12-11 20:00:00,6.9,32.01
2016-12-11 21:00:00,7.0,29.09
2016-12-11 22:00:00,6.7,30.44
2016-12-11 23:00:00,6.6,25.92
2016-12-12 00:00:00,6.6,23.98
2016-12-12 01:00:00,7.2,28.82
2016-12-12 02:00:00,6.9,28.24
2016-12-12 03:00:00,7.4,27.49
2016-12-12 04:00:00,7.7,26.6
2016-12-12 05:00:00,7.5,28.78
2016-12-12 06:00:00,5.4,43.7
2016-12-12 07:00:00,4.9,57.36
2016-12-12 08:00:00,3.9,47.93
2016-12-12 09:00:00,4.3,50.09
2016-12-12 10:00:00,4.0,52.32
2016-12-12 11:00:00,4.5,59.54
2016-12-12 12:00:00,4.0,53.91
2016-12-12 13:00:00,3.2,63.67
2016-12-12 14:00:00,2.9,63.81
2016-12-12 15:00:00,2.4,56.29
2016-12-12 16:00:00,2.2,70.25
2016-12-12 17:00:00,1.6,80.62
2016-12-12 18:00:00,2.0,65.2
2016-12-12 19:00:00,1.4,57.18
2016-12-12 20:00:00,1.2,46.96
2016-12-12 21:00:00,1.6,37.73
2016-12-12 22:00:00,1.9,35.07
2016-12-12 23:00:00,1.9,33.33
2016-12-13 00:00:00,1.4,35.88
2016-12-13 01:00:00,1.7,33.04
2016-12-13 02:00:00,1.6,33.04
2016-12-13 03:00:00,1.4,33.02
2016-12-13 04:00:00,1.6,34.97
2016-12-13 05:00:00,1.3,32.84
2016-12-13 06:00:00,1.3,47.41
2016-12-13 07:00:00,1.4,49.9
2016-12-13 08:00:00,1.3,54.39
2016-12-13 09:00:00,2.0,58.12
2016-12-13 10:00:00,1.6,62.76
2016-12-13 11:00:00,1.8,60.09
2016-12-13 12:00:00,2.1,58.0
2016-12-13 13:00:00,2.5,59.39
2016-12-13 14:00:00,2.4,59.6
2016-12-13 15:00:00,2.5,61.6
2016-12-13 16:00:00,2.3,63.02
2016-12-13 17:00:00,3.3,70.42
2016-12-13 18:00:00,3.6,60.09
2016-12-13 19:00:00,3.8,57.76
2016-12-13 20:00:00,3.3,45.66
2016-12-13 21:00:00,2.5,40.19
2016-12-13 22:00:00,2.4,37.02
2016-12-13 23:00:00,2.6,32.53
2016-12-14 00:00:00,3.0,33.09
2016-12-14 01:00:00,2.8,33.28
2016-12-14 02:00:00,4.1,33.0
2016-12-14 03:00:00,3.7,32.64
2016-12-14 04:00:00,3.7,32.66
2016-12-14 05:00:00,3.4,36.9
2016-12-14 06:00:00,3.5,49.91
2016-12-14 07:00:00,3.7,75.06
2016-12-14 08:00:00,3.5,82.26
2016-12-14 09:00:00,2.8,78.58
2016-12-14 10:00:00,2.7,77.17
2016-12-14 11:00:00,3.1,75.94
2016-12-14 12:00:00,2.7,70.55
2016-12-14 13:00:00,1.8,69.91
2016-12-14 14:00:00,1.3,69.69
2016-12-14 15:00:00,2.2,72.52
2016-12-14 16:00:00,2.0,75.15
2016-12-14 17:00:00,1.6,91.81
2016-12-14 18:00:00,1.3,79.9
2016-12-14 19:00:00,1.1,78.62
2016-12-14 20:00:00,0.8,67.54
2016-12-14 21:00:00,1.1,47.94
2016-12-14 22:00:00,0.8,41.71
2016-12-14 23:00:00,1.0,35.57
2016-12-15 00:00:00,1.1,35.05
2016-12-15 01:00:00,0.8,33.31
2016-12-15 02:00:00,1.1,34.2
2016-12-15 03:00:00,1.2,33.51
2016-12-15 04:00:00,1.2,34.53
2016-12-15 05:00:00,1.0,35.61
2016-12-15 06:00:00,1.3,49.55
2016-12-15 07:00:00,0.6,67.91
2016-12-15 08:00:00,0.9,67.07
2016-12-15 09:00:00,0.8,62.27
2016-12-15 10:00:00,1.2,59.13
2016-12-15 11:00:00,1.9,57.69
2016-12-15 12:00:00,2.7,53.72
2016-12-15 13:00:00,2.8,54.95
2016-12-15 14:00:00,3.1,55.0
2016-12-15 15:00:00,2.7,60.24
2016-12-15 16:00:00,3.5,62.05
2016-12-15 17:00:00,2.6,70.03
2016-12-15 18:00:00,3.1,58.95
2016-12-15 19:00:00,2.8,54.65
2016-12-15 20:00:00,2.4,45.37
2016-12-15 21:00:00,3.1,40.0
2016-12-15 22:00:00,3.3,37.53
2016-12-15 23:00:00,3.0,33.98
2016-12-16 00:00:00,3.1,34.25
2016-12-16 01:00:00,2.8,33.29
2016-12-16 02:00:00,2.3,32.0
2016-12-16 03:00:00,2.5,31.92
2016-12-16 04:00:00,2.1,33.15
2016-12-16 05:00:00,2.3,35.51
2016-12-16 06:00:00,2.1,46.76
2016-12-16 07:00:00,2.4,58.99
2016-12-16 08:00:00,2.1,62.65
2016-12-16 09:00:00,2.0,59.99
2016-12-16 10:00:00,2.3,59.04
2016-12-16 11:00:00,3.5,59.56
2016-12-16 12:00:00,3.5,56.96
2016-12-16 13:00:00,3.2,57.98
2016-12-16 14:00:00,3.1,64.88
2016-12-16 15:00:00,2.7,65.1
2016-12-16 16:00:00,2.1,69.46
2016-12-16 17:00:00,1.2,80.99
2016-12-16 18:00:00,0.6,68.0
2016-12-16 19:00:00,0.6,71.71
2016-12-16 20:00:00,0.4,63.6
2016-12-16 21:00:00,1.7,48.09
2016-12-16 22:00:00,2.9,42.49
2016-12-16 23:00:00,1.5,37.06
2016-12-17 00:00:00,2.0,42.1
2016-12-17 01:00:00,2.3,39.44
2016-12-17 02:00:00,1.1,38.36
2016-12-17 03:00:00,1.4,38.28
2016-12-17 04:00:00,1.2,39.07
2016-12-17 05:00:00,1.6,39.01
2016-12-17 06:00:00,1.4,36.0
2016-12-17 07:00:00,1.5,39.01
2016-12-17 08:00:00,2.0,47.84
2016-12-17 09:00:00,2.1,54.97
2016-12-17 10:00:00,3.9,54.91
2016-12-17 11:00:00,4.1,54.35
2016-12-17 12:00:00,3.7,50.1
2016-12-17 13:00:00,3.5,47.65
2016-12-17 14:00:00,3.6,49.68
2016-12-17 15:00:00,3.4,50.68
2016-12-17 16:00:00,2.6,54.8
2016-12-17 17:00:00,2.6,61.01
2016-12-17 18:00:00,3.1,63.53
2016-12-17 19:00:00,3.4,54.98
2016-12-17 20:00:00,2.9,46.22
2016-12-17 21:00:00,2.4,40.93
2016-12-17 22:00:00,2.6,40.98
2016-12-17 23:00:00,1.9,39.1
2016-12-18 00:00:00,2.5,35.78
2016-12-18 01:00:00,3.0,35.23
2016-12-18 02:00:00,2.9,33.96
2016-12-18 03:00:00,4.0,34.32
2016-12-18 04:00:00,3.5,33.96
2016-12-18 05:00:00,4.2,33.93
2016-12-18 06:00:00,3.7,34.36
2016-12-18 07:00:00,4.0,38.37
2016-12-18 08:00:00,4.0,36.88
2016-12-18 09:00:00,5.5,44.72
2016-12-18 10:00:00,5.8,45.94
2016-12-18 11:00:00,5.2,52.29
2016-12-18 12:00:00,4.6,52.0
2016-12-18 13:00:00,4.0,49.78
2016-12-18 14:00:00,4.0,45.82
2016-12-18 15:00:00,2.4,47.43
2016-12-18 16:00:00,1.6,49.98
2016-12-18 17:00:00,1.5,54.92
2016-12-18 18:00:00,1.1,53.98
2016-12-18 19:00:00,1.2,50.13
2016-12-18 20:00:00,1.0,49.92
2016-12-18 21:00:00,1.0,45.73
2016-12-18 22:00:00,1.2,47.14
2016-12-18 23:00:00,1.4,42.06
2016-12-19 00:00:00,1.7,39.9
2016-12-19 01:00:00,2.0,39.08
2016-12-19 02:00:00,1.8,39.02
2016-12-19 03:00:00,1.3,38.56
2016-12-19 04:00:00,1.9,39.01
2016-12-19 05:00:00,2.0,39.05
2016-12-19 06:00:00,2.4,54.11
2016-12-19 07:00:00,2.2,66.7
2016-12-19 08:00:00,1.9,65.38
2016-12-19 09:00:00,2.2,75.1
2016-12-19 10:00:00,2.5,74.99
2016-12-19 11:00:00,1.8,72.19
2016-12-19 12:00:00,2.8,70.8
2016-12-19 13:00:00,2.7,71.48
2016-12-19 14:00:00,3.5,70.82
2016-12-19 15:00:00,3.8,72.99
2016-12-19 16:00:00,1.9,69.24
2016-12-19 17:00:00,1.5,79.46
2016-12-19 18:00:00,1.7,66.0
2016-12-19 19:00:00,1.6,67.0
2016-12-19 20:00:00,2.6,50.94
2016-12-19 21:00:00,2.2,40.16
2016-12-19 22:00:00,2.1,40.05
2016-12-19 23:00:00,1.8,35.74
2016-12-20 00:00:00,1.5,37.49
2016-12-20 01:00:00,1.8,37.06
2016-12-20 02:00:00,2.1,37.06
2016-12-20 03:00:00,2.1,34.96
2016-12-20 04:00:00,1.4,37.0
2016-12-20 05:00:00,2.5,38.14
2016-12-20 06:00:00,2.9,43.27
2016-12-20 07:00:00,3.4,55.94
2016-12-20 08:00:00,3.7,55.95
2016-12-20 09:00:00,3.1,58.13
2016-12-20 10:00:00,3.2,54.97
2016-12-20 11:00:00,3.1,58.92
2016-12-20 12:00:00,3.9,54.91
2016-12-20 13:00:00,4.2,58.53
2016-12-20 14:00:00,4.4,58.17
2016-12-20 15:00:00,3.9,54.97
2016-12-20 16:00:00,3.7,57.82
2016-12-20 17:00:00,3.7,66.33
2016-12-20 18:00:00,2.8,58.91
2016-12-20 19:00:00,3.8,55.09
2016-12-20 20:00:00,3.6,43.53
2016-12-20 21:00:00,3.1,39.27
2016-12-20 22:00:00,2.5,39.04
2016-12-20 23:00:00,2.0,36.34
2016-12-21 00:00:00,2.7,31.88
2016-12-21 01:00:00,1.4,31.35
2016-12-21 02:00:00,1.2,31.74
2016-12-21 03:00:00,1.8,31.35
2016-12-21 04:00:00,2.0,31.34
2016-12-21 05:00:00,2.9,31.34
2016-12-21 06:00:00,3.0,36.09
2016-12-21 07:00:00,1.7,46.97
2016-12-21 08:00:00,2.3,49.97
2016-12-21 09:00:00,3.9,46.27
2016-12-21 10:00:00,3.7,46.9
2016-12-21 11:00:00,3.1,43.96
2016-12-21 12:00:00,4.1,39.53
2016-12-21 13:00:00,3.6,39.38
2016-12-21 14:00:00,3.3,41.97
2016-12-21 15:00:00,3.5,47.95
2016-12-21 16:00:00,4.2,47.95
2016-12-21 17:00:00,3.6,48.95
2016-12-21 18:00:00,3.3,47.0
2016-12-21 19:00:00,2.9,44.62
2016-12-21 20:00:00,3.0,39.05
2016-12-21 21:00:00,3.5,37.22
2016-12-21 22:00:00,3.9,34.57
2016-12-21 23:00:00,3.6,33.94
2016-12-22 00:00:00,3.4,34.34
2016-12-22 01:00:00,3.1,32.72
2016-12-22 02:00:00,3.6,33.34
2016-12-22 03:00:00,4.2,34.42
2016-12-22 04:00:00,3.6,34.9
2016-12-22 05:00:00,3.5,36.03
2016-12-22 06:00:00,3.7,41.88
2016-12-22 07:00:00,4.0,51.84
2016-12-22 08:00:00,3.4,51.78
2016-12-22 09:00:00,3.2,50.99
2016-12-22 10:00:00,3.7,55.62
2016-12-22 11:00:00,4.2,54.26
2016-12-22 12:00:00,4.3,51.4
2016-12-22 13:00:00,4.2,50.94
2016-12-22 14:00:00,3.6,50.93
2016-12-22 15:00:00,3.5,51.97
2016-12-22 16:00:00,2.3,56.7
2016-12-22 17:00:00,2.3,54.46
2016-12-22 18:00:00,1.8,54.92
2016-12-22 19:00:00,2.0,51.0
2016-12-22 20:00:00,2.0,39.94
2016-12-22 21:00:00,2.1,37.66
2016-12-22 22:00:00,2.1,38.62
2016-12-22 23:00:00,2.2,34.95
2016-12-23 00:00:00,2.3,29.02
2016-12-23 01:00:00,2.3,29.58
2016-12-23 02:00:00,2.2,27.58
2016-12-23 03:00:00,2.8,26.78
2016-12-23 04:00:00,3.1,29.02
2016-12-23 05:00:00,3.2,30.0
2016-12-23 06:00:00,3.5,36.3
2016-12-23 07:00:00,4.3,45.91
2016-12-23 08:00:00,4.3,50.91
2016-12-23 09:00:00,5.8,51.15
2016-12-23 10:00:00,5.8,50.98
2016-12-23 11:00:00,6.2,48.89
2016-12-23 12:00:00,5.3,45.91
2016-12-23 13:00:00,3.3,45.12
2016-12-23 14:00:00,2.6,44.95
2016-12-23 15:00:00,2.0,44.96
2016-12-23 16:00:00,3.0,46.96
2016-12-23 17:00:00,2.4,48.39
2016-12-23 18:00:00,2.6,40.84
2016-12-23 19:00:00,2.6,38.15
2016-12-23 20:00:00,2.9,36.28
2016-12-23 21:00:00,2.9,33.0
2016-12-23 22:00:00,3.1,27.57
2016-12-23 23:00:00,3.7,7.82
2016-12-24 00:00:00,4.6,10.38
2016-12-24 01:00:00,4.7,3.71
2016-12-24 02:00:00,3.6,-7.62
2016-12-24 03:00:00,4.0,-2.57
2016-12-24 04:00:00,3.2,8.47
2016-12-24 05:00:00,3.0,8.59
2016-12-24 06:00:00,2.9,3.97
2016-12-24 07:00:00,3.1,8.69
2016-12-24 08:00:00,4.3,15.99
2016-12-24 09:00:00,3.8,20.36
2016-12-24 10:00:00,5.9,21.0
2016-12-24 11:00:00,6.7,20.02
2016-12-24 12:00:00,6.3,18.04
2016-12-24 13:00:00,6.8,15.3
2016-12-24 14:00:00,6.4,10.41
2016-12-24 15:00:00,7.1,10.51
2016-12-24 16:00:00,7.2,13.79
2016-12-24 17:00:00,7.7,13.69
2016-12-24 18:00:00,7.9,8.67
2016-12-24 19:00:00,7.9,2.16
2016-12-24 20:00:00,8.8,2.93
2016-12-24 21:00:00,8.9,0.11
2016-12-24 22:00:00,8.1,8.31
2016-12-24 23:00:00,8.1,-12.05
2016-12-25 00:00:00,9.3,-18.07
2016-12-25 01:00:00,9.6,-36.1
2016-12-25 02:00:00,9.9,-38.78
2016-12-25 03:00:00,10.4,-26.87
2016-12-25 04:00:00,10.4,-15.06
2016-12-25 05:00:00,10.7,-12.1
2016-12-25 06:00:00,7.8,-30.07
2016-12-25 07:00:00,7.5,-4.02
2016-12-25 08:00:00,7.4,0.1
2016-12-25 09:00:00,8.3,10.6
2016-12-25 10:00:00,7.1,13.49
2016-12-25 11:00:00,6.5,13.67
2016-12-25 12:00:00,7.6,8.76
2016-12-25 13:00:00,7.8,0.13
2016-12-25 14:00:00,7.3,-0.1
2016-12-25 15:00:00,7.0,0.08
2016-12-25 16:00:00,7.5,8.67
2016-12-25 17:00:00,7.4,13.63
2016-12-25 18:00:00,7.6,10.7
2016-12-25 19:00:00,7.4,8.98
2016-12-25 20:00:00,7.4,10.67
2016-12-25 21:00:00,5.6,9.94
2016-12-25 22:00:00,5.7,10.02
2016-12-25 23:00:00,6.8,-2.95
2016-12-26 00:00:00,6.8,0.04
2016-12-26 01:00:00,6.4,-9.92
2016-12-26 02:00:00,6.0,-14.9
2016-12-26 03:00:00,5.9,-16.09
2016-12-26 04:00:00,6.0,-15.05
2016-12-26 05:00:00,6.4,-51.49
2016-12-26 06:00:00,7.0,-67.07
2016-12-26 07:00:00,7.2,-67.09
2016-12-26 08:00:00,6.5,-54.2
2016-12-26 09:00:00,7.4,-3.08
2016-12-26 10:00:00,7.6,0.11
2016-12-26 11:00:00,7.5,5.87
2016-12-26 12:00:00,8.5,1.05
2016-12-26 13:00:00,7.8,-6.71
2016-12-26 14:00:00,9.0,-13.31
2016-12-26 15:00:00,6.8,-6.74
2016-12-26 16:00:00,6.0,-2.98
2016-12-26 17:00:00,7.9,8.78
2016-12-26 18:00:00,10.3,9.68
2016-12-26 19:00:00,10.1,10.69
2016-12-26 20:00:00,10.1,8.32
2016-12-26 21:00:00,10.0,-0.91
2016-12-26 22:00:00,9.8,4.39
2016-12-26 23:00:00,9.0,-13.34
2016-12-27 00:00:00,8.5,-13.0
2016-12-27 01:00:00,9.6,-24.92
2016-12-27 02:00:00,10.1,-49.98
2016-12-27 03:00:00,10.3,-53.62
2016-12-27 04:00:00,10.8,-50.19
2016-12-27 05:00:00,12.2,-23.36
2016-12-27 06:00:00,11.4,-12.15
2016-12-27 07:00:00,10.1,8.77
2016-12-27 08:00:00,9.9,13.7
2016-12-27 09:00:00,10.9,12.17
2016-12-27 10:00:00,9.9,10.63
2016-12-27 11:00:00,8.4,10.64
2016-12-27 12:00:00,10.8,10.68
2016-12-27 13:00:00,8.5,13.75
2016-12-27 14:00:00,7.8,13.76
2016-12-27 15:00:00,4.8,21.04
2016-12-27 16:00:00,5.1,29.58
2016-12-27 17:00:00,6.2,29.76
2016-12-27 18:00:00,5.8,29.69
2016-12-27 19:00:00,5.2,29.45
2016-12-27 20:00:00,5.1,31.91
2016-12-27 21:00:00,3.8,28.5
2016-12-27 22:00:00,4.2,27.01
2016-12-27 23:00:00,5.6,13.71
2016-12-28 00:00:00,4.9,21.8
2016-12-28 01:00:00,4.7,21.28
2016-12-28 02:00:00,4.3,22.1
2016-12-28 03:00:00,3.8,20.28
2016-12-28 04:00:00,4.4,23.01
2016-12-28 05:00:00,5.1,28.09
2016-12-28 06:00:00,5.1,30.0
2016-12-28 07:00:00,5.6,32.07
2016-12-28 08:00:00,4.2,40.06
2016-12-28 09:00:00,2.4,45.57
2016-12-28 10:00:00,3.2,45.46
2016-12-28 11:00:00,2.1,43.93
2016-12-28 12:00:00,2.6,44.4
2016-12-28 13:00:00,2.6,45.82
2016-12-28 14:00:00,3.2,50.77
2016-12-28 15:00:00,2.4,51.6
2016-12-28 16:00:00,2.3,55.2
2016-12-28 17:00:00,2.1,62.8
2016-12-28 18:00:00,2.1,63.7
2016-12-28 19:00:00,1.5,59.82
2016-12-28 20:00:00,1.9,49.95
2016-12-28 21:00:00,1.8,50.0
2016-12-28 22:00:00,2.0,45.64
2016-12-28 23:00:00,1.2,37.92
2016-12-29 00:00:00,0.9,42.28
2016-12-29 01:00:00,0.8,39.3
2016-12-29 02:00:00,0.7,36.83
2016-12-29 03:00:00,1.1,34.11
2016-12-29 04:00:00,0.7,34.99
2016-12-29 05:00:00,1.0,37.64
2016-12-29 06:00:00,1.7,41.05
2016-12-29 07:00:00,2.0,49.3
2016-12-29 08:00:00,1.1,53.38
2016-12-29 09:00:00,1.0,54.01
2016-12-29 10:00:00,1.0,51.14
2016-12-29 11:00:00,1.0,50.96
2016-12-29 12:00:00,0.8,47.09
2016-12-29 13:00:00,1.2,46.62
2016-12-29 14:00:00,1.2,49.6
2016-12-29 15:00:00,1.4,51.63
2016-12-29 16:00:00,1.8,54.43
2016-12-29 17:00:00,1.7,63.95
2016-12-29 18:00:00,1.8,57.2
2016-12-29 19:00:00,1.8,54.02
2016-12-29 20:00:00,1.8,47.98
2016-12-29 21:00:00,2.0,42.93
2016-12-29 22:00:00,1.6,38.04
2016-12-29 23:00:00,1.6,36.03
2016-12-30 00:00:00,1.9,36.01
2016-12-30 01:00:00,2.1,35.96
2016-12-30 02:00:00,2.4,32.06
2016-12-30 03:00:00,2.7,32.54
2016-12-30 04:00:00,2.4,33.09
2016-12-30 05:00:00,1.5,33.09
2016-12-30 06:00:00,1.1,33.94
2016-12-30 07:00:00,1.4,46.0
2016-12-30 08:00:00,2.5,49.96
2016-12-30 09:00:00,2.1,47.19
2016-12-30 10:00:00,2.6,43.0
2016-12-30 11:00:00,2.5,37.27
2016-12-30 12:00:00,2.8,36.3
2016-12-30 13:00:00,3.0,36.72
2016-12-30 14:00:00,3.0,47.19
2016-12-30 15:00:00,2.4,52.78
2016-12-30 16:00:00,2.2,54.99
2016-12-30 17:00:00,2.1,56.04
2016-12-30 18:00:00,0.6,52.92
2016-12-30 19:00:00,1.2,52.82
2016-12-30 20:00:00,1.1,43.32
2016-12-30 21:00:00,1.6,41.03
2016-12-30 22:00:00,1.2,40.55
2016-12-30 23:00:00,1.4,33.06
2016-12-31 00:00:00,1.7,36.1
2016-12-31 01:00:00,0.5,33.04
2016-12-31 02:00:00,1.9,29.9
2016-12-31 03:00:00,1.7,27.63
2016-12-31 04:00:00,2.0,27.52
2016-12-31 05:00:00,1.1,27.28
2016-12-31 06:00:00,1.0,21.43
2016-12-31 07:00:00,0.7,31.68
2016-12-31 08:00:00,1.1,35.02
2016-12-31 09:00:00,1.7,41.88
2016-12-31 10:00:00,1.5,39.94
2016-12-31 11:00:00,3.1,39.96
2016-12-31 12:00:00,4.1,38.86
2016-12-31 13:00:00,3.8,35.04
2016-12-31 14:00:00,3.9,37.5
2016-12-31 15:00:00,2.7,43.81
2016-12-31 16:00:00,2.3,49.76
2016-12-31 17:00:00,2.2,53.98
2016-12-31 18:00:00,0.9,49.76
2016-12-31 19:00:00,1.1,40.84
2016-12-31 20:00:00,2.5,35.05
2016-12-31 21:00:00,3.3,33.02
2016-12-31 22:00:00,1.7,33.71
2016-12-31 23:00:00,2.1,27.95
